player_id,tournament_id,finish_numeric,true_pos,top_ten,mid_band,sg_putt,sg_arg,sg_app,sg_ott,sg_t2g,sg_total,adj_pos
9261,401353224,32.0,32.0,0,0,0.2,-0.13,-0.08,0.86,0.65,0.85,0.4492753623188406
5548,401353224,18.0,18.0,0,1,0.36,0.75,0.31,0.18,1.24,1.6,0.2463768115942029
10906,401353224,26.0,26.0,0,1,2.05,0.74,-1.32,-0.12,-0.7,1.35,0.36231884057971014
10372,401353224,26.0,26.0,0,1,-0.96,-0.01,1.84,0.48,2.31,1.35,0.36231884057971014
388,401353224,67.0,67.0,0,0,-0.82,-1.79,2.0,-1.04,-0.83,-1.65,0.9565217391304348
9127,401353224,45.0,45.0,0,0,0.28,-0.02,-0.18,0.26,0.07,0.35,0.6376811594202898
10577,401353224,2.0,2.0,1,0,1.16,0.05,1.96,0.18,2.19,3.35,0.014492753623188406
1225,401353224,18.0,18.0,0,1,0.12,0.66,0.17,0.65,1.48,1.6,0.2463768115942029
1651,401353224,1.0,1.0,1,0,0.95,1.31,1.25,0.84,3.39,4.35,0.0
6011,401353224,32.0,32.0,0,0,1.94,0.43,-1.5,-0.03,-1.09,0.85,0.4492753623188406
1222,401353224,60.0,60.0,0,0,1.12,0.25,-1.1,-0.92,-1.77,-0.65,0.855072463768116
3596,401353224,10.0,10.0,1,0,0.2,-0.22,1.26,0.86,1.9,2.1,0.13043478260869565
4355673,401353224,69.0,69.0,0,0,-2.44,0.3,0.12,0.12,0.54,-1.9,0.9855072463768116
9126,401353224,13.0,13.0,0,1,-0.24,-0.47,2.03,0.53,2.09,1.85,0.17391304347826086
10863,401353224,53.0,53.0,0,0,0.19,-0.88,0.88,-0.6,-0.59,-0.4,0.7536231884057971
208,401353224,18.0,18.0,0,1,0.52,-0.36,1.03,0.4,1.08,1.6,0.2463768115942029
5724,401353224,67.0,67.0,0,0,-1.4,-0.98,0.53,0.19,-0.26,-1.65,0.9565217391304348
3449,401353224,53.0,53.0,0,0,-0.02,0.45,-1.28,0.45,-0.38,-0.4,0.7536231884057971
5532,401353224,64.0,64.0,0,0,0.88,-0.44,-0.8,-0.55,-1.78,-0.9,0.9130434782608695
6017,401353224,53.0,53.0,0,0,-0.36,0.21,0.79,-1.05,-0.04,-0.4,0.7536231884057971
9131,401353224,13.0,13.0,0,1,0.75,1.38,0.17,-0.49,1.01,1.76,0.17391304347826086
4645,401353224,48.0,48.0,0,0,-0.18,0.35,-0.67,0.59,0.28,0.1,0.6811594202898551
1264,401353224,53.0,53.0,0,0,-0.71,0.52,0.01,-0.22,0.31,-0.4,0.7536231884057971
4425906,401353224,60.0,60.0,0,0,-0.68,0.32,-1.18,0.89,0.03,-0.65,0.855072463768116
9025,401353224,5.0,5.0,1,0,1.65,-0.5,1.34,0.1,0.95,2.6,0.057971014492753624
11456,401353224,60.0,60.0,0,0,-0.6,-1.17,0.41,0.71,-0.05,-0.65,0.855072463768116
5574,401353224,48.0,48.0,0,0,0.09,-0.8,1.05,-0.24,0.01,0.1,0.6811594202898551
6701,401353224,37.0,37.0,0,0,0.46,0.27,0.31,-0.43,0.14,0.6,0.5217391304347826
10054,401353224,5.0,5.0,1,0,1.21,1.76,0.53,-0.71,1.55,2.76,0.057971014492753624
10058,401353224,13.0,13.0,0,1,0.73,0.12,1.28,-0.29,1.12,1.85,0.17391304347826086
5882,401353224,32.0,32.0,0,0,-0.48,1.04,-1.0,1.28,1.32,0.85,0.4492753623188406
1483,401353224,26.0,26.0,0,1,0.59,0.7,0.57,-0.51,0.76,1.35,0.36231884057971014
11393,401353224,18.0,18.0,0,1,0.81,-0.99,1.68,0.1,0.79,1.6,0.2463768115942029
6196,401353224,32.0,32.0,0,0,0.26,0.36,-0.2,0.42,0.59,0.85,0.4492753623188406
1680,401353224,31.0,31.0,0,0,1.04,0.81,-0.87,0.13,0.06,1.1,0.43478260869565216
11099,401353224,3.0,3.0,1,0,0.67,-0.57,1.58,1.18,2.18,2.85,0.028985507246376812
10505,401353224,37.0,37.0,0,0,0.7,-0.42,0.61,-0.3,-0.1,0.6,0.5217391304347826
9780,401353224,10.0,10.0,1,0,1.4,0.48,0.72,-0.51,0.7,2.1,0.13043478260869565
5467,401353224,18.0,18.0,0,1,1.26,0.64,-0.67,0.37,0.34,1.6,0.2463768115942029
1030,401353224,37.0,37.0,0,0,-0.28,0.11,0.46,0.3,0.88,0.6,0.5217391304347826
4513,401353224,37.0,37.0,0,0,0.85,-0.52,0.07,0.2,-0.25,0.6,0.5217391304347826
10363,401353224,64.0,64.0,0,0,-0.94,0.61,-0.61,0.05,0.04,-0.9,0.9130434782608695
7083,401353224,53.0,53.0,0,0,-1.06,0.1,0.75,-0.19,0.66,-0.4,0.7536231884057971
8906,401353224,18.0,18.0,0,1,0.65,0.61,-0.19,0.52,0.95,1.6,0.2463768115942029
676,401353224,60.0,60.0,0,0,0.1,-0.41,-0.64,0.29,-0.76,-0.65,0.855072463768116
5962,401353224,51.0,51.0,0,0,-0.02,0.64,0.1,-0.87,-0.13,-0.15,0.7246376811594203
10343,401353224,48.0,48.0,0,0,0.67,0.87,-1.14,-0.3,-0.57,0.1,0.6811594202898551
1059,401353224,26.0,26.0,0,1,0.68,0.52,0.31,-0.17,0.67,1.35,0.36231884057971014
8973,401353224,5.0,5.0,1,0,1.09,0.67,0.73,0.11,1.51,2.6,0.057971014492753624
6931,401353224,37.0,37.0,0,0,0.34,0.87,0.46,-1.07,0.26,0.6,0.5217391304347826
257,401353224,45.0,45.0,0,0,0.86,0.34,-0.35,-0.51,-0.51,0.35,0.6376811594202898
2571,401353224,37.0,37.0,0,0,-0.44,0.61,0.46,-0.03,1.04,0.6,0.5217391304347826
6954,401353224,37.0,37.0,0,0,0.1,-0.24,0.63,0.11,0.5,0.6,0.5217391304347826
9931,401353224,13.0,13.0,0,1,-0.53,0.42,1.12,0.84,2.38,1.85,0.17391304347826086
6007,401353224,3.0,3.0,1,0,1.09,0.26,0.79,0.7,1.76,2.85,0.028985507246376812
707,401353224,26.0,26.0,0,1,0.3,0.8,0.69,-0.45,1.05,1.35,0.36231884057971014
5579,401353224,53.0,53.0,0,0,-0.48,0.85,-0.64,-0.13,0.08,-0.4,0.7536231884057971
3702,401353224,64.0,64.0,0,0,-0.8,-0.28,0.01,0.16,-0.1,-0.9,0.9130434782608695
809,401353224,70.0,70.0,0,0,-0.73,-0.61,-0.54,-0.78,-1.92,-2.65,1.0
11382,401353224,10.0,10.0,1,0,0.38,0.15,0.91,0.66,1.72,2.1,0.13043478260869565
7081,401353224,13.0,13.0,0,1,0.35,0.94,0.1,0.46,1.49,1.85,0.17391304347826086
4587,401353224,32.0,32.0,0,0,0.18,0.5,0.32,-0.15,0.67,0.85,0.4492753623188406
8961,401353224,45.0,45.0,0,0,0.81,-0.52,0.0,0.06,-0.46,0.35,0.6376811594202898
10980,401353224,5.0,5.0,1,0,0.06,0.4,1.48,0.65,2.54,2.6,0.057971014492753624
3970,401353224,53.0,53.0,0,0,0.0,0.17,-0.55,-0.03,-0.4,-0.4,0.7536231884057971
4364873,401353224,51.0,51.0,0,0,1.46,-1.49,-0.22,0.1,-1.61,-0.15,0.7246376811594203
11119,401353224,37.0,37.0,0,0,0.03,1.07,0.04,-0.54,0.57,0.6,0.5217391304347826
9877,401353224,5.0,5.0,1,0,0.37,-0.13,1.19,1.16,2.23,2.6,0.057971014492753624
10140,401353224,18.0,18.0,0,1,-0.35,0.7,1.88,-0.63,1.95,1.6,0.2463768115942029
9261,401353226,9.0,9.0,1,0,0.97,-0.22,1.15,0.68,1.61,2.58,0.1038961038961039
5548,401353226,71.0,71.0,0,0,-0.01,0.4,-0.08,-0.98,-0.66,-0.67,0.9090909090909091
10372,401353226,41.0,41.0,0,0,1.15,-0.4,0.66,-0.34,-0.07,1.08,0.5194805194805194
10577,401353226,23.0,23.0,0,1,1.22,-0.17,0.8,-0.02,0.61,1.83,0.2857142857142857
1225,401353226,34.0,34.0,0,0,0.04,0.55,1.27,-0.53,1.29,1.33,0.42857142857142855
1651,401353226,68.0,68.0,0,0,0.01,0.86,-0.62,-0.42,-0.18,-0.17,0.8701298701298701
6011,401353226,69.0,69.0,0,0,0.96,-0.71,-0.83,0.15,-1.39,-0.42,0.8831168831168831
6798,401353226,55.0,55.0,0,0,1.33,-0.22,-0.53,-0.25,-1.0,0.33,0.7012987012987013
3596,401353226,9.0,9.0,1,0,-0.06,0.29,1.85,0.49,2.64,2.58,0.1038961038961039
780,401353226,30.0,30.0,0,1,-0.34,0.29,1.24,0.39,1.91,1.58,0.37662337662337664
4317,401353226,30.0,30.0,0,1,-0.15,0.35,1.12,0.26,1.73,1.58,0.37662337662337664
10863,401353226,48.0,48.0,0,0,0.43,0.52,0.12,-0.24,0.4,0.83,0.6103896103896104
3449,401353226,5.0,5.0,1,0,0.39,1.25,1.01,0.42,2.69,3.08,0.05194805194805195
10592,401353226,55.0,55.0,0,0,-0.61,0.31,0.27,0.37,0.94,0.33,0.7012987012987013
1097,401353226,60.0,60.0,0,0,0.77,0.0,-0.38,-0.31,-0.69,0.08,0.7662337662337663
9131,401353226,13.0,13.0,0,1,-0.94,0.16,2.42,0.7,3.27,2.33,0.15584415584415584
4645,401353226,41.0,41.0,0,0,0.92,-0.26,0.03,0.38,0.15,1.08,0.5194805194805194
4425906,401353226,3.0,3.0,1,0,0.53,0.39,0.65,1.75,2.8,3.33,0.025974025974025976
10054,401353226,48.0,48.0,0,0,1.28,0.27,0.01,-0.73,-0.46,0.83,0.6103896103896104
10058,401353226,13.0,13.0,0,1,-0.07,-0.47,1.61,1.26,2.4,2.33,0.15584415584415584
1483,401353226,55.0,55.0,0,0,-0.08,1.25,0.01,-0.84,0.41,0.33,0.7012987012987013
3550,401353226,34.0,34.0,0,0,0.87,-0.51,0.63,0.34,0.46,1.33,0.42857142857142855
5860,401353226,60.0,60.0,0,0,-0.04,0.14,-0.21,0.18,0.11,0.08,0.7662337662337663
6991,401353226,48.0,48.0,0,0,-1.27,1.22,0.97,-0.09,2.1,0.83,0.6103896103896104
1680,401353226,55.0,55.0,0,0,0.6,0.54,-0.93,0.13,-0.27,0.33,0.7012987012987013
5825,401353226,71.0,71.0,0,0,0.04,-0.5,0.49,-0.71,-0.72,-0.67,0.9090909090909091
3317,401353226,60.0,60.0,0,0,0.24,0.39,-1.03,0.49,-0.16,0.08,0.7662337662337663
11099,401353226,23.0,23.0,0,1,0.52,0.83,-0.35,0.84,1.31,1.83,0.2857142857142857
9780,401353226,48.0,48.0,0,0,-0.04,-0.63,-0.34,1.83,0.86,0.83,0.6103896103896104
569,401353226,13.0,13.0,0,1,1.06,0.2,1.29,-0.22,1.27,2.33,0.15584415584415584
5467,401353226,34.0,34.0,0,0,-0.81,0.39,0.99,0.76,2.14,1.33,0.42857142857142855
4848,401353226,1.0,1.0,1,0,1.58,0.81,0.53,0.66,2.0,3.58,0.0
4513,401353226,48.0,48.0,0,0,-0.35,0.31,0.14,0.74,1.18,0.83,0.6103896103896104
10363,401353226,69.0,69.0,0,0,0.01,-0.82,0.24,0.15,-0.43,-0.42,0.8831168831168831
7083,401353226,41.0,41.0,0,0,0.62,0.02,-0.03,0.47,0.46,1.08,0.5194805194805194
8906,401353226,34.0,34.0,0,0,0.43,-0.72,0.1,1.52,0.9,1.33,0.42857142857142855
318,401353226,23.0,23.0,0,1,0.88,1.13,0.8,-0.98,0.95,1.83,0.2857142857142857
1077,401353226,41.0,41.0,0,0,0.61,0.41,-0.2,0.26,0.47,1.08,0.5194805194805194
676,401353226,23.0,23.0,0,1,-0.28,-0.04,1.95,0.2,2.11,1.83,0.2857142857142857
5962,401353226,60.0,60.0,0,0,1.18,-0.54,-0.2,-0.36,-1.1,0.08,0.7662337662337663
10343,401353226,13.0,13.0,0,1,2.19,0.22,-0.23,0.14,0.14,2.33,0.15584415584415584
1059,401353226,41.0,41.0,0,0,0.74,-0.78,-0.67,1.79,0.34,1.08,0.5194805194805194
1293,401353226,60.0,60.0,0,0,-0.1,0.29,-0.05,-0.07,0.17,0.08,0.7662337662337663
9037,401353226,5.0,5.0,1,0,1.25,1.17,0.18,0.48,1.83,3.08,0.05194805194805195
8973,401353226,13.0,13.0,0,1,0.48,-0.07,1.73,0.18,1.85,2.33,0.15584415584415584
257,401353226,34.0,34.0,0,0,0.01,1.55,-0.24,0.01,1.32,1.33,0.42857142857142855
3351,401353226,34.0,34.0,0,0,0.88,-0.03,-0.21,0.7,0.45,1.33,0.42857142857142855
9530,401353226,75.0,75.0,0,0,0.72,-0.85,-0.65,-0.65,-2.14,-1.42,0.961038961038961
9931,401353226,3.0,3.0,1,0,1.37,0.21,1.52,0.22,1.96,3.33,0.025974025974025976
3980,401353226,75.0,75.0,0,0,0.7,-0.53,-0.54,-1.06,-2.12,-1.42,0.961038961038961
5579,401353226,34.0,34.0,0,0,0.08,0.64,1.29,-0.68,1.25,1.33,0.42857142857142855
3702,401353226,23.0,23.0,0,1,-0.46,1.42,0.4,0.47,2.28,1.83,0.2857142857142857
4251,401353226,54.0,54.0,0,0,-0.16,-0.7,1.42,0.03,0.74,0.58,0.6883116883116883
5409,401353226,60.0,60.0,0,0,-0.17,0.64,-0.07,-0.33,0.24,0.08,0.7662337662337663
4350033,401353226,60.0,60.0,0,0,0.9,-0.04,-0.45,-0.33,-0.82,0.08,0.7662337662337663
9938,401353226,20.0,20.0,0,1,1.28,-0.53,1.03,0.3,0.8,2.08,0.24675324675324675
78,401353226,23.0,23.0,0,1,0.28,-0.24,0.53,1.26,1.54,1.83,0.2857142857142857
7081,401353226,60.0,60.0,0,0,-1.41,0.92,1.27,-0.7,1.49,0.08,0.7662337662337663
4587,401353226,23.0,23.0,0,1,0.74,0.38,-0.1,0.8,1.08,1.83,0.2857142857142857
10404,401353226,55.0,55.0,0,0,-0.66,0.36,0.79,-0.16,0.99,0.33,0.7012987012987013
5057,401353226,71.0,71.0,0,0,-0.24,-0.45,0.32,-0.3,-0.43,-0.67,0.9090909090909091
6001,401353226,9.0,9.0,1,0,0.38,0.92,0.87,0.41,2.2,2.58,0.1038961038961039
8961,401353226,78.0,78.0,0,0,-0.74,-0.16,-1.02,-0.25,-1.43,-2.17,1.0
2230,401353226,30.0,30.0,0,1,0.17,0.55,0.55,0.31,1.41,1.58,0.37662337662337664
5539,401353226,5.0,5.0,1,0,0.91,0.66,1.18,0.33,2.17,3.08,0.05194805194805195
9513,401353226,20.0,20.0,0,1,0.07,0.73,0.79,0.49,2.01,2.08,0.24675324675324675
5553,401353226,13.0,13.0,0,1,0.88,0.41,0.9,0.14,1.45,2.33,0.15584415584415584
6086,401353226,9.0,9.0,1,0,1.16,0.3,1.96,-0.84,1.42,2.58,0.1038961038961039
3970,401353226,41.0,41.0,0,0,0.02,1.7,-0.4,-0.24,1.06,1.08,0.5194805194805194
9031,401353226,71.0,71.0,0,0,-0.2,-0.4,0.12,-0.19,-0.47,-0.67,0.9090909090909091
4364873,401353226,41.0,41.0,0,0,-0.05,0.1,0.67,0.36,1.12,1.08,0.5194805194805194
1614,401353226,20.0,20.0,0,1,0.51,0.38,0.65,0.54,1.56,2.08,0.24675324675324675
9877,401353226,2.0,2.0,1,0,1.16,0.63,1.28,0.5,2.41,3.58,0.012987012987012988
10140,401353226,13.0,13.0,0,1,0.36,0.15,0.99,0.82,1.97,2.33,0.15584415584415584
3832,401353227,12.0,12.0,0,1,0.63,0.14,0.57,0.69,1.41,2.03,0.13414634146341464
10906,401353227,46.0,46.0,0,0,0.49,-0.43,0.49,-0.02,0.04,0.53,0.5487804878048781
10372,401353227,79.0,79.0,0,0,0.08,-0.58,-0.59,-0.13,-1.3,-1.22,0.9512195121951219
388,401353227,32.0,32.0,0,0,0.23,0.26,-0.12,0.66,0.8,1.03,0.3780487804878049
9127,401353227,69.0,69.0,0,0,0.15,0.28,-0.14,-0.76,-0.62,-0.47,0.8292682926829268
10577,401353227,51.0,51.0,0,0,-0.88,0.34,0.62,0.21,1.16,0.28,0.6097560975609756
2283,401353227,15.0,15.0,0,1,1.8,0.74,-0.58,-0.17,-0.01,1.78,0.17073170731707318
4383,401353227,38.0,38.0,0,0,-0.11,0.73,0.05,0.12,0.9,0.78,0.45121951219512196
774,401353227,65.0,65.0,0,0,0.91,0.55,-0.68,-0.99,-1.12,-0.22,0.7804878048780488
6011,401353227,17.0,17.0,0,1,1.26,0.37,-0.67,0.58,0.28,1.53,0.1951219512195122
4355673,401353227,51.0,51.0,0,0,1.0,0.5,-1.06,-0.15,-0.72,0.28,0.6097560975609756
9243,401353227,12.0,12.0,0,1,2.03,-0.11,0.48,-0.37,0.0,2.03,0.13414634146341464
11098,401353227,38.0,38.0,0,0,-0.66,-0.71,0.96,1.19,1.44,0.78,0.45121951219512196
5704,401353227,69.0,69.0,0,0,-0.21,0.3,0.43,-0.98,-0.25,-0.47,0.8292682926829268
5532,401353227,38.0,38.0,0,0,-0.19,-0.03,1.03,-0.02,0.98,0.78,0.45121951219512196
1097,401353227,8.0,8.0,1,0,-0.08,1.12,0.7,0.8,2.61,2.53,0.08536585365853659
5167,401353227,69.0,69.0,0,0,0.14,-0.2,-0.38,-0.02,-0.61,-0.47,0.8292682926829268
3448,401353227,59.0,59.0,0,0,-0.92,-0.07,0.69,0.33,0.95,0.03,0.7073170731707317
6701,401353227,25.0,25.0,0,1,0.34,0.43,-0.06,0.58,0.94,1.28,0.2926829268292683
10058,401353227,9.0,9.0,1,0,0.77,0.19,0.92,0.4,1.51,2.28,0.0975609756097561
5882,401353227,46.0,46.0,0,0,0.53,0.2,0.01,-0.22,0.0,0.53,0.5487804878048781
1483,401353227,17.0,17.0,0,1,0.5,-0.49,0.95,0.57,1.03,1.53,0.1951219512195122
5860,401353227,3.0,3.0,1,0,0.42,-0.17,2.35,0.43,2.61,3.03,0.024390243902439025
619,401353227,59.0,59.0,0,0,1.27,0.1,-0.81,-0.53,-1.24,0.03,0.7073170731707317
5902,401353227,51.0,51.0,0,0,-0.28,0.86,-0.26,-0.04,0.56,0.28,0.6097560975609756
1680,401353227,51.0,51.0,0,0,0.96,0.38,-1.04,-0.01,-0.68,0.28,0.6097560975609756
5025,401353227,9.0,9.0,1,0,-0.64,-0.3,2.13,1.1,2.92,2.28,0.0975609756097561
4602673,401353227,17.0,17.0,0,1,-0.19,0.31,1.42,-0.01,1.72,1.53,0.1951219512195122
3317,401353227,17.0,17.0,0,1,0.25,-0.25,0.56,0.98,1.29,1.53,0.1951219512195122
11099,401353227,25.0,25.0,0,1,0.53,0.31,-0.61,1.05,0.76,1.28,0.2926829268292683
10166,401353227,38.0,38.0,0,0,-0.32,0.12,0.82,0.16,1.1,0.78,0.45121951219512196
5467,401353227,2.0,2.0,1,0,0.36,0.41,1.57,0.95,2.92,3.28,0.012195121951219513
4848,401353227,5.0,5.0,1,0,0.83,0.93,0.73,0.29,1.95,2.78,0.04878048780487805
1030,401353227,59.0,59.0,0,0,-0.64,0.3,-0.4,0.77,0.68,0.03,0.7073170731707317
5771,401353227,76.0,76.0,0,0,0.49,-0.64,-0.46,-0.36,-1.46,-0.97,0.9146341463414634
7083,401353227,1.0,1.0,1,0,0.97,0.68,1.31,0.57,2.56,3.53,0.0
8906,401353227,76.0,76.0,0,0,-0.1,0.43,-1.15,-0.15,-0.87,-0.97,0.9146341463414634
5962,401353227,51.0,51.0,0,0,0.23,-0.47,-0.03,0.56,0.05,0.28,0.6097560975609756
4859,401353227,73.0,73.0,0,0,-0.1,0.6,-1.33,0.12,-0.62,-0.72,0.8780487804878049
9143,401353227,32.0,32.0,0,0,0.07,-0.27,1.61,-0.38,0.96,1.03,0.3780487804878049
257,401353227,12.0,12.0,0,1,1.02,0.02,0.99,0.01,1.01,2.03,0.13414634146341464
3351,401353227,51.0,51.0,0,0,0.48,-0.15,0.42,-0.47,-0.2,0.28,0.6097560975609756
9530,401353227,32.0,32.0,0,0,0.85,0.34,-0.1,-0.06,0.18,1.03,0.3780487804878049
6954,401353227,51.0,51.0,0,0,-0.7,0.19,-0.15,0.94,0.99,0.28,0.6097560975609756
9931,401353227,17.0,17.0,0,1,-0.72,0.14,1.07,1.05,2.25,1.53,0.1951219512195122
5729,401353227,59.0,59.0,0,0,0.86,0.1,-0.52,-0.4,-0.83,0.03,0.7073170731707317
3688,401353227,25.0,25.0,0,1,2.47,-0.29,-0.25,-0.64,-1.18,1.28,0.2926829268292683
6151,401353227,76.0,76.0,0,0,-0.06,-0.05,-0.51,-0.34,-0.9,-0.97,0.9146341463414634
1600,401353227,17.0,17.0,0,1,0.16,0.52,0.66,0.2,1.38,1.53,0.1951219512195122
10831,401353227,65.0,65.0,0,0,-0.16,-0.99,0.41,0.52,-0.06,-0.22,0.7804878048780488
3980,401353227,83.0,83.0,0,0,-0.95,-0.34,-0.25,-0.42,-1.02,-1.97,1.0
5692,401353227,9.0,9.0,1,0,1.88,-0.02,0.47,-0.04,0.41,2.28,0.0975609756097561
707,401353227,38.0,38.0,0,0,-0.31,0.71,0.44,-0.06,1.09,0.78,0.45121951219512196
6825,401353227,32.0,32.0,0,0,0.57,-0.47,0.16,0.78,0.47,1.03,0.3780487804878049
1674,401353227,65.0,65.0,0,0,0.24,-0.42,-0.24,0.2,-0.46,-0.22,0.7804878048780488
962,401353227,5.0,5.0,1,0,1.11,0.1,0.57,1.0,1.68,2.78,0.04878048780487805
377,401353227,25.0,25.0,0,1,-0.58,0.79,1.1,-0.02,1.87,1.28,0.2926829268292683
6937,401353227,38.0,38.0,0,0,-0.79,0.6,1.15,-0.18,1.57,0.78,0.45121951219512196
10404,401353227,3.0,3.0,1,0,1.02,0.1,1.39,0.53,2.02,3.03,0.024390243902439025
6001,401353227,17.0,17.0,0,1,1.27,0.58,-0.22,-0.09,0.27,1.53,0.1951219512195122
10932,401353227,69.0,69.0,0,0,0.85,-0.87,-0.99,0.54,-1.32,-0.47,0.8292682926829268
9478,401353227,15.0,15.0,0,1,-0.4,0.49,1.41,0.29,2.18,1.78,0.17073170731707318
3378,401353227,25.0,25.0,0,1,0.61,-0.49,1.12,0.04,0.67,1.28,0.2926829268292683
8961,401353227,73.0,73.0,0,0,-0.17,0.18,-0.79,0.07,-0.55,-0.72,0.8780487804878049
10980,401353227,79.0,79.0,0,0,-1.46,0.66,-0.12,-0.3,0.24,-1.22,0.9512195121951219
9569,401353227,59.0,59.0,0,0,-0.64,-0.47,1.21,-0.08,0.67,0.03,0.7073170731707317
5539,401353227,59.0,59.0,0,0,-0.73,-0.66,0.52,0.91,0.77,0.03,0.7073170731707317
6086,401353227,17.0,17.0,0,1,0.21,1.0,0.5,-0.19,1.32,1.53,0.1951219512195122
10664,401353227,32.0,32.0,0,0,-0.48,0.49,0.33,0.7,1.52,1.03,0.3780487804878049
9626,401353227,32.0,32.0,0,0,-0.28,0.02,0.86,0.43,1.32,1.03,0.3780487804878049
1185,401353227,73.0,73.0,0,0,-0.17,-0.62,0.76,-0.68,-0.54,-0.72,0.8780487804878049
4408315,401353227,25.0,25.0,0,1,0.65,0.82,-0.02,-0.16,0.63,1.28,0.2926829268292683
10360,401353227,65.0,65.0,0,0,0.49,0.0,0.41,-1.11,-0.7,-0.22,0.7804878048780488
10140,401353227,5.0,5.0,1,0,0.33,0.61,1.16,0.68,2.45,2.78,0.04878048780487805
9261,401353228,56.0,56.0,0,0,-0.23,-0.29,-0.44,0.46,-0.27,-0.49,0.873015873015873
4989,401353228,6.0,6.0,1,0,0.69,0.72,0.37,0.72,1.81,2.51,0.07936507936507936
10372,401353228,9.0,9.0,1,0,0.53,0.46,0.95,0.32,1.74,2.26,0.12698412698412698
1225,401353228,9.0,9.0,1,0,0.05,0.21,1.25,0.75,2.21,2.26,0.12698412698412698
4638,401353228,51.0,51.0,0,0,-0.13,-0.25,-1.05,1.19,-0.11,-0.24,0.7936507936507936
3596,401353228,51.0,51.0,0,0,-0.57,-0.78,0.71,0.4,0.33,-0.24,0.7936507936507936
9126,401353228,21.0,21.0,0,1,0.6,0.06,-0.19,1.3,1.16,1.76,0.31746031746031744
6017,401353228,15.0,15.0,0,1,0.25,0.05,0.85,0.86,1.76,2.01,0.2222222222222222
769,401353228,15.0,15.0,0,1,0.2,1.03,0.96,-0.19,1.81,2.01,0.2222222222222222
8975,401353228,46.0,46.0,0,0,-0.69,0.31,0.68,-0.04,0.95,0.26,0.7142857142857143
1264,401353228,56.0,56.0,0,0,-0.89,-0.15,1.24,-0.69,0.4,-0.49,0.873015873015873
4425906,401353228,2.0,2.0,1,0,-0.58,0.78,1.54,1.52,3.84,3.26,0.015873015873015872
5167,401353228,46.0,46.0,0,0,-1.01,0.33,0.41,0.53,1.27,0.26,0.7142857142857143
5574,401353228,46.0,46.0,0,0,1.22,0.47,-0.9,-0.53,-0.96,0.26,0.7142857142857143
10054,401353228,25.0,25.0,0,1,1.64,0.68,-0.71,-0.1,-0.13,1.51,0.38095238095238093
4423323,401353228,62.0,62.0,0,0,0.02,-0.83,-0.91,0.23,-1.51,-1.49,0.9682539682539683
11387,401353228,41.0,41.0,0,0,0.47,0.03,0.59,-0.58,0.04,0.51,0.6349206349206349
5573,401353228,59.0,59.0,0,0,-0.38,1.09,-0.68,-0.76,-0.36,-0.74,0.9206349206349206
6196,401353228,51.0,51.0,0,0,-0.77,-0.41,1.25,-0.32,0.53,-0.24,0.7936507936507936
1680,401353228,15.0,15.0,0,1,-0.31,0.7,1.59,0.02,2.32,2.01,0.2222222222222222
5025,401353228,9.0,9.0,1,0,1.96,0.33,-0.22,0.19,0.3,2.26,0.12698412698412698
10505,401353228,9.0,9.0,1,0,0.09,0.7,0.75,0.72,2.17,2.26,0.12698412698412698
1030,401353228,15.0,15.0,0,1,0.61,0.33,2.51,-1.45,1.4,2.01,0.2222222222222222
4513,401353228,2.0,2.0,1,0,2.44,-0.59,0.25,1.17,0.82,3.26,0.015873015873015872
3857,401353228,62.0,62.0,0,0,0.17,-0.35,-0.9,-0.41,-1.66,-1.49,0.9682539682539683
10364,401353228,15.0,15.0,0,1,-0.56,-0.17,2.09,0.65,2.57,2.01,0.2222222222222222
6689,401353228,49.0,49.0,0,0,-0.18,0.74,-0.85,0.31,0.19,0.01,0.7619047619047619
7083,401353228,25.0,25.0,0,1,1.35,-0.39,0.55,0.0,0.16,1.51,0.38095238095238093
601,401353228,25.0,25.0,0,1,0.09,0.55,1.83,-0.97,1.42,1.51,0.38095238095238093
5962,401353228,6.0,6.0,1,0,0.27,-0.2,1.4,1.03,2.23,2.51,0.07936507936507936
1059,401353228,31.0,31.0,0,0,-0.54,-0.3,1.09,1.01,1.8,1.26,0.47619047619047616
9037,401353228,2.0,2.0,1,0,1.78,0.15,0.12,1.21,1.48,3.26,0.015873015873015872
4859,401353228,37.0,37.0,0,0,-0.39,0.53,-0.03,0.65,1.15,0.76,0.5714285714285714
8973,401353228,1.0,1.0,1,0,2.1,-0.87,1.06,1.47,1.66,3.76,0.0
6931,401353228,9.0,9.0,1,0,0.56,-0.04,1.08,0.65,1.7,2.26,0.12698412698412698
257,401353228,49.0,49.0,0,0,-0.3,0.58,0.4,-0.68,0.31,0.01,0.7619047619047619
2571,401353228,61.0,61.0,0,0,-0.61,-0.03,-0.59,0.24,-0.38,-0.99,0.9523809523809523
6954,401353228,31.0,31.0,0,0,-0.06,0.67,0.63,0.01,1.32,1.26,0.47619047619047616
3688,401353228,64.0,64.0,0,0,-1.18,-0.86,0.49,-0.43,-0.81,-1.99,1.0
4412121,401353228,25.0,25.0,0,1,0.5,0.52,0.66,-0.17,1.01,1.51,0.38095238095238093
3792,401353228,15.0,15.0,0,1,0.15,0.37,1.09,0.41,1.86,2.01,0.2222222222222222
10831,401353228,51.0,51.0,0,0,-0.53,-1.19,0.61,0.87,0.29,-0.24,0.7936507936507936
5692,401353228,51.0,51.0,0,0,0.68,0.31,-0.63,-0.6,-0.92,-0.24,0.7936507936507936
1750,401353228,25.0,25.0,0,1,0.75,1.12,-0.72,0.36,0.76,1.51,0.38095238095238093
3702,401353228,21.0,21.0,0,1,1.08,0.43,0.63,-0.38,0.68,1.76,0.31746031746031744
5409,401353228,41.0,41.0,0,0,-0.69,-0.19,0.92,0.46,1.2,0.51,0.6349206349206349
4483,401353228,35.0,35.0,0,0,0.21,-0.43,0.75,0.48,0.8,1.01,0.5396825396825397
377,401353228,41.0,41.0,0,0,0.84,0.72,-0.98,-0.07,-0.33,0.51,0.6349206349206349
78,401353228,9.0,9.0,1,0,0.9,-0.54,1.39,0.51,1.36,2.26,0.12698412698412698
158,401353228,21.0,21.0,0,1,-0.29,0.78,0.91,0.36,2.05,1.76,0.31746031746031744
6937,401353228,6.0,6.0,1,0,0.0,1.16,1.23,0.12,2.51,2.51,0.07936507936507936
7081,401353228,37.0,37.0,0,0,-0.22,0.55,0.11,0.32,0.98,0.76,0.5714285714285714
1037,401353228,37.0,37.0,0,0,0.32,0.47,-0.15,0.12,0.44,0.76,0.5714285714285714
2230,401353228,41.0,41.0,0,0,0.17,0.77,-1.94,1.51,0.34,0.51,0.6349206349206349
5553,401353228,37.0,37.0,0,0,0.38,-0.01,-0.35,0.74,0.38,0.76,0.5714285714285714
3970,401353228,35.0,35.0,0,0,1.68,-0.38,-1.04,0.74,-0.67,1.01,0.5396825396825397
10664,401353228,64.0,64.0,0,0,-2.07,0.22,-0.45,0.31,0.08,-1.99,1.0
9261,401353229,42.0,42.0,0,0,1.43,-1.82,0.28,0.81,-0.74,0.69,0.5774647887323944
4989,401353229,15.0,15.0,0,1,0.52,0.87,-0.16,0.46,1.18,1.69,0.19718309859154928
6015,401353229,15.0,15.0,0,1,0.49,0.6,-0.02,0.62,1.2,1.69,0.19718309859154928
10481,401353229,42.0,42.0,0,0,1.38,0.15,-0.36,-0.47,-0.69,0.69,0.5774647887323944
10906,401353229,24.0,24.0,0,1,-0.13,0.73,0.02,0.82,1.57,1.44,0.323943661971831
9484,401353229,6.0,6.0,1,0,0.61,-0.43,1.26,1.26,2.09,2.69,0.07042253521126761
10577,401353229,6.0,6.0,1,0,0.11,0.56,1.94,0.08,2.58,2.69,0.07042253521126761
2283,401353229,33.0,33.0,0,0,-0.7,0.41,0.55,0.67,1.64,0.94,0.4507042253521127
774,401353229,59.0,59.0,0,0,1.14,1.25,-0.99,-1.21,-0.95,0.19,0.8169014084507042
9584,401353229,42.0,42.0,0,0,0.47,-0.39,-0.14,0.75,0.22,0.69,0.5774647887323944
4415125,401353229,72.0,72.0,0,0,-0.42,-0.28,0.25,-0.61,-0.64,-1.06,1.0
3599,401353229,42.0,42.0,0,0,-0.29,0.83,0.89,-0.74,0.98,0.69,0.5774647887323944
3454,401353229,64.0,64.0,0,0,-0.48,-0.26,0.3,0.14,0.17,-0.31,0.8873239436619719
4355673,401353229,2.0,2.0,1,0,1.5,-0.84,1.39,1.15,1.7,3.19,0.014084507042253521
11098,401353229,6.0,6.0,1,0,1.69,-0.08,-0.38,1.47,1.0,2.69,0.07042253521126761
208,401353229,33.0,33.0,0,0,-1.52,0.94,0.22,1.31,2.46,0.94,0.4507042253521127
5532,401353229,51.0,51.0,0,0,0.01,0.52,0.05,-0.14,0.43,0.44,0.704225352112676
6017,401353229,29.0,29.0,0,1,0.4,-0.24,0.42,0.61,0.79,1.19,0.39436619718309857
769,401353229,13.0,13.0,0,1,0.96,0.64,1.18,-0.83,0.99,1.94,0.16901408450704225
4645,401353229,33.0,33.0,0,0,0.07,-0.2,1.55,-0.49,0.87,0.94,0.4507042253521127
11456,401353229,33.0,33.0,0,0,-0.97,-0.35,1.15,1.12,1.92,0.94,0.4507042253521127
6701,401353229,6.0,6.0,1,0,0.34,-0.59,2.5,0.44,2.35,2.69,0.07042253521126761
1196,401353229,67.0,67.0,0,0,0.86,0.08,-0.01,-1.74,-1.67,-0.81,0.9295774647887324
10058,401353229,5.0,5.0,1,0,2.35,0.37,-0.57,0.79,0.59,2.94,0.056338028169014086
5882,401353229,33.0,33.0,0,0,0.68,-0.55,0.22,0.58,0.26,0.94,0.4507042253521127
5462,401353229,13.0,13.0,0,1,0.24,0.37,0.77,0.56,1.7,1.94,0.16901408450704225
11333,401353229,33.0,33.0,0,0,-0.53,0.23,1.08,0.16,1.47,0.94,0.4507042253521127
3550,401353229,24.0,24.0,0,1,-0.86,0.36,0.86,1.09,2.31,1.44,0.323943661971831
4364752,401353229,61.0,61.0,0,0,-0.83,0.01,-0.05,0.81,0.77,-0.06,0.8450704225352113
11387,401353229,29.0,29.0,0,1,1.85,0.75,-1.02,-0.39,-0.66,1.19,0.39436619718309857
508,401353229,15.0,15.0,0,1,0.95,0.34,0.35,0.06,0.74,1.69,0.19718309859154928
5797,401353229,42.0,42.0,0,0,0.35,0.42,-0.38,0.31,0.35,0.69,0.5774647887323944
9780,401353229,1.0,1.0,1,0,0.89,0.51,0.66,1.39,2.56,3.44,0.0
5771,401353229,61.0,61.0,0,0,-0.09,-0.07,0.82,-0.72,0.03,-0.06,0.8450704225352113
10364,401353229,2.0,2.0,1,0,1.24,0.08,1.05,0.83,1.95,3.19,0.014084507042253521
6689,401353229,15.0,15.0,0,1,1.53,-0.33,0.16,0.33,0.16,1.69,0.19718309859154928
318,401353229,42.0,42.0,0,0,-1.34,0.6,1.69,-0.25,2.04,0.69,0.5774647887323944
1077,401353229,67.0,67.0,0,0,-0.73,-1.04,0.24,0.72,-0.08,-0.81,0.9295774647887324
5962,401353229,15.0,15.0,0,1,0.06,-0.39,0.84,1.18,1.63,1.69,0.19718309859154928
4404991,401353229,51.0,51.0,0,0,-0.96,-0.36,1.58,0.19,1.4,0.44,0.704225352112676
4859,401353229,24.0,24.0,0,1,-0.07,0.47,0.99,0.05,1.51,1.44,0.323943661971831
9143,401353229,51.0,51.0,0,0,-0.54,1.38,-0.27,-0.12,0.98,0.44,0.704225352112676
1367,401353229,59.0,59.0,0,0,-1.23,1.18,-0.54,0.78,1.43,0.19,0.8169014084507042
6151,401353229,11.0,11.0,0,1,1.57,0.34,0.09,0.19,0.62,2.19,0.14084507042253522
10548,401353229,67.0,67.0,0,0,-0.45,-0.4,1.16,-1.12,-0.36,-0.81,0.9295774647887324
1600,401353229,11.0,11.0,0,1,1.49,-0.47,0.95,0.23,0.71,2.19,0.14084507042253522
5692,401353229,15.0,15.0,0,1,0.5,0.6,0.57,0.02,1.2,1.69,0.19718309859154928
707,401353229,66.0,66.0,0,0,-1.27,0.65,0.71,-0.65,0.72,-0.56,0.9154929577464789
5579,401353229,42.0,42.0,0,0,0.7,0.52,-0.61,0.08,-0.01,0.69,0.5774647887323944
6825,401353229,10.0,10.0,1,0,1.24,-0.31,0.2,1.31,1.2,2.44,0.1267605633802817
1935,401353229,29.0,29.0,0,1,0.63,0.19,0.0,0.38,0.57,1.19,0.39436619718309857
1254,401353229,42.0,42.0,0,0,0.8,-0.94,1.11,-0.27,-0.1,0.69,0.5774647887323944
4591,401353229,51.0,51.0,0,0,2.14,0.43,-1.11,-1.02,-1.7,0.44,0.704225352112676
6937,401353229,15.0,15.0,0,1,0.72,0.88,0.51,-0.41,0.98,1.69,0.19718309859154928
4449,401353229,51.0,51.0,0,0,-0.62,-0.24,1.07,0.23,1.06,0.44,0.704225352112676
9076,401353229,15.0,15.0,0,1,1.1,-0.39,0.66,0.32,0.59,1.69,0.19718309859154928
10404,401353229,29.0,29.0,0,1,0.49,-0.1,0.3,0.49,0.7,1.19,0.39436619718309857
1037,401353229,33.0,33.0,0,0,-0.24,-0.1,1.27,0.0,1.18,0.94,0.4507042253521127
10980,401353229,24.0,24.0,0,1,0.37,-0.12,0.64,0.56,1.08,1.44,0.323943661971831
2230,401353229,2.0,2.0,1,0,-0.5,0.88,2.04,0.77,3.69,3.19,0.014084507042253521
1798,401353229,51.0,51.0,0,0,0.45,0.2,-0.96,0.76,-0.01,0.44,0.704225352112676
9626,401353229,24.0,24.0,0,1,-0.48,0.02,0.94,0.97,1.93,1.44,0.323943661971831
10360,401353229,33.0,33.0,0,0,1.23,0.7,0.39,-1.37,-0.29,0.94,0.4507042253521127
11119,401353229,67.0,67.0,0,0,-0.01,-0.36,0.34,-0.78,-0.79,-0.81,0.9295774647887324
5548,401353231,26.0,26.0,0,1,-0.06,0.41,0.87,-0.03,1.25,1.2,0.36231884057971014
4989,401353231,66.0,66.0,0,0,-0.72,0.51,-0.99,0.4,-0.08,-0.8,0.9420289855072463
6015,401353231,12.0,12.0,0,1,0.92,0.19,-0.03,0.62,0.78,1.7,0.15942028985507245
3832,401353231,42.0,42.0,0,0,0.68,-0.34,0.44,-0.08,0.02,0.7,0.5942028985507246
9127,401353231,26.0,26.0,0,1,0.4,-0.41,1.29,-0.08,0.8,1.2,0.36231884057971014
10577,401353231,21.0,21.0,0,1,0.66,0.48,-0.53,0.84,0.79,1.45,0.2898550724637681
159,401353231,51.0,51.0,0,0,0.66,0.6,-0.69,-0.36,-0.46,0.2,0.7246376811594203
4383,401353231,35.0,35.0,0,0,-0.44,-0.87,1.7,0.56,1.39,0.95,0.4927536231884058
774,401353231,59.0,59.0,0,0,0.28,-0.44,-0.41,0.02,-0.83,-0.55,0.8405797101449275
1225,401353231,35.0,35.0,0,0,1.06,-0.13,-1.09,1.11,-0.11,0.95,0.4927536231884058
1651,401353231,21.0,21.0,0,1,0.8,0.3,-0.21,0.56,0.65,1.45,0.2898550724637681
4638,401353231,59.0,59.0,0,0,0.47,0.54,-1.14,-0.42,-1.02,-0.55,0.8405797101449275
3599,401353231,69.0,69.0,0,0,-1.28,-0.61,1.42,-1.08,-0.27,-1.55,0.9855072463768116
3454,401353231,26.0,26.0,0,1,1.37,-0.18,0.12,-0.1,-0.17,1.2,0.36231884057971014
9126,401353231,12.0,12.0,0,1,0.43,-0.08,0.96,0.38,1.27,1.7,0.15942028985507245
10863,401353231,3.0,3.0,1,0,0.34,1.1,0.26,0.74,2.1,2.45,0.028985507246376812
10592,401353231,26.0,26.0,0,1,-0.71,-0.69,1.77,0.82,1.91,1.2,0.36231884057971014
6017,401353231,42.0,42.0,0,0,-0.78,0.38,1.02,0.07,1.47,0.7,0.5942028985507246
1097,401353231,54.0,54.0,0,0,0.24,-0.17,-0.47,0.35,-0.29,-0.05,0.7681159420289855
4645,401353231,12.0,12.0,0,1,0.95,0.1,0.62,0.03,0.75,1.7,0.15942028985507245
1264,401353231,59.0,59.0,0,0,0.09,-0.36,-0.44,0.16,-0.64,-0.55,0.8405797101449275
4425906,401353231,3.0,3.0,1,0,-0.22,0.83,0.7,1.14,2.67,2.45,0.028985507246376812
9025,401353231,21.0,21.0,0,1,-0.02,-0.64,1.64,0.47,1.47,1.45,0.2898550724637681
5167,401353231,66.0,66.0,0,0,0.17,-0.22,-0.68,-0.08,-0.98,-0.8,0.9420289855072463
11456,401353231,35.0,35.0,0,0,0.0,0.37,0.05,0.54,0.95,0.95,0.4927536231884058
10054,401353231,56.0,56.0,0,0,0.16,-0.12,0.11,-0.46,-0.47,-0.3,0.7971014492753623
11448,401353231,48.0,48.0,0,0,0.52,0.03,0.79,-0.89,-0.07,0.45,0.6811594202898551
4304,401353231,51.0,51.0,0,0,-0.1,1.41,-0.39,-0.72,0.3,0.2,0.7246376811594203
576,401353231,54.0,54.0,0,0,-0.92,0.13,0.76,-0.01,0.87,-0.05,0.7681159420289855
5504,401353231,35.0,35.0,0,0,1.72,-0.69,0.37,-0.45,-0.77,0.95,0.4927536231884058
6991,401353231,3.0,3.0,1,0,1.34,-0.51,2.0,-0.38,1.11,2.45,0.028985507246376812
619,401353231,42.0,42.0,0,0,1.4,0.36,-0.07,-0.98,-0.7,0.7,0.5942028985507246
5902,401353231,48.0,48.0,0,0,0.03,-0.1,-0.4,0.92,0.42,0.45,0.6811594202898551
508,401353231,70.0,70.0,0,0,0.64,0.88,-2.12,-1.45,-2.69,-2.05,1.0
6196,401353231,12.0,12.0,0,1,1.02,-0.55,0.71,0.51,0.68,1.7,0.15942028985507245
3598,401353231,56.0,56.0,0,0,-0.75,0.13,-0.23,0.56,0.45,-0.3,0.7971014492753623
3317,401353231,35.0,35.0,0,0,0.13,0.21,0.12,0.49,0.82,0.95,0.4927536231884058
11099,401353231,12.0,12.0,0,1,0.62,0.16,0.4,0.52,1.08,1.7,0.15942028985507245
10505,401353231,3.0,3.0,1,0,0.48,0.7,0.22,1.05,1.97,2.45,0.028985507246376812
5467,401353231,1.0,1.0,1,0,-0.64,1.06,1.2,1.08,3.33,2.7,0.0
4848,401353231,35.0,35.0,0,0,0.04,-0.24,1.15,0.0,0.91,0.95,0.4927536231884058
318,401353231,26.0,26.0,0,1,0.58,0.19,1.05,-0.61,0.62,1.2,0.36231884057971014
601,401353231,56.0,56.0,0,0,0.13,1.12,-1.26,-0.29,-0.43,-0.3,0.7971014492753623
676,401353231,48.0,48.0,0,0,-0.94,0.4,0.04,0.94,1.39,0.45,0.6811594202898551
257,401353231,3.0,3.0,1,0,1.81,0.94,-0.29,-0.01,0.64,2.45,0.028985507246376812
9530,401353231,26.0,26.0,0,1,0.48,0.3,0.06,0.36,0.72,1.2,0.36231884057971014
6954,401353231,12.0,12.0,0,1,-0.18,0.32,1.43,0.14,1.88,1.7,0.15942028985507245
9931,401353231,26.0,26.0,0,1,-0.37,0.01,0.79,0.77,1.57,1.2,0.36231884057971014
5729,401353231,59.0,59.0,0,0,0.17,-0.01,0.1,-0.81,-0.72,-0.55,0.8405797101449275
6007,401353231,2.0,2.0,1,0,0.06,-0.13,2.17,0.6,2.64,2.7,0.014492753623188406
3980,401353231,26.0,26.0,0,1,0.67,0.7,-0.17,0.0,0.53,1.2,0.36231884057971014
5692,401353231,42.0,42.0,0,0,-0.09,0.66,0.58,-0.45,0.79,0.7,0.5942028985507246
707,401353231,51.0,51.0,0,0,0.67,0.9,-0.05,-1.32,-0.47,0.2,0.7246376811594203
6090,401353231,59.0,59.0,0,0,-1.18,0.67,0.26,-0.31,0.63,-0.55,0.8405797101449275
5619,401353231,42.0,42.0,0,0,0.49,-0.25,0.59,-0.13,0.21,0.7,0.5942028985507246
78,401353231,68.0,68.0,0,0,-0.68,0.33,0.45,-1.4,-0.62,-1.3,0.9710144927536232
11382,401353231,21.0,21.0,0,1,-0.99,0.55,0.73,1.16,2.44,1.45,0.2898550724637681
7081,401353231,42.0,42.0,0,0,-0.6,0.22,0.77,0.31,1.3,0.7,0.5942028985507246
4587,401353231,3.0,3.0,1,0,0.86,-0.47,2.1,-0.05,1.59,2.45,0.028985507246376812
1037,401353231,12.0,12.0,0,1,1.22,0.35,-0.19,0.32,0.48,1.7,0.15942028985507245
8961,401353231,3.0,3.0,1,0,0.45,1.27,0.37,0.35,2.0,2.45,0.028985507246376812
10980,401353231,70.0,70.0,0,0,-0.27,-0.99,-0.66,-0.13,-1.78,-2.05,1.0
9569,401353231,12.0,12.0,0,1,0.18,0.67,0.12,0.74,1.52,1.7,0.15942028985507245
5539,401353231,10.0,10.0,1,0,2.04,0.37,0.36,-0.58,0.16,2.2,0.13043478260869565
5553,401353231,26.0,26.0,0,1,0.92,0.65,0.56,-0.92,0.28,1.2,0.36231884057971014
3970,401353231,12.0,12.0,0,1,1.25,0.13,-0.5,0.81,0.45,1.7,0.15942028985507245
11119,401353231,35.0,35.0,0,0,0.16,-0.38,0.7,0.47,0.79,0.95,0.4927536231884058
1614,401353231,59.0,59.0,0,0,-1.18,0.25,0.11,0.26,0.63,-0.55,0.8405797101449275
5548,401353255,7.0,7.0,1,0,0.39,0.61,0.81,0.43,1.86,2.25,0.08695652173913043
3832,401353255,12.0,12.0,0,1,1.3,0.79,-0.27,0.17,0.7,2.0,0.15942028985507245
9127,401353255,39.0,39.0,0,0,0.38,0.13,0.27,-0.29,0.12,0.49,0.5507246376811594
2283,401353255,27.0,27.0,0,1,0.94,-0.15,-0.03,0.23,0.06,0.99,0.37681159420289856
774,401353255,48.0,48.0,0,0,0.07,0.19,0.39,-0.41,0.17,0.24,0.6811594202898551
9584,401353255,21.0,21.0,0,1,0.84,0.09,0.35,0.21,0.66,1.5,0.2898550724637681
1225,401353255,5.0,5.0,1,0,1.9,-0.59,0.82,0.61,0.84,2.75,0.057971014492753624
6798,401353255,12.0,12.0,0,1,0.67,-0.22,0.9,0.64,1.33,2.0,0.15942028985507245
3599,401353255,16.0,16.0,0,1,0.51,1.09,0.83,-0.68,1.24,1.75,0.21739130434782608
4317,401353255,33.0,33.0,0,0,-1.23,0.6,0.84,0.53,1.98,0.74,0.463768115942029
4355673,401353255,33.0,33.0,0,0,1.02,-1.02,0.4,0.34,-0.27,0.74,0.463768115942029
9243,401353255,62.0,62.0,0,0,-0.88,0.83,-0.46,0.25,0.63,-0.26,0.8840579710144928
10592,401353255,68.0,68.0,0,0,-0.7,-1.5,0.43,0.77,-0.3,-1.0,0.9710144927536232
6017,401353255,48.0,48.0,0,0,0.13,0.3,0.43,-0.61,0.12,0.24,0.6811594202898551
769,401353255,39.0,39.0,0,0,0.09,0.55,-0.01,-0.14,0.4,0.49,0.5507246376811594
9687,401353255,39.0,39.0,0,0,1.43,-0.09,-0.78,-0.07,-0.93,0.49,0.5507246376811594
4645,401353255,62.0,62.0,0,0,-0.12,-0.76,0.18,0.44,-0.13,-0.26,0.8840579710144928
3448,401353255,39.0,39.0,0,0,-0.48,-0.02,0.49,0.51,0.98,0.49,0.5507246376811594
3950,401353255,48.0,48.0,0,0,0.53,-0.99,0.24,0.45,-0.29,0.24,0.6811594202898551
6701,401353255,68.0,68.0,0,0,-0.7,-0.37,-0.07,0.14,-0.31,-1.0,0.9710144927536232
10054,401353255,48.0,48.0,0,0,0.42,0.24,-0.56,0.15,-0.17,0.24,0.6811594202898551
11448,401353255,39.0,39.0,0,0,0.26,-0.28,0.31,0.2,0.23,0.49,0.5507246376811594
10058,401353255,2.0,2.0,1,0,1.77,1.28,-0.62,1.07,1.73,3.5,0.014492753623188406
11333,401353255,48.0,48.0,0,0,1.57,-0.24,-0.75,-0.33,-1.33,0.24,0.6811594202898551
3550,401353255,21.0,21.0,0,1,-0.2,0.61,1.12,-0.04,1.69,1.5,0.2898550724637681
4844,401353255,39.0,39.0,0,0,0.56,0.12,0.03,-0.21,-0.07,0.49,0.5507246376811594
576,401353255,57.0,57.0,0,0,-1.67,0.18,1.08,0.4,1.66,-0.01,0.8115942028985508
6991,401353255,57.0,57.0,0,0,-0.95,0.42,0.26,0.27,0.94,-0.01,0.8115942028985508
5902,401353255,48.0,48.0,0,0,-0.3,0.18,0.04,0.32,0.54,0.24,0.6811594202898551
6196,401353255,39.0,39.0,0,0,-0.72,0.37,0.56,0.28,1.21,0.49,0.5507246376811594
5797,401353255,66.0,66.0,0,0,0.86,-0.15,-0.67,-0.55,-1.37,-0.51,0.9420289855072463
10166,401353255,27.0,27.0,0,1,-0.79,-0.38,1.47,0.69,1.78,0.99,0.37681159420289856
4848,401353255,3.0,3.0,1,0,0.76,0.08,1.84,0.56,2.49,3.25,0.028985507246376812
1030,401353255,27.0,27.0,0,1,0.73,-1.28,1.25,0.3,0.26,0.99,0.37681159420289856
5771,401353255,39.0,39.0,0,0,0.69,0.8,-0.34,-0.65,-0.2,0.49,0.5507246376811594
10363,401353255,33.0,33.0,0,0,2.12,-0.04,-1.07,-0.27,-1.38,0.74,0.463768115942029
2552,401353255,33.0,33.0,0,0,1.26,0.24,-0.13,-0.62,-0.51,0.74,0.463768115942029
1077,401353255,7.0,7.0,1,0,0.4,1.02,0.29,0.53,1.84,2.25,0.08695652173913043
601,401353255,16.0,16.0,0,1,0.55,-0.21,1.54,-0.13,1.2,1.75,0.21739130434782608
1293,401353255,62.0,62.0,0,0,-0.75,0.53,-0.26,0.22,0.49,-0.26,0.8840579710144928
9037,401353255,5.0,5.0,1,0,0.56,0.98,0.8,0.4,2.19,2.75,0.057971014492753624
3670,401353255,48.0,48.0,0,0,-0.16,-0.2,0.35,0.26,0.4,0.24,0.6811594202898551
257,401353255,16.0,16.0,0,1,0.19,1.55,-0.11,0.11,1.55,1.75,0.21739130434782608
6954,401353255,3.0,3.0,1,0,0.93,0.07,1.98,0.26,2.31,3.25,0.028985507246376812
9931,401353255,27.0,27.0,0,1,0.06,-0.75,1.05,0.64,0.93,0.99,0.37681159420289856
3688,401353255,57.0,57.0,0,0,0.78,-0.17,-0.23,-0.39,-0.78,-0.01,0.8115942028985508
1600,401353255,27.0,27.0,0,1,0.65,-0.26,0.3,0.3,0.34,0.99,0.37681159420289856
3792,401353255,70.0,70.0,0,0,-0.15,-0.93,0.34,-0.5,-1.1,-1.25,1.0
10831,401353255,57.0,57.0,0,0,-0.57,0.02,0.94,-0.4,0.57,-0.01,0.8115942028985508
3980,401353255,33.0,33.0,0,0,-0.17,0.26,0.69,-0.03,0.91,0.74,0.463768115942029
707,401353255,70.0,70.0,0,0,-0.5,0.21,-1.1,0.14,-0.75,-1.25,1.0
1548,401353255,66.0,66.0,0,0,0.13,-0.17,-0.42,-0.04,-0.64,-0.51,0.9420289855072463
4483,401353255,57.0,57.0,0,0,-0.29,0.58,-0.37,0.08,0.29,-0.01,0.8115942028985508
5619,401353255,7.0,7.0,1,0,0.57,0.75,0.85,0.07,1.68,2.25,0.08695652173913043
9804,401353255,21.0,21.0,0,1,0.1,0.63,0.69,0.09,1.4,1.5,0.2898550724637681
9938,401353255,1.0,1.0,1,0,1.29,0.72,1.75,-0.26,2.2,3.5,0.0
78,401353255,7.0,7.0,1,0,1.24,-0.6,1.28,0.32,1.0,2.25,0.08695652173913043
4587,401353255,12.0,12.0,0,1,0.3,-0.02,1.13,0.59,1.7,2.0,0.15942028985507245
4267,401353255,39.0,39.0,0,0,0.15,0.93,-0.16,-0.43,0.34,0.49,0.5507246376811594
3378,401353255,16.0,16.0,0,1,2.02,0.46,-0.71,-0.03,-0.28,1.75,0.21739130434782608
10980,401353255,7.0,7.0,1,0,-0.22,1.09,0.38,0.99,2.46,2.25,0.08695652173913043
9569,401353255,25.0,25.0,0,1,0.49,0.39,0.13,0.24,0.76,1.25,0.34782608695652173
5539,401353255,16.0,16.0,0,1,0.98,0.22,0.13,0.42,0.77,1.75,0.21739130434782608
5553,401353255,21.0,21.0,0,1,0.07,-0.34,1.35,0.41,1.43,1.5,0.2898550724637681
3970,401353255,27.0,27.0,0,1,-0.31,0.77,0.71,-0.18,1.3,0.99,0.37681159420289856
4364873,401353255,33.0,33.0,0,0,0.49,-0.49,0.96,-0.22,0.25,0.74,0.463768115942029
10360,401353255,62.0,62.0,0,0,0.13,0.35,0.2,-0.93,-0.38,-0.26,0.8840579710144928
1614,401353255,48.0,48.0,0,0,-0.14,0.25,-0.22,0.35,0.38,0.24,0.6811594202898551
10140,401353255,12.0,12.0,0,1,-0.01,-0.11,1.25,0.86,2.0,2.0,0.15942028985507245
9261,401353254,33.0,33.0,0,0,0.16,0.04,0.7,0.2,0.94,1.09,0.463768115942029
5548,401353254,9.0,9.0,1,0,1.43,-0.11,1.04,-0.27,0.67,2.09,0.11594202898550725
4989,401353254,2.0,2.0,1,0,1.41,0.02,1.04,0.87,1.93,3.34,0.014492753623188406
6015,401353254,46.0,46.0,0,0,0.37,0.15,-0.61,0.67,0.22,0.59,0.6521739130434783
3832,401353254,26.0,26.0,0,1,-0.15,0.08,1.25,0.16,1.49,1.34,0.36231884057971014
10577,401353254,50.0,50.0,0,0,-1.26,-0.19,1.36,0.42,1.6,0.34,0.7101449275362319
2283,401353254,50.0,50.0,0,0,-0.26,0.33,0.66,-0.39,0.6,0.34,0.7101449275362319
4383,401353254,53.0,53.0,0,0,0.01,1.43,-1.46,0.11,0.09,0.09,0.7536231884057971
1225,401353254,63.0,63.0,0,0,-0.35,-0.07,-0.76,0.53,-0.31,-0.66,0.8985507246376812
3596,401353254,13.0,13.0,0,1,-0.52,-0.58,1.05,1.9,2.37,1.84,0.17391304347826086
780,401353254,68.0,68.0,0,0,0.15,-0.43,-1.61,0.49,-1.55,-1.41,0.9710144927536232
9126,401353254,26.0,26.0,0,1,0.19,0.25,0.49,0.41,1.16,1.34,0.36231884057971014
5704,401353254,63.0,63.0,0,0,2.28,-0.19,-1.19,-1.55,-2.93,-0.66,0.8985507246376812
9131,401353254,1.0,1.0,1,0,2.88,0.35,1.66,-1.3,0.71,3.59,0.0
9025,401353254,13.0,13.0,0,1,1.33,0.97,-0.56,0.1,0.51,1.84,0.17391304347826086
5167,401353254,50.0,50.0,0,0,-0.56,-0.12,1.05,-0.04,0.9,0.34,0.7101449275362319
11456,401353254,6.0,6.0,1,0,0.34,0.16,0.91,0.94,2.01,2.34,0.07246376811594203
3448,401353254,9.0,9.0,1,0,1.34,-0.45,0.64,0.56,0.75,2.09,0.11594202898550725
10054,401353254,60.0,60.0,0,0,0.11,0.1,0.01,-0.64,-0.52,-0.41,0.855072463768116
11448,401353254,26.0,26.0,0,1,0.17,-0.49,0.82,0.85,1.18,1.34,0.36231884057971014
1483,401353254,42.0,42.0,0,0,-0.23,0.49,0.56,0.02,1.08,0.84,0.5942028985507246
4364752,401353254,66.0,66.0,0,0,-1.47,-0.89,-0.02,1.48,0.56,-0.91,0.9420289855072463
11387,401353254,63.0,63.0,0,0,-0.6,-0.31,1.25,-1.0,-0.06,-0.66,0.8985507246376812
6991,401353254,6.0,6.0,1,0,0.13,0.18,1.29,0.74,2.21,2.34,0.07246376811594203
619,401353254,33.0,33.0,0,0,0.1,0.7,0.44,-0.15,0.99,1.09,0.463768115942029
6196,401353254,33.0,33.0,0,0,1.21,-0.33,0.23,-0.01,-0.11,1.09,0.463768115942029
3317,401353254,53.0,53.0,0,0,0.3,0.12,0.26,-0.58,-0.21,0.09,0.7536231884057971
11099,401353254,22.0,22.0,0,1,-0.3,0.59,0.51,0.79,1.89,1.59,0.30434782608695654
9780,401353254,55.0,55.0,0,0,-0.25,-0.05,-1.66,1.8,0.09,-0.16,0.782608695652174
4848,401353254,33.0,33.0,0,0,-0.15,0.11,0.59,0.54,1.24,1.09,0.463768115942029
446,401353254,55.0,55.0,0,0,-1.24,0.5,0.34,0.24,1.08,-0.16,0.782608695652174
4513,401353254,5.0,5.0,1,0,-0.27,0.32,1.16,1.38,2.86,2.59,0.057971014492753624
10363,401353254,42.0,42.0,0,0,-0.35,-0.22,0.89,0.53,1.2,0.84,0.5942028985507246
2552,401353254,4.0,4.0,1,0,1.47,1.5,-0.64,0.51,1.37,2.84,0.043478260869565216
7083,401353254,55.0,55.0,0,0,0.16,0.36,-0.31,-0.37,-0.32,-0.16,0.782608695652174
8906,401353254,13.0,13.0,0,1,0.35,0.72,-0.29,1.07,1.49,1.84,0.17391304347826086
1077,401353254,22.0,22.0,0,1,0.83,-0.6,0.92,0.43,0.76,1.59,0.30434782608695654
10343,401353254,68.0,68.0,0,0,0.3,-0.2,-0.56,-0.95,-1.71,-1.41,0.9710144927536232
4404991,401353254,70.0,70.0,0,0,-1.7,0.28,-0.69,0.21,-0.2,-1.91,1.0
1293,401353254,42.0,42.0,0,0,-0.01,0.08,-0.39,1.17,0.86,0.84,0.5942028985507246
8973,401353254,13.0,13.0,0,1,-0.34,0.11,0.98,1.09,2.18,1.84,0.17391304347826086
9530,401353254,46.0,46.0,0,0,0.04,-0.79,0.94,0.4,0.55,0.59,0.6521739130434783
3688,401353254,60.0,60.0,0,0,0.93,-0.3,-0.88,-0.16,-1.34,-0.41,0.855072463768116
1042,401353254,66.0,66.0,0,0,-0.43,-0.85,0.8,-0.42,-0.47,-0.91,0.9420289855072463
72,401353254,3.0,3.0,1,0,1.22,0.38,1.76,-0.27,1.87,3.09,0.028985507246376812
3980,401353254,22.0,22.0,0,1,1.95,0.37,0.31,-1.03,-0.36,1.59,0.30434782608695654
5692,401353254,46.0,46.0,0,0,0.79,-0.2,0.87,-0.86,-0.19,0.59,0.6521739130434783
707,401353254,33.0,33.0,0,0,1.44,-0.11,0.17,-0.41,-0.34,1.09,0.463768115942029
5579,401353254,26.0,26.0,0,1,2.25,0.12,0.41,-1.44,-0.9,1.34,0.36231884057971014
5409,401353254,13.0,13.0,0,1,0.58,-0.81,2.88,-0.81,1.26,1.84,0.17391304347826086
4483,401353254,6.0,6.0,1,0,0.38,0.95,0.28,0.73,1.97,2.34,0.07246376811594203
9938,401353254,26.0,26.0,0,1,1.1,0.0,0.2,0.04,0.24,1.34,0.36231884057971014
158,401353254,26.0,26.0,0,1,0.74,-0.06,-0.3,0.96,0.6,1.34,0.36231884057971014
11382,401353254,55.0,55.0,0,0,0.1,0.51,-0.43,-0.33,-0.26,-0.16,0.782608695652174
4587,401353254,13.0,13.0,0,1,0.43,0.02,0.97,0.43,1.42,1.84,0.17391304347826086
10404,401353254,33.0,33.0,0,0,0.84,-0.1,-0.05,0.65,0.5,1.34,0.463768115942029
6001,401353254,33.0,33.0,0,0,0.9,-0.41,-0.66,1.27,0.2,1.09,0.463768115942029
7001,401353254,60.0,60.0,0,0,0.71,0.4,-0.81,-0.7,-1.11,-0.41,0.855072463768116
9478,401353254,55.0,55.0,0,0,0.43,0.12,-0.96,0.25,-0.59,-0.16,0.782608695652174
3378,401353254,42.0,42.0,0,0,0.48,0.63,-0.05,-0.21,0.36,0.84,0.5942028985507246
8961,401353254,9.0,9.0,1,0,1.5,0.02,-0.28,0.85,0.59,2.09,0.11594202898550725
5539,401353254,22.0,22.0,0,1,-0.4,0.62,0.57,0.81,1.99,1.59,0.30434782608695654
5553,401353254,13.0,13.0,0,1,2.11,-0.2,0.24,-0.31,-0.27,1.84,0.17391304347826086
6086,401353254,33.0,33.0,0,0,-1.31,0.9,0.69,0.82,2.4,1.09,0.463768115942029
3970,401353254,46.0,46.0,0,0,1.15,0.08,-0.15,-0.48,-0.56,0.59,0.6521739130434783
9658,401353254,13.0,13.0,0,1,0.62,0.17,0.12,0.93,1.22,1.84,0.17391304347826086
4364873,401353254,9.0,9.0,1,0,-0.79,-0.66,2.37,1.17,2.88,2.09,0.11594202898550725
9877,401353254,26.0,26.0,0,1,-0.39,-0.1,0.73,1.11,1.73,1.34,0.36231884057971014
4989,401353239,74.0,74.0,0,0,-0.33,-1.22,-0.49,0.08,-1.63,-1.96,0.9605263157894737
6015,401353239,32.0,32.0,0,0,1.03,0.06,-0.61,0.31,-0.23,0.8,0.40789473684210525
10372,401353239,42.0,42.0,0,0,-0.77,1.24,0.0,-0.18,1.06,0.29,0.5394736842105263
388,401353239,26.0,26.0,0,1,1.62,-0.08,-1.15,0.65,-0.57,1.04,0.32894736842105265
9484,401353239,38.0,38.0,0,0,-0.86,0.13,0.71,0.56,1.4,0.55,0.4868421052631579
10577,401353239,17.0,17.0,0,1,-1.1,0.63,0.79,1.22,2.64,1.54,0.21052631578947367
1651,401353239,2.0,2.0,1,0,1.15,0.42,1.23,0.25,1.89,3.04,0.013157894736842105
6011,401353239,20.0,20.0,0,1,1.45,0.18,0.28,-0.61,-0.15,1.29,0.25
3596,401353239,26.0,26.0,0,1,-1.48,0.69,0.78,1.05,2.53,1.04,0.32894736842105265
3454,401353239,60.0,60.0,0,0,0.26,1.5,-0.74,-1.22,-0.46,-0.2,0.7763157894736842
9243,401353239,20.0,20.0,0,1,-0.41,1.04,0.37,0.3,1.71,1.29,0.25
11098,401353239,61.0,61.0,0,0,0.42,-0.61,-0.49,0.22,-0.88,-0.46,0.7894736842105263
9126,401353239,11.0,11.0,0,1,-0.77,0.94,0.96,0.92,2.82,2.04,0.13157894736842105
208,401353239,32.0,32.0,0,0,-0.68,0.58,1.06,-0.17,1.47,0.8,0.40789473684210525
3449,401353239,5.0,5.0,1,0,0.43,0.63,0.86,0.87,2.36,2.79,0.05263157894736842
769,401353239,77.0,77.0,0,0,-1.18,-1.01,-0.46,-0.06,-1.52,-2.71,1.0
4425906,401353239,13.0,13.0,0,1,0.06,0.64,-0.05,1.15,1.74,1.79,0.15789473684210525
5167,401353239,42.0,42.0,0,0,0.03,0.34,0.72,-0.81,0.26,0.29,0.5394736842105263
3950,401353239,61.0,61.0,0,0,-1.6,-0.39,1.08,0.45,1.14,-0.46,0.7894736842105263
6701,401353239,26.0,26.0,0,1,1.18,-0.03,0.99,-1.1,-0.14,1.04,0.32894736842105265
10054,401353239,61.0,61.0,0,0,0.17,-0.1,-0.99,0.46,-0.62,-0.46,0.7894736842105263
4602218,401353239,42.0,42.0,0,0,-0.6,-0.16,0.6,0.46,0.89,0.29,0.5394736842105263
4304,401353239,52.0,52.0,0,0,1.07,0.48,-1.36,-0.15,-1.02,0.04,0.6710526315789473
11333,401353239,68.0,68.0,0,0,-0.68,0.09,-0.25,0.13,-0.03,-0.7,0.881578947368421
3550,401353239,5.0,5.0,1,0,1.57,0.21,0.96,0.05,1.23,2.79,0.05263157894736842
4364752,401353239,68.0,68.0,0,0,-1.17,-0.17,0.47,0.17,0.47,-0.7,0.881578947368421
5860,401353239,20.0,20.0,0,1,-0.27,0.09,1.19,0.29,1.57,1.29,0.25
619,401353239,42.0,42.0,0,0,0.16,0.71,-0.71,0.14,0.14,0.29,0.5394736842105263
3317,401353239,26.0,26.0,0,1,1.02,0.02,0.1,-0.09,0.03,1.04,0.32894736842105265
4691933,401353239,52.0,52.0,0,0,0.49,-0.25,0.33,-0.52,-0.44,0.04,0.6710526315789473
9780,401353239,17.0,17.0,0,1,-0.98,-0.33,1.72,1.14,2.53,1.54,0.21052631578947367
10166,401353239,52.0,52.0,0,0,1.23,-0.63,-0.69,0.13,-1.19,0.04,0.6710526315789473
4513,401353239,11.0,11.0,0,1,0.91,0.45,-0.07,0.75,1.13,2.04,0.13157894736842105
7083,401353239,42.0,42.0,0,0,-0.55,-0.21,-0.23,1.28,0.84,0.29,0.5394736842105263
8906,401353239,61.0,61.0,0,0,-0.46,-0.43,-0.29,0.72,0.0,-0.46,0.7894736842105263
676,401353239,74.0,74.0,0,0,-0.15,-0.93,-0.59,-0.29,-1.8,-1.96,0.9605263157894737
5962,401353239,52.0,52.0,0,0,0.41,-0.18,0.45,-0.62,-0.36,0.04,0.6710526315789473
10343,401353239,7.0,7.0,1,0,2.12,1.47,-0.64,-0.4,0.43,2.54,0.07894736842105263
455,401353239,68.0,68.0,0,0,-1.53,0.15,-0.21,0.88,0.82,-0.7,0.881578947368421
9037,401353239,9.0,9.0,1,0,1.29,0.16,0.05,0.79,1.01,2.29,0.10526315789473684
8973,401353239,17.0,17.0,0,1,-0.43,0.14,1.43,0.4,1.97,1.54,0.21052631578947367
1367,401353239,52.0,52.0,0,0,-1.27,0.5,0.46,0.35,1.31,0.04,0.6710526315789473
2571,401353239,52.0,52.0,0,0,-0.69,0.06,1.19,-0.52,0.74,0.04,0.6710526315789473
3351,401353239,68.0,68.0,0,0,-0.05,0.14,-0.41,-0.39,-0.66,-0.7,0.881578947368421
9530,401353239,73.0,73.0,0,0,0.41,-0.89,-0.6,-0.37,-1.86,-1.46,0.9473684210526315
4412121,401353239,61.0,61.0,0,0,0.48,-0.07,-0.82,-0.05,-0.94,-0.46,0.7894736842105263
3792,401353239,32.0,32.0,0,0,-0.27,0.78,-0.18,0.47,1.07,0.8,0.40789473684210525
1042,401353239,20.0,20.0,0,1,1.82,0.75,0.29,-1.56,-0.52,1.29,0.25
72,401353239,72.0,72.0,0,0,-1.04,-0.23,0.64,-0.57,-0.16,-1.21,0.9342105263157895
186,401353239,42.0,42.0,0,0,-0.47,-0.14,0.33,0.58,0.76,0.29,0.5394736842105263
3980,401353239,32.0,32.0,0,0,0.39,0.08,0.44,-0.12,0.41,0.8,0.40789473684210525
707,401353239,42.0,42.0,0,0,0.74,0.01,-0.28,-0.18,-0.45,0.29,0.5394736842105263
6825,401353239,38.0,38.0,0,0,0.77,0.61,-0.39,-0.44,-0.23,0.55,0.4868421052631579
3702,401353239,52.0,52.0,0,0,-1.03,-0.42,0.88,0.62,1.08,0.04,0.6710526315789473
5409,401353239,13.0,13.0,0,1,-0.13,1.35,0.85,-0.27,1.93,1.79,0.15789473684210525
9938,401353239,9.0,9.0,1,0,1.49,-0.31,0.94,0.18,0.81,2.29,0.10526315789473684
158,401353239,38.0,38.0,0,0,1.29,-0.38,-1.25,0.89,-0.74,0.55,0.4868421052631579
11382,401353239,20.0,20.0,0,1,1.79,-0.27,-0.07,-0.16,-0.5,1.29,0.25
6937,401353239,52.0,52.0,0,0,0.71,0.07,0.06,-0.8,-0.67,0.04,0.6710526315789473
7081,401353239,26.0,26.0,0,1,0.22,-0.1,0.49,0.44,0.83,1.04,0.32894736842105265
10404,401353239,26.0,26.0,0,1,-0.05,0.89,0.2,0.01,1.09,1.04,0.32894736842105265
7001,401353239,61.0,61.0,0,0,0.3,0.01,0.3,-1.07,-0.76,-0.46,0.7894736842105263
9478,401353239,1.0,1.0,1,0,1.06,0.31,2.02,-0.09,2.23,3.29,0.0
5539,401353239,20.0,20.0,0,1,1.41,0.45,-0.46,-0.1,-0.11,1.29,0.25
9513,401353239,7.0,7.0,1,0,0.26,0.63,1.57,0.08,2.29,2.54,0.07894736842105263
5553,401353239,2.0,2.0,1,0,1.99,0.29,0.21,0.55,1.05,3.04,0.013157894736842105
6086,401353239,32.0,32.0,0,0,0.19,-0.59,0.37,0.83,0.6,0.8,0.40789473684210525
3970,401353239,74.0,74.0,0,0,-0.27,-0.06,-1.24,-0.39,-1.68,-1.96,0.9605263157894737
10664,401353239,42.0,42.0,0,0,0.66,-0.27,0.79,-0.89,-0.37,0.29,0.5394736842105263
9658,401353239,42.0,42.0,0,0,-0.64,0.52,-0.17,0.58,0.93,0.29,0.5394736842105263
9031,401353239,32.0,32.0,0,0,0.32,0.74,-1.02,0.75,0.48,0.8,0.40789473684210525
4364873,401353239,2.0,2.0,1,0,0.52,0.23,1.12,1.18,2.52,3.04,0.013157894736842105
4408315,401353239,61.0,61.0,0,0,0.91,-1.27,0.65,-0.74,-1.36,-0.46,0.7894736842105263
9877,401353239,38.0,38.0,0,0,-0.47,-0.58,0.55,1.04,1.02,0.55,0.4868421052631579
686,401353239,42.0,42.0,0,0,1.11,0.41,-0.83,-0.4,-0.82,0.29,0.5394736842105263
9517,401353238,72.0,72.0,0,0,0.06,-0.87,-1.06,0.17,-1.76,-1.7,1.0
3832,401353238,5.0,5.0,1,0,0.61,-0.03,1.35,0.37,1.69,2.3,0.056338028169014086
10906,401353238,66.0,66.0,0,0,-0.06,-0.07,0.0,-0.32,-0.39,-0.45,0.9154929577464789
9484,401353238,55.0,55.0,0,0,0.11,-0.38,-0.2,0.52,-0.06,0.05,0.7605633802816901
9127,401353238,9.0,9.0,1,0,-1.15,1.18,0.97,0.81,2.95,1.8,0.11267605633802817
1626,401353238,66.0,66.0,0,0,0.35,0.25,-0.2,-0.85,-0.8,-0.45,0.9154929577464789
159,401353238,42.0,42.0,0,0,1.66,1.24,-1.28,-1.07,-1.11,0.55,0.5774647887323944
774,401353238,25.0,25.0,0,1,0.48,0.5,-0.18,0.24,0.56,1.05,0.3380281690140845
1651,401353238,16.0,16.0,0,1,-0.42,-0.59,1.44,0.87,1.72,1.3,0.2112676056338028
6011,401353238,16.0,16.0,0,1,1.39,-0.41,0.66,-0.34,-0.09,1.3,0.2112676056338028
6798,401353238,16.0,16.0,0,1,-0.11,0.08,0.81,0.51,1.41,1.3,0.2112676056338028
3599,401353238,9.0,9.0,1,0,0.49,0.37,1.02,-0.08,1.31,1.8,0.11267605633802817
3454,401353238,48.0,48.0,0,0,1.27,0.39,-1.14,-0.22,-0.97,0.3,0.6619718309859155
9243,401353238,25.0,25.0,0,1,0.52,0.54,-0.82,0.81,0.53,1.05,0.3380281690140845
3449,401353238,7.0,7.0,1,0,0.85,1.19,0.02,0.09,1.25,2.1,0.08450704225352113
6017,401353238,16.0,16.0,0,1,-0.28,0.42,1.18,-0.02,1.58,1.3,0.2112676056338028
8975,401353238,25.0,25.0,0,1,0.05,0.44,0.1,0.47,1.0,1.05,0.3380281690140845
9687,401353238,55.0,55.0,0,0,-0.57,-0.94,1.08,0.48,0.62,0.05,0.7605633802816901
4425906,401353238,16.0,16.0,0,1,0.19,-0.57,0.67,1.0,1.11,1.3,0.2112676056338028
9025,401353238,4.0,4.0,1,0,0.56,0.83,1.14,0.52,2.49,3.05,0.04225352112676056
5167,401353238,16.0,16.0,0,1,0.71,0.78,0.01,-0.21,0.59,1.3,0.2112676056338028
6701,401353238,55.0,55.0,0,0,-0.73,0.8,-0.35,0.33,0.78,0.05,0.7605633802816901
10054,401353238,30.0,30.0,0,1,1.22,-0.28,-0.16,0.01,-0.42,0.8,0.4084507042253521
10058,401353238,42.0,42.0,0,0,-0.09,0.1,0.11,0.42,0.64,0.55,0.5774647887323944
4304,401353238,48.0,48.0,0,0,-1.11,0.1,0.78,0.53,1.41,0.3,0.6619718309859155
4423323,401353238,30.0,30.0,0,1,1.69,-1.06,0.0,0.17,-0.89,0.8,0.4084507042253521
11393,401353238,66.0,66.0,0,0,-0.6,0.09,0.51,-0.45,0.15,-0.45,0.9154929577464789
3550,401353238,5.0,5.0,1,0,0.78,0.58,0.53,0.41,1.52,2.3,0.056338028169014086
619,401353238,30.0,30.0,0,1,0.6,0.16,0.65,-0.61,0.2,0.8,0.4084507042253521
5797,401353238,9.0,9.0,1,0,1.06,0.46,0.18,0.1,0.74,1.8,0.11267605633802817
10505,401353238,42.0,42.0,0,0,-0.07,-0.36,0.2,0.78,0.62,0.55,0.5774647887323944
10166,401353238,30.0,30.0,0,1,0.2,-0.81,1.23,0.18,0.6,0.8,0.4084507042253521
1030,401353238,42.0,42.0,0,0,0.44,-0.21,0.48,-0.17,0.1,0.55,0.5774647887323944
10364,401353238,3.0,3.0,1,0,1.37,0.07,1.77,0.1,1.93,3.3,0.028169014084507043
7083,401353238,48.0,48.0,0,0,0.33,0.43,-0.8,0.34,-0.03,0.3,0.6619718309859155
8906,401353238,9.0,9.0,1,0,1.16,-0.48,0.37,0.75,0.64,1.8,0.11267605633802817
1077,401353238,16.0,16.0,0,1,0.55,0.01,-0.12,0.85,0.75,1.3,0.2112676056338028
676,401353238,30.0,30.0,0,1,-0.2,-0.44,1.13,0.32,1.0,0.8,0.4084507042253521
4404991,401353238,9.0,9.0,1,0,0.67,0.28,0.75,0.1,1.13,1.8,0.11267605633802817
1293,401353238,30.0,30.0,0,1,1.28,0.36,-1.19,0.36,-0.48,0.8,0.4084507042253521
455,401353238,42.0,42.0,0,0,0.37,-0.79,0.32,0.64,0.18,0.55,0.5774647887323944
9143,401353238,15.0,15.0,0,1,1.43,-0.15,0.3,-0.03,0.12,1.55,0.19718309859154928
6931,401353238,48.0,48.0,0,0,0.1,0.03,0.16,0.01,0.2,0.3,0.6619718309859155
6954,401353238,25.0,25.0,0,1,-0.2,-0.18,1.31,0.13,1.25,1.05,0.3380281690140845
9931,401353238,30.0,30.0,0,1,-1.09,0.35,0.47,1.07,1.89,0.8,0.4084507042253521
5729,401353238,7.0,7.0,1,0,0.61,0.99,0.7,-0.26,1.44,2.05,0.08450704225352113
6151,401353238,48.0,48.0,0,0,1.95,-0.86,-1.0,0.21,-1.65,0.3,0.6619718309859155
3792,401353238,16.0,16.0,0,1,-0.17,-0.01,1.43,0.04,1.47,1.3,0.2112676056338028
1042,401353238,30.0,30.0,0,1,0.48,-0.24,0.65,-0.09,0.32,0.8,0.4084507042253521
6825,401353238,64.0,64.0,0,0,-0.39,-0.48,0.37,0.3,0.19,-0.2,0.8873239436619719
1674,401353238,55.0,55.0,0,0,-0.7,0.46,0.85,-0.57,0.75,0.05,0.7605633802816901
3702,401353238,42.0,42.0,0,0,1.31,0.16,-1.17,0.25,-0.76,0.55,0.5774647887323944
4483,401353238,55.0,55.0,0,0,-0.26,-1.22,0.94,0.58,0.3,0.05,0.7605633802816901
962,401353238,70.0,70.0,0,0,-0.57,0.28,-0.5,0.08,-0.13,-0.7,0.971830985915493
377,401353238,48.0,48.0,0,0,-0.96,1.81,-0.11,-0.44,1.26,0.3,0.6619718309859155
6090,401353238,55.0,55.0,0,0,-0.74,0.63,-0.24,0.39,0.79,0.05,0.7605633802816901
5619,401353238,72.0,72.0,0,0,0.25,-0.84,0.81,-1.92,-1.95,-1.7,1.0
6937,401353238,48.0,48.0,0,0,0.71,1.25,-0.09,-1.57,-0.41,0.3,0.6619718309859155
4587,401353238,2.0,2.0,1,0,1.0,-0.14,1.78,1.02,2.63,3.64,0.014084507042253521
7001,401353238,9.0,9.0,1,0,1.02,0.09,0.58,0.11,0.78,1.8,0.11267605633802817
8961,401353238,1.0,1.0,1,0,1.5,0.2,0.83,1.26,2.3,3.8,0.0
9626,401353238,30.0,30.0,0,1,0.17,0.71,-0.45,0.37,0.63,0.8,0.4084507042253521
9658,401353238,25.0,25.0,0,1,-0.27,-0.52,1.17,0.67,1.32,1.05,0.3380281690140845
1185,401353238,55.0,55.0,0,0,0.0,0.03,0.13,-0.11,0.05,0.05,0.7605633802816901
3532,401353238,66.0,66.0,0,0,-0.15,0.31,0.0,-0.61,-0.3,-0.45,0.9154929577464789
9517,401353235,42.0,42.0,0,0,-1.99,1.2,0.91,0.59,2.7,0.93,0.6721311475409836
5548,401353235,16.0,16.0,0,1,-0.98,0.67,1.76,1.02,3.46,2.02,0.2459016393442623
5502,401353235,6.0,6.0,1,0,1.15,-1.01,-0.12,0.35,-0.78,2.54,0.08196721311475409
9127,401353235,49.0,49.0,0,0,-0.83,-0.91,1.57,0.38,1.04,0.68,0.7868852459016393
6011,401353235,3.0,3.0,1,0,2.03,-0.57,1.0,0.41,0.84,3.04,0.03278688524590164
3599,401353235,60.0,60.0,0,0,-0.73,0.39,-0.66,-0.03,-0.3,0.28,0.9672131147540983
3454,401353235,16.0,16.0,0,1,-0.34,0.25,1.92,0.38,2.55,1.93,0.2459016393442623
712,401353235,24.0,24.0,0,1,-1.65,1.1,0.85,0.07,2.02,1.29,0.3770491803278688
9243,401353235,14.0,14.0,0,1,1.95,0.71,-0.19,0.9,1.42,1.79,0.21311475409836064
1352,401353235,49.0,49.0,0,0,-0.11,-1.31,1.36,-0.07,-0.01,0.29,0.7868852459016393
9687,401353235,49.0,49.0,0,0,0.69,-0.74,0.21,0.05,-0.48,0.68,0.7868852459016393
1264,401353235,49.0,49.0,0,0,-1.14,1.31,-0.4,-0.4,0.51,0.29,0.7868852459016393
5167,401353235,24.0,24.0,0,1,-0.45,0.35,0.74,-0.26,0.83,1.29,0.3770491803278688
6701,401353235,24.0,24.0,0,1,3.24,-0.52,-0.52,-0.49,-1.53,1.68,0.3770491803278688
10054,401353235,12.0,12.0,0,1,1.28,-0.19,-1.42,0.8,-0.81,2.52,0.18032786885245902
11448,401353235,33.0,33.0,0,0,0.01,-1.25,0.18,0.43,-0.63,0.79,0.5245901639344263
10058,401353235,49.0,49.0,0,0,-0.36,0.11,-0.38,-0.16,-0.43,0.68,0.7868852459016393
4423323,401353235,59.0,59.0,0,0,1.03,-0.15,0.34,-1.02,-0.82,0.43,0.9508196721311475
11333,401353235,33.0,33.0,0,0,-0.59,0.32,0.59,-1.95,-1.04,0.79,0.5245901639344263
4364752,401353235,49.0,49.0,0,0,1.13,0.13,0.19,0.53,0.84,0.78,0.7868852459016393
3856,401353235,42.0,42.0,0,0,1.26,-1.68,-0.94,-0.27,-2.88,0.54,0.6721311475409836
508,401353235,9.0,9.0,1,0,0.27,1.53,0.84,0.23,2.6,2.29,0.13114754098360656
6196,401353235,6.0,6.0,1,0,-0.67,0.07,-0.24,0.56,0.38,2.93,0.08196721311475409
1680,401353235,24.0,24.0,0,1,0.64,0.5,-0.66,-0.27,-0.42,1.68,0.3770491803278688
569,401353235,62.0,62.0,0,0,-0.13,-0.99,-2.79,0.79,-3.0,-0.46,1.0
10166,401353235,16.0,16.0,0,1,1.84,0.93,0.1,0.51,1.54,1.54,0.2459016393442623
5467,401353235,2.0,2.0,1,0,1.09,0.28,2.88,0.63,3.79,3.29,0.01639344262295082
1265,401353235,60.0,60.0,0,0,-1.72,0.67,0.68,-0.65,0.69,0.28,0.9672131147540983
446,401353235,33.0,33.0,0,0,0.99,-0.88,0.67,0.42,0.22,1.18,0.5245901639344263
6689,401353235,28.0,28.0,0,1,1.65,0.1,-0.6,0.32,-0.17,1.52,0.4426229508196721
8906,401353235,12.0,12.0,0,1,-0.16,-0.31,1.31,1.03,2.03,2.04,0.18032786885245902
601,401353235,42.0,42.0,0,0,0.22,0.84,0.5,-0.59,0.75,1.02,0.6721311475409836
5962,401353235,16.0,16.0,0,1,0.5,0.83,1.56,0.49,2.88,1.54,0.2459016393442623
4413,401353235,49.0,49.0,0,0,0.52,-0.27,-2.65,-0.13,-3.05,0.78,0.7868852459016393
9037,401353235,6.0,6.0,1,0,1.19,0.51,1.18,-0.17,1.52,2.93,0.08196721311475409
9143,401353235,33.0,33.0,0,0,-1.09,0.4,-0.04,0.21,0.56,1.27,0.5245901639344263
6931,401353235,16.0,16.0,0,1,3.2,0.23,-0.81,-0.26,-0.83,1.54,0.2459016393442623
9530,401353235,33.0,33.0,0,0,-0.45,0.91,0.46,0.45,1.82,0.79,0.5245901639344263
5729,401353235,49.0,49.0,0,0,2.1,1.39,0.34,-0.36,1.37,0.78,0.7868852459016393
1600,401353235,28.0,28.0,0,1,-0.57,0.8,0.5,0.98,2.28,1.43,0.4426229508196721
3792,401353235,14.0,14.0,0,1,0.65,0.16,0.92,0.48,1.56,2.18,0.21311475409836064
6007,401353235,4.0,4.0,1,0,1.02,0.96,-1.21,0.6,0.35,2.79,0.04918032786885246
5692,401353235,42.0,42.0,0,0,-0.56,-1.68,1.92,-0.3,-0.07,0.54,0.6721311475409836
707,401353235,9.0,9.0,1,0,0.26,0.92,0.61,0.42,1.96,2.68,0.13114754098360656
1750,401353235,28.0,28.0,0,1,1.23,-0.84,0.39,0.7,0.25,1.52,0.4426229508196721
1254,401353235,16.0,16.0,0,1,-1.07,0.66,1.54,-0.92,1.28,1.93,0.2459016393442623
4483,401353235,33.0,33.0,0,0,-1.49,0.11,2.16,-0.07,2.2,1.18,0.5245901639344263
809,401353235,42.0,42.0,0,0,-1.07,-0.07,1.18,-0.16,0.95,0.54,0.6721311475409836
4449,401353235,42.0,42.0,0,0,1.39,-0.96,-1.12,0.16,-1.92,1.02,0.6721311475409836
9076,401353235,33.0,33.0,0,0,1.26,0.67,-1.69,0.23,-0.79,1.27,0.5245901639344263
4267,401353235,42.0,42.0,0,0,0.03,-0.63,-0.19,-0.23,-1.05,1.02,0.6721311475409836
1359,401353235,16.0,16.0,0,1,0.91,0.83,0.57,-0.61,0.8,1.93,0.2459016393442623
6001,401353235,9.0,9.0,1,0,1.95,-0.58,1.61,0.0,1.02,2.77,0.13114754098360656
10932,401353235,33.0,33.0,0,0,1.13,-1.06,-0.94,1.34,-0.66,1.27,0.5245901639344263
9569,401353235,49.0,49.0,0,0,-0.15,-0.03,0.88,-0.23,0.63,0.78,0.7868852459016393
6086,401353235,1.0,1.0,1,0,2.63,0.6,2.0,0.48,3.08,4.18,0.0
3970,401353235,4.0,4.0,1,0,1.38,-0.01,2.23,0.38,2.6,3.27,0.04918032786885246
9626,401353235,28.0,28.0,0,1,1.2,-0.45,0.87,0.25,0.67,1.04,0.4426229508196721
9658,401353235,49.0,49.0,0,0,-3.09,0.7,0.47,1.13,2.3,0.68,0.7868852459016393
1185,401353235,28.0,28.0,0,1,-0.6,0.96,-0.94,0.55,0.58,1.52,0.4426229508196721
4989,401353234,46.0,46.0,0,0,0.38,1.26,0.46,-0.56,1.17,0.69,0.5769230769230769
6015,401353234,65.0,65.0,0,0,0.52,0.23,-0.91,-0.44,-1.13,-0.6,0.8205128205128205
3832,401353234,39.0,39.0,0,0,0.3,0.63,0.39,-0.27,0.75,0.65,0.48717948717948717
10906,401353234,6.0,6.0,1,0,0.79,0.53,0.64,0.92,2.09,2.69,0.0641025641025641
10372,401353234,56.0,56.0,0,0,0.76,-0.67,-1.73,-0.3,-2.7,0.15,0.7051282051282052
9484,401353234,56.0,56.0,0,0,-1.81,-0.48,-0.02,0.37,-0.13,0.15,0.7051282051282052
9127,401353234,79.0,79.0,0,0,-1.46,-1.54,-0.95,-0.32,-2.82,-3.35,1.0
1626,401353234,74.0,74.0,0,0,-0.32,-0.19,0.18,-0.8,-0.8,-1.06,0.9358974358974359
774,401353234,39.0,39.0,0,0,0.88,0.14,-0.52,0.05,-0.33,0.94,0.48717948717948717
1651,401353234,11.0,11.0,0,1,1.76,0.54,-0.97,-0.11,-0.55,2.44,0.1282051282051282
9243,401353234,46.0,46.0,0,0,-0.6,0.06,1.15,0.27,1.48,0.69,0.5769230769230769
11098,401353234,46.0,46.0,0,0,-1.08,-0.87,0.27,1.07,0.47,0.4,0.5769230769230769
10863,401353234,56.0,56.0,0,0,0.44,-0.17,0.2,-0.27,-0.23,0.43,0.7051282051282052
5532,401353234,70.0,70.0,0,0,0.49,-1.08,-0.56,-0.12,-1.76,-1.1,0.8846153846153846
6017,401353234,78.0,78.0,0,0,-2.57,0.85,-1.67,-0.41,-1.22,-2.31,0.9871794871794872
769,401353234,70.0,70.0,0,0,-0.02,-0.15,0.23,-1.0,-0.92,-1.1,0.8846153846153846
9687,401353234,67.0,67.0,0,0,-0.37,-0.33,-0.39,0.63,-0.08,-0.56,0.8461538461538461
4645,401353234,3.0,3.0,1,0,0.71,1.27,0.54,-0.13,1.69,2.65,0.02564102564102564
1264,401353234,67.0,67.0,0,0,-0.63,-0.22,0.59,-0.2,0.18,-0.56,0.8461538461538461
4425906,401353234,20.0,20.0,0,1,-0.76,0.35,1.12,1.16,2.64,1.94,0.24358974358974358
9025,401353234,20.0,20.0,0,1,0.92,0.22,0.41,0.32,0.96,1.94,0.24358974358974358
11456,401353234,34.0,34.0,0,0,0.6,0.23,-0.32,0.04,-0.05,1.19,0.4230769230769231
3448,401353234,25.0,25.0,0,1,-0.72,0.43,1.26,1.09,2.78,1.4,0.3076923076923077
6701,401353234,56.0,56.0,0,0,-0.42,0.14,0.26,0.23,0.63,0.43,0.7051282051282052
11448,401353234,25.0,25.0,0,1,-0.44,-0.56,1.26,-0.2,0.5,1.4,0.3076923076923077
1483,401353234,62.0,62.0,0,0,0.85,-0.86,-0.52,-0.25,-1.63,0.18,0.782051282051282
11333,401353234,34.0,34.0,0,0,-0.22,0.31,0.87,0.1,1.28,0.9,0.4230769230769231
3550,401353234,39.0,39.0,0,0,1.19,-1.01,0.92,-0.37,-0.47,0.65,0.48717948717948717
11387,401353234,46.0,46.0,0,0,-0.18,-0.41,0.98,-0.34,0.24,0.4,0.5769230769230769
5860,401353234,30.0,30.0,0,1,-0.79,0.44,0.76,0.66,1.85,1.15,0.3717948717948718
5902,401353234,67.0,67.0,0,0,-0.18,-1.75,-1.29,1.28,-1.76,-0.85,0.8461538461538461
1680,401353234,3.0,3.0,1,0,1.31,0.3,0.41,0.38,1.08,2.65,0.02564102564102564
11099,401353234,6.0,6.0,1,0,0.53,0.14,1.23,1.15,2.52,2.4,0.0641025641025641
9780,401353234,3.0,3.0,1,0,1.02,-0.88,1.01,1.25,1.38,2.65,0.02564102564102564
569,401353234,6.0,6.0,1,0,0.64,0.46,1.81,-0.03,2.24,2.69,0.0641025641025641
10166,401353234,34.0,34.0,0,0,0.03,-0.24,0.5,0.1,0.36,0.9,0.4230769230769231
4848,401353234,20.0,20.0,0,1,0.43,-0.54,0.81,-0.3,-0.04,1.65,0.24358974358974358
1030,401353234,39.0,39.0,0,0,0.48,-1.09,0.77,0.89,0.57,0.65,0.48717948717948717
446,401353234,46.0,46.0,0,0,0.67,1.02,-0.77,-0.04,0.21,0.69,0.5769230769230769
4513,401353234,65.0,65.0,0,0,-1.38,-0.5,1.11,0.49,1.1,-0.6,0.8205128205128205
3857,401353234,46.0,46.0,0,0,-0.29,-0.22,1.07,-0.17,0.68,0.4,0.5769230769230769
1077,401353234,39.0,39.0,0,0,-0.1,0.47,1.04,0.32,1.83,0.65,0.48717948717948717
3793,401353234,46.0,46.0,0,0,0.46,-0.17,-1.34,0.59,-0.92,0.69,0.5769230769230769
5962,401353234,30.0,30.0,0,1,0.08,0.21,1.16,-0.05,1.31,1.15,0.3717948717948718
1059,401353234,1.0,1.0,1,0,1.24,0.24,1.82,0.43,2.48,2.9,0.0
4859,401353234,77.0,77.0,0,0,-0.09,-1.02,-1.6,-0.4,-3.03,-1.81,0.9743589743589743
2571,401353234,46.0,46.0,0,0,-0.35,-0.14,0.84,-0.14,0.56,0.69,0.5769230769230769
3351,401353234,16.0,16.0,0,1,-0.06,0.92,0.7,0.5,2.12,1.9,0.19230769230769232
9530,401353234,30.0,30.0,0,1,1.04,0.33,-0.22,0.06,0.17,1.44,0.3717948717948718
6954,401353234,34.0,34.0,0,0,1.13,0.19,-0.06,-0.05,0.08,1.19,0.4230769230769231
9931,401353234,25.0,25.0,0,1,0.88,-0.05,1.22,0.01,1.18,1.4,0.3076923076923077
3688,401353234,11.0,11.0,0,1,-0.63,1.73,0.65,-0.2,2.17,2.44,0.1282051282051282
4412121,401353234,64.0,64.0,0,0,0.89,-0.73,-0.29,0.2,-0.83,-0.35,0.8076923076923077
3792,401353234,30.0,30.0,0,1,0.09,-0.08,0.61,-0.22,0.31,1.15,0.3717948717948718
5692,401353234,25.0,25.0,0,1,0.87,0.36,0.1,-0.28,0.18,1.4,0.3076923076923077
707,401353234,6.0,6.0,1,0,1.63,0.21,1.75,-0.53,1.43,2.4,0.0641025641025641
5579,401353234,46.0,46.0,0,0,-0.21,1.6,-0.57,-1.09,-0.06,0.4,0.5769230769230769
6825,401353234,62.0,62.0,0,0,0.51,1.42,-0.74,-0.31,0.37,0.18,0.782051282051282
962,401353234,16.0,16.0,0,1,-0.1,0.59,0.83,0.89,2.31,2.19,0.19230769230769232
377,401353234,70.0,70.0,0,0,1.22,-0.55,-1.49,-0.78,-2.82,-1.1,0.8846153846153846
5619,401353234,56.0,56.0,0,0,-1.25,0.48,0.48,0.17,1.13,0.43,0.7051282051282052
11382,401353234,6.0,6.0,1,0,1.5,1.52,-0.28,1.14,2.38,2.69,0.0641025641025641
7081,401353234,11.0,11.0,0,1,0.46,0.22,0.3,0.42,0.93,2.15,0.1282051282051282
10404,401353234,39.0,39.0,0,0,-0.73,0.66,0.18,-0.39,0.45,0.65,0.48717948717948717
4267,401353234,74.0,74.0,0,0,-0.88,0.45,-0.61,-0.89,-1.06,-1.35,0.9358974358974359
1037,401353234,76.0,76.0,0,0,2.1,-1.16,-2.25,-1.96,-5.37,-1.85,0.9615384615384616
9478,401353234,20.0,20.0,0,1,-0.25,0.05,1.91,0.01,1.97,1.65,0.24358974358974358
3378,401353234,46.0,46.0,0,0,-0.09,1.23,-0.6,0.34,0.96,0.69,0.5769230769230769
8961,401353234,16.0,16.0,0,1,-0.22,1.38,0.18,0.38,1.94,1.9,0.19230769230769232
10980,401353234,25.0,25.0,0,1,0.55,-0.24,1.26,-0.02,0.99,1.69,0.3076923076923077
9513,401353234,20.0,20.0,0,1,-0.37,1.69,0.34,-0.26,1.76,1.65,0.24358974358974358
9658,401353234,16.0,16.0,0,1,0.74,-0.24,1.14,0.57,1.47,2.19,0.19230769230769232
11119,401353234,56.0,56.0,0,0,2.23,-0.96,-0.82,0.93,-0.84,0.15,0.7051282051282052
9877,401353234,2.0,2.0,1,0,-0.42,0.56,2.64,0.95,4.15,2.9,0.01282051282051282
10140,401353234,34.0,34.0,0,0,0.73,0.24,-0.38,0.63,0.49,1.19,0.4230769230769231
5502,401353204,27.0,27.0,0,1,0.46,0.32,0.09,0.05,0.46,0.92,0.40625
9127,401353204,7.0,7.0,1,0,0.95,0.11,1.53,-0.42,1.22,2.17,0.09375
1225,401353204,48.0,48.0,0,0,1.18,0.49,-1.19,-0.57,-1.26,-0.08,0.734375
1651,401353204,36.0,36.0,0,0,0.25,0.28,-0.42,0.56,0.42,0.67,0.546875
1222,401353204,36.0,36.0,0,0,0.34,0.5,-0.37,0.2,0.33,0.67,0.546875
3454,401353204,48.0,48.0,0,0,1.22,0.46,-0.79,-0.97,-1.3,-0.08,0.734375
9243,401353204,17.0,17.0,0,1,0.24,-0.28,0.85,0.6,1.18,1.42,0.25
9126,401353204,11.0,11.0,0,1,0.22,-0.17,1.47,0.4,1.7,1.92,0.15625
10863,401353204,27.0,27.0,0,1,0.55,0.35,-0.23,0.25,0.37,0.92,0.40625
208,401353204,36.0,36.0,0,0,-0.32,0.08,-0.03,0.93,0.99,0.67,0.546875
3449,401353204,27.0,27.0,0,1,0.13,0.36,-0.14,0.57,0.79,0.92,0.40625
10054,401353204,48.0,48.0,0,0,-0.29,0.04,-0.16,0.33,0.21,-0.08,0.734375
10058,401353204,20.0,20.0,0,1,1.03,-1.07,0.52,0.69,0.14,1.17,0.296875
4423323,401353204,20.0,20.0,0,1,-0.61,0.54,1.35,-0.11,1.78,1.17,0.296875
11333,401353204,42.0,42.0,0,0,-0.29,-0.82,1.09,0.2,0.47,0.17,0.640625
4364752,401353204,12.0,12.0,0,1,0.26,0.17,0.25,0.98,1.41,1.67,0.171875
5408,401353204,55.0,55.0,0,0,1.5,0.27,-1.23,-0.87,-1.82,-0.33,0.84375
5860,401353204,1.0,1.0,1,0,1.82,0.29,0.65,0.91,1.85,3.67,0.0
5573,401353204,55.0,55.0,0,0,0.13,0.03,0.38,-0.86,-0.46,-0.33,0.84375
5504,401353204,48.0,48.0,0,0,0.02,-0.57,0.25,0.29,-0.1,-0.08,0.734375
5902,401353204,20.0,20.0,0,1,-0.28,-0.45,1.27,0.64,1.46,1.17,0.296875
153,401353204,42.0,42.0,0,0,0.81,-0.02,0.27,-0.89,-0.63,0.17,0.640625
6894,401353204,55.0,55.0,0,0,-0.1,0.11,-0.2,-0.14,-0.23,-0.33,0.84375
3317,401353204,17.0,17.0,0,1,0.34,-0.1,0.55,0.63,1.08,1.42,0.25
10505,401353204,42.0,42.0,0,0,-0.3,-0.31,0.13,0.65,0.47,0.17,0.640625
446,401353204,65.0,65.0,0,0,-0.21,0.14,-0.27,-1.24,-1.36,-1.58,1.0
4513,401353204,12.0,12.0,0,1,-0.72,0.94,1.11,0.34,2.39,1.67,0.171875
3857,401353204,55.0,55.0,0,0,0.75,-0.35,-0.64,-0.08,-1.08,-0.33,0.84375
10363,401353204,20.0,20.0,0,1,0.08,-0.17,0.9,0.36,1.09,1.17,0.296875
2552,401353204,3.0,3.0,1,0,1.01,0.41,0.79,0.46,1.66,2.67,0.03125
7083,401353204,48.0,48.0,0,0,-0.94,0.09,0.2,0.57,0.86,-0.08,0.734375
8906,401353204,7.0,7.0,1,0,0.94,0.31,0.14,0.78,1.23,2.17,0.09375
318,401353204,20.0,20.0,0,1,-0.44,0.14,1.36,0.11,1.61,1.17,0.296875
1778,401353204,27.0,27.0,0,1,-1.16,-0.29,1.63,0.74,2.08,0.92,0.40625
3793,401353204,61.0,61.0,0,0,0.74,-0.1,-0.58,-0.89,-1.57,-0.83,0.9375
601,401353204,27.0,27.0,0,1,0.48,0.17,0.86,-0.59,0.45,0.92,0.40625
676,401353204,5.0,5.0,1,0,0.06,-0.12,2.39,0.17,2.36,2.42,0.0625
257,401353204,7.0,7.0,1,0,0.7,0.78,0.09,0.61,1.47,2.17,0.09375
3351,401353204,36.0,36.0,0,0,0.05,-0.06,0.28,0.4,0.62,0.67,0.546875
9530,401353204,27.0,27.0,0,1,-0.23,-0.58,0.62,1.11,1.15,0.92,0.40625
3688,401353204,5.0,5.0,1,0,0.62,0.71,1.63,-0.54,1.8,2.42,0.0625
10831,401353204,48.0,48.0,0,0,-0.01,-1.39,0.45,0.87,-0.07,-0.08,0.734375
3980,401353204,42.0,42.0,0,0,0.4,-0.97,0.87,-0.13,-0.23,0.17,0.640625
1750,401353204,20.0,20.0,0,1,-0.41,-0.18,1.59,0.17,1.58,1.17,0.296875
5409,401353204,2.0,2.0,1,0,1.47,-0.15,1.66,0.68,2.2,3.67,0.015625
4483,401353204,7.0,7.0,1,0,0.4,0.19,1.27,0.31,1.77,2.17,0.09375
962,401353204,12.0,12.0,0,1,0.02,0.3,0.41,0.95,1.65,1.67,0.171875
78,401353204,36.0,36.0,0,0,0.9,0.19,-0.36,-0.05,-0.23,0.67,0.546875
7081,401353204,55.0,55.0,0,0,-0.89,0.42,-0.32,0.47,0.56,-0.33,0.84375
9076,401353204,12.0,12.0,0,1,0.45,0.21,1.0,0.02,1.22,1.67,0.171875
6001,401353204,3.0,3.0,1,0,1.3,0.54,-0.04,0.87,1.37,2.67,0.03125
7001,401353204,63.0,63.0,0,0,-0.4,0.34,-0.09,-0.93,-0.68,-1.08,0.96875
8961,401353204,42.0,42.0,0,0,0.07,-0.27,0.77,-0.4,0.1,0.17,0.640625
10980,401353204,48.0,48.0,0,0,1.07,0.98,-1.06,-1.06,-1.15,-0.08,0.734375
9513,401353204,27.0,27.0,0,1,0.03,0.34,0.16,0.39,0.89,0.92,0.40625
1185,401353204,42.0,42.0,0,0,-0.73,0.54,0.34,0.02,0.91,0.17,0.640625
4408315,401353204,17.0,17.0,0,1,1.38,0.68,-0.3,-0.34,0.04,1.42,0.25
10360,401353204,27.0,27.0,0,1,1.02,0.11,0.72,-0.93,-0.1,0.92,0.40625
1614,401353204,61.0,61.0,0,0,0.21,0.32,-0.71,-0.65,-1.04,-0.83,0.9375
9261,401353203,35.0,35.0,0,0,-0.69,-0.53,-0.66,-0.4,-1.59,-2.28,0.918918918918919
4383,401353203,33.0,33.0,0,0,-0.56,-0.7,-0.01,-0.26,-0.97,-1.53,0.8648648648648649
1651,401353203,23.0,23.0,0,1,0.8,0.82,-2.1,-0.06,-1.34,-0.53,0.5945945945945946
6798,401353203,28.0,28.0,0,1,-0.89,0.39,0.37,-0.9,-0.14,-1.03,0.7297297297297297
10863,401353203,10.0,10.0,1,0,0.18,0.21,0.0,0.58,0.79,0.97,0.24324324324324326
10592,401353203,5.0,5.0,1,0,0.11,-0.43,0.87,0.91,1.35,1.47,0.10810810810810811
9131,401353203,1.0,1.0,1,0,1.62,0.42,0.68,1.0,2.1,3.72,0.0
9025,401353203,5.0,5.0,1,0,-0.94,0.36,1.6,0.44,2.4,1.47,0.10810810810810811
11393,401353203,25.0,25.0,0,1,-0.34,-0.4,0.29,-0.33,-0.44,-0.78,0.6486486486486487
5408,401353203,30.0,30.0,0,1,-0.29,0.53,-0.19,-1.33,-0.99,-1.28,0.7837837837837838
5860,401353203,13.0,13.0,0,1,-0.52,0.45,0.88,-0.33,0.99,0.47,0.32432432432432434
6196,401353203,28.0,28.0,0,1,-0.47,-0.89,0.08,0.25,-0.56,-1.03,0.7297297297297297
3317,401353203,38.0,38.0,0,0,-1.31,-0.17,-1.07,-0.48,-1.72,-3.03,1.0
9780,401353203,2.0,2.0,1,0,1.07,0.43,1.31,0.66,2.4,3.47,0.02702702702702703
5467,401353203,21.0,21.0,0,1,0.58,0.09,-0.87,-0.08,-0.86,-0.28,0.5405405405405406
4848,401353203,5.0,5.0,1,0,-0.14,0.53,0.31,0.76,1.61,1.47,0.10810810810810811
2552,401353203,8.0,8.0,1,0,1.35,0.06,0.68,-0.87,-0.13,1.22,0.1891891891891892
7083,401353203,33.0,33.0,0,0,-0.65,-0.41,-0.8,0.33,-0.88,-1.53,0.8648648648648649
318,401353203,13.0,13.0,0,1,-0.13,0.11,0.63,-0.14,0.59,0.47,0.32432432432432434
676,401353203,35.0,35.0,0,0,-1.98,0.4,-1.25,0.55,-0.31,-2.28,0.918918918918919
10343,401353203,37.0,37.0,0,0,0.77,0.0,-1.89,-1.66,-3.55,-2.78,0.972972972972973
8973,401353203,15.0,15.0,0,1,0.89,-0.43,-0.25,0.01,-0.67,0.22,0.3783783783783784
1367,401353203,3.0,3.0,1,0,1.58,0.73,0.23,0.67,1.63,3.22,0.05405405405405406
3351,401353203,10.0,10.0,1,0,0.71,-0.39,0.53,0.12,0.26,0.97,0.24324324324324326
6007,401353203,4.0,4.0,1,0,0.23,0.01,0.89,0.58,1.48,1.72,0.08108108108108109
308,401353203,30.0,30.0,0,1,-0.15,0.05,-0.73,-0.44,-1.13,-1.28,0.7837837837837838
5579,401353203,15.0,15.0,0,1,1.2,-0.07,0.05,-0.96,-0.98,0.22,0.3783783783783784
9938,401353203,19.0,19.0,0,1,0.29,0.17,-0.32,-0.17,-0.32,-0.03,0.4864864864864865
78,401353203,21.0,21.0,0,1,-0.97,-0.03,0.16,0.56,0.69,-0.28,0.5405405405405406
11382,401353203,8.0,8.0,1,0,0.52,0.1,0.01,0.59,0.69,1.22,0.1891891891891892
7081,401353203,23.0,23.0,0,1,0.14,0.26,-1.35,0.42,-0.67,-0.53,0.5945945945945946
6001,401353203,15.0,15.0,0,1,-0.21,0.04,0.34,0.04,0.43,0.22,0.3783783783783784
2230,401353203,19.0,19.0,0,1,-0.53,0.06,0.08,0.36,0.5,-0.03,0.4864864864864865
9513,401353203,15.0,15.0,0,1,-0.59,0.27,0.18,0.35,0.8,0.22,0.3783783783783784
4364873,401353203,30.0,30.0,0,1,-0.81,-1.55,1.03,0.04,-0.48,-1.28,0.7837837837837838
10140,401353203,12.0,12.0,0,1,0.55,0.19,-0.07,0.04,0.16,0.72,0.2972972972972973
9261,401353196,14.0,14.0,0,1,1.35,-0.9,0.72,0.01,-0.16,1.18,0.16
3832,401353196,59.0,59.0,0,0,0.04,-0.23,-1.05,0.18,-1.1,-1.07,0.76
388,401353196,5.0,5.0,1,0,0.62,-0.25,1.06,0.25,1.06,1.68,0.04
10577,401353196,5.0,5.0,1,0,0.29,0.3,1.05,0.04,1.39,1.68,0.04
4383,401353196,68.0,68.0,0,0,-1.5,-0.18,-0.2,0.06,-0.32,-1.82,0.88
1225,401353196,72.0,72.0,0,0,0.05,-0.82,-0.71,-0.58,-2.12,-2.07,0.9333333333333333
6798,401353196,38.0,38.0,0,0,0.31,-0.15,-0.4,0.42,-0.13,0.18,0.48
10863,401353196,64.0,64.0,0,0,0.33,-0.89,-1.37,0.37,-1.89,-1.57,0.8266666666666667
205,401353196,68.0,68.0,0,0,-1.12,-0.41,-1.32,1.03,-0.69,-1.82,0.88
3449,401353196,14.0,14.0,0,1,1.17,0.14,0.01,-0.14,0.01,1.18,0.16
10592,401353196,2.0,2.0,1,0,0.96,-0.06,1.22,0.31,1.47,2.43,0.0
5532,401353196,25.0,25.0,0,1,-0.84,0.1,1.14,0.28,1.53,0.68,0.30666666666666664
1097,401353196,77.0,77.0,0,0,-2.31,-0.7,-0.38,-1.92,-3.01,-5.32,1.0
9131,401353196,9.0,9.0,1,0,0.68,-0.01,0.55,0.2,0.75,1.43,0.09333333333333334
4645,401353196,59.0,59.0,0,0,-0.2,-0.09,-0.86,0.09,-0.86,-1.07,0.76
3448,401353196,45.0,45.0,0,0,0.31,-0.18,-0.07,-0.13,-0.38,-0.07,0.5733333333333334
5882,401353196,18.0,18.0,0,1,-0.38,0.53,0.5,0.28,1.31,0.93,0.21333333333333335
3550,401353196,9.0,9.0,1,0,-0.15,0.13,0.21,1.25,1.58,1.43,0.09333333333333334
4844,401353196,9.0,9.0,1,0,1.5,-0.74,1.0,-0.33,-0.06,1.43,0.09333333333333334
4690611,401353196,75.0,75.0,0,0,-1.2,-1.38,-0.65,0.65,-1.37,-2.57,0.9733333333333334
5860,401353196,59.0,59.0,0,0,-2.39,0.26,0.78,0.28,1.32,-1.07,0.76
5504,401353196,32.0,32.0,0,0,-0.45,-0.45,0.99,0.35,0.89,0.43,0.4
6991,401353196,32.0,32.0,0,0,-1.22,0.08,0.98,0.59,1.66,0.43,0.4
619,401353196,18.0,18.0,0,1,0.46,0.54,0.2,-0.27,0.48,0.93,0.21333333333333335
1680,401353196,64.0,64.0,0,0,0.01,-0.43,-0.33,-0.82,-1.58,-1.57,0.8266666666666667
4602673,401353196,49.0,49.0,0,0,0.77,-0.69,-0.13,-0.27,-1.09,-0.32,0.6266666666666667
3317,401353196,54.0,54.0,0,0,0.99,0.04,-0.56,-1.04,-1.56,-0.57,0.6933333333333334
9934,401353196,68.0,68.0,0,0,0.84,-1.2,-1.8,0.35,-2.65,-1.82,0.88
11099,401353196,45.0,45.0,0,0,-1.11,0.63,0.14,0.28,1.05,-0.07,0.5733333333333334
569,401353196,57.0,57.0,0,0,0.29,-0.61,-0.2,-0.3,-1.11,-0.82,0.7333333333333333
5467,401353196,18.0,18.0,0,1,0.02,0.39,-0.49,1.01,0.91,0.93,0.21333333333333335
4848,401353196,18.0,18.0,0,1,-0.74,0.55,0.9,0.23,1.67,0.93,0.21333333333333335
1030,401353196,14.0,14.0,0,1,-0.1,0.14,0.52,0.63,1.28,1.18,0.16
4513,401353196,32.0,32.0,0,0,0.55,-0.11,-0.42,0.41,-0.12,0.43,0.4
2552,401353196,54.0,54.0,0,0,-0.29,0.58,-1.27,0.41,-0.28,-0.57,0.6933333333333334
7083,401353196,25.0,25.0,0,1,0.41,-0.26,1.04,-0.52,0.27,0.68,0.30666666666666664
8906,401353196,3.0,3.0,1,0,1.35,0.2,0.03,0.36,0.59,1.93,0.013333333333333334
318,401353196,49.0,49.0,0,0,0.92,0.29,-1.01,-0.51,-1.23,-0.32,0.6266666666666667
1077,401353196,49.0,49.0,0,0,-0.39,0.11,0.55,-0.58,0.08,-0.32,0.6266666666666667
676,401353196,45.0,45.0,0,0,-0.41,-0.65,0.35,0.63,0.34,-0.07,0.5733333333333334
1293,401353196,38.0,38.0,0,0,-1.04,0.41,-0.15,0.97,1.23,0.18,0.48
8973,401353196,72.0,72.0,0,0,-0.82,0.55,-1.1,-0.69,-1.24,-2.07,0.9333333333333333
6931,401353196,25.0,25.0,0,1,1.03,0.18,-0.25,-0.28,-0.34,0.68,0.30666666666666664
1367,401353196,38.0,38.0,0,0,-0.02,0.18,-0.41,0.43,0.2,0.18,0.48
3351,401353196,38.0,38.0,0,0,-0.11,0.66,-0.04,-0.34,0.29,0.18,0.48
9530,401353196,38.0,38.0,0,0,0.4,0.23,-0.3,-0.15,-0.22,0.18,0.48
72,401353196,25.0,25.0,0,1,1.17,-0.11,0.0,-0.37,-0.49,0.68,0.30666666666666664
3980,401353196,64.0,64.0,0,0,-0.86,-0.27,-0.14,-0.3,-0.7,-1.57,0.8266666666666667
5579,401353196,68.0,68.0,0,0,0.14,-0.12,-0.53,-1.3,-1.95,-1.82,0.88
3702,401353196,3.0,3.0,1,0,-0.32,0.56,0.31,1.38,2.25,1.93,0.013333333333333334
5409,401353196,25.0,25.0,0,1,-1.26,0.23,1.29,0.43,1.95,0.68,0.30666666666666664
11253,401353196,63.0,63.0,0,0,-0.8,0.14,-0.55,-0.1,-0.52,-1.32,0.8133333333333334
5619,401353196,9.0,9.0,1,0,0.7,0.58,-0.23,0.38,0.73,1.43,0.09333333333333334
9938,401353196,5.0,5.0,1,0,0.49,0.23,1.06,-0.09,1.2,1.68,0.04
78,401353196,49.0,49.0,0,0,-0.75,-0.17,1.26,-0.65,0.44,-0.32,0.6266666666666667
158,401353196,25.0,25.0,0,1,-0.09,0.47,-0.47,0.77,0.78,0.68,0.30666666666666664
11382,401353196,9.0,9.0,1,0,-0.37,1.4,-0.37,0.76,1.8,1.43,0.09333333333333334
4449,401353196,32.0,32.0,0,0,0.72,-0.68,0.04,0.35,-0.28,0.43,0.4
7081,401353196,76.0,76.0,0,0,-1.29,-1.18,-1.31,0.22,-2.27,-3.57,0.9866666666666667
7081,401353196,32.0,76.0,0,0,0.1,-0.27,0.47,0.06,0.25,0.35,0.9866666666666667
4587,401353196,54.0,54.0,0,0,1.09,0.01,-0.38,-1.28,-1.66,-0.57,0.6933333333333334
10404,401353196,49.0,49.0,0,0,-0.34,-0.12,0.28,-0.13,0.03,-0.32,0.6266666666666667
9478,401353196,38.0,38.0,0,0,0.9,0.23,0.52,-1.47,-0.72,0.18,0.48
2230,401353196,45.0,45.0,0,0,-1.46,0.29,0.61,0.5,1.4,-0.07,0.5733333333333334
5539,401353196,38.0,38.0,0,0,-0.43,0.73,-0.23,0.12,0.61,0.18,0.48
9513,401353196,5.0,5.0,1,0,0.42,0.3,1.31,-0.36,1.26,1.68,0.04
5553,401353196,18.0,18.0,0,1,0.89,0.4,0.44,-0.79,0.05,0.93,0.21333333333333335
6086,401353196,32.0,32.0,0,0,-0.17,0.43,0.84,-0.67,0.61,0.43,0.4
4364873,401353196,18.0,18.0,0,1,1.39,-0.88,-0.22,0.64,-0.46,0.93,0.21333333333333335
1614,401353196,14.0,14.0,0,1,0.85,1.42,-0.66,-0.43,0.33,1.18,0.16
10140,401353196,18.0,18.0,0,1,0.01,0.15,0.72,0.05,0.93,0.93,0.21333333333333335
5548,401353195,6.0,6.0,1,0,0.89,0.55,1.29,-0.22,1.61,2.5,0.07042253521126761
4989,401353195,64.0,64.0,0,0,-0.44,0.31,-0.97,0.6,-0.06,-0.5,0.8873239436619719
5502,401353195,11.0,11.0,0,1,0.98,-0.1,1.58,-0.46,1.02,2.0,0.14084507042253522
10372,401353195,3.0,3.0,1,0,2.16,-0.36,1.23,-0.27,0.59,2.75,0.028169014084507043
388,401353195,35.0,35.0,0,0,0.33,-0.25,1.13,-0.45,0.43,0.75,0.4788732394366197
9484,401353195,47.0,47.0,0,0,-0.18,-0.31,0.08,0.41,0.18,0.0,0.647887323943662
10577,401353195,8.0,8.0,1,0,0.46,0.57,0.83,0.39,1.79,2.25,0.09859154929577464
774,401353195,72.0,72.0,0,0,-0.23,-0.65,-1.51,-0.1,-2.27,-2.5,1.0
9584,401353195,56.0,56.0,0,0,0.32,0.49,-1.02,-0.04,-0.57,-0.25,0.7746478873239436
6798,401353195,67.0,67.0,0,0,-0.74,-0.14,-0.46,0.35,-0.26,-1.0,0.9295774647887324
9126,401353195,40.0,40.0,0,0,1.35,-0.25,-1.72,1.13,-0.85,0.5,0.5492957746478874
10863,401353195,27.0,27.0,0,1,-0.41,-0.05,0.85,0.61,1.41,1.0,0.36619718309859156
5704,401353195,27.0,27.0,0,1,1.28,0.13,-0.14,-0.27,-0.28,1.0,0.36619718309859156
205,401353195,44.0,44.0,0,0,0.44,-0.21,0.27,-0.25,-0.19,0.25,0.6056338028169014
208,401353195,47.0,47.0,0,0,-0.53,0.72,-0.76,0.58,0.54,0.0,0.647887323943662
5532,401353195,47.0,47.0,0,0,-0.01,-1.0,0.27,0.74,0.01,0.0,0.647887323943662
4645,401353195,56.0,56.0,0,0,0.68,-0.8,-0.23,0.11,-0.93,-0.25,0.7746478873239436
1264,401353195,35.0,35.0,0,0,-0.09,0.6,0.79,-0.55,0.84,0.75,0.4788732394366197
11456,401353195,40.0,40.0,0,0,0.45,0.07,0.72,-0.73,0.05,0.5,0.5492957746478874
10058,401353195,56.0,56.0,0,0,-0.38,-0.16,0.21,0.09,0.13,-0.25,0.7746478873239436
4304,401353195,21.0,21.0,0,1,-0.03,1.28,-0.16,0.42,1.53,1.5,0.28169014084507044
5882,401353195,47.0,47.0,0,0,0.37,-0.88,0.22,0.29,-0.37,0.0,0.647887323943662
1483,401353195,67.0,67.0,0,0,-0.41,0.49,-1.15,0.07,-0.59,-1.0,0.9295774647887324
11333,401353195,47.0,47.0,0,0,0.45,-0.12,0.07,-0.4,-0.45,0.0,0.647887323943662
4364752,401353195,8.0,8.0,1,0,0.57,0.14,0.91,0.63,1.68,2.25,0.09859154929577464
4844,401353195,27.0,27.0,0,1,-0.14,0.49,0.15,0.5,1.14,1.0,0.36619718309859156
5860,401353195,67.0,67.0,0,0,-0.55,-0.24,-0.03,-0.18,-0.45,-1.0,0.9295774647887324
5573,401353195,65.0,65.0,0,0,-0.98,0.32,0.01,-0.1,0.23,-0.75,0.9014084507042254
5504,401353195,56.0,56.0,0,0,-0.42,-0.18,0.09,0.27,0.17,-0.25,0.7746478873239436
3856,401353195,65.0,65.0,0,0,0.83,0.77,-1.77,-0.58,-1.58,-0.75,0.9014084507042254
6196,401353195,24.0,24.0,0,1,-0.45,0.14,0.93,0.63,1.7,1.25,0.323943661971831
11099,401353195,40.0,40.0,0,0,0.8,0.0,0.09,-0.38,-0.29,0.5,0.5492957746478874
10166,401353195,35.0,35.0,0,0,1.65,-0.77,0.33,-0.46,-0.9,0.75,0.4788732394366197
446,401353195,24.0,24.0,0,1,-0.44,0.97,0.59,0.13,1.69,1.25,0.323943661971831
7083,401353195,14.0,14.0,0,1,0.28,0.17,0.34,0.97,1.47,1.75,0.18309859154929578
1077,401353195,47.0,47.0,0,0,0.67,-0.08,-0.36,-0.23,-0.67,0.0,0.647887323943662
676,401353195,67.0,67.0,0,0,-1.58,-0.41,0.3,0.69,0.58,-1.0,0.9295774647887324
5962,401353195,6.0,6.0,1,0,1.41,0.53,1.14,-0.58,1.09,2.5,0.07042253521126761
4404991,401353195,27.0,27.0,0,1,0.6,0.3,-0.49,0.58,0.4,1.0,0.36619718309859156
1293,401353195,14.0,14.0,0,1,-0.47,0.68,1.2,0.34,2.22,1.75,0.18309859154929578
9143,401353195,44.0,44.0,0,0,-0.83,0.76,0.48,-0.16,1.08,0.25,0.6056338028169014
1367,401353195,27.0,27.0,0,1,-0.35,0.84,0.34,0.18,1.35,1.0,0.36619718309859156
257,401353195,35.0,35.0,0,0,-0.04,0.18,0.84,-0.22,0.8,0.75,0.4788732394366197
2571,401353195,11.0,11.0,0,1,0.92,0.74,0.82,-0.48,1.08,2.0,0.14084507042253522
3351,401353195,3.0,3.0,1,0,1.88,0.26,0.31,0.3,0.87,2.75,0.028169014084507043
6954,401353195,14.0,14.0,0,1,0.07,0.52,1.6,-0.43,1.68,1.75,0.18309859154929578
9931,401353195,40.0,40.0,0,0,-0.96,-0.94,1.32,1.09,1.47,0.5,0.5492957746478874
3688,401353195,56.0,56.0,0,0,0.45,0.71,-1.16,-0.25,-0.7,-0.25,0.7746478873239436
10548,401353195,14.0,14.0,0,1,0.31,0.12,1.1,0.21,1.44,1.75,0.18309859154929578
4412121,401353195,2.0,2.0,1,0,1.72,0.57,0.96,-0.25,1.28,3.0,0.014084507042253521
1600,401353195,35.0,35.0,0,0,1.5,-0.41,-0.28,-0.06,-0.75,0.75,0.4788732394366197
3792,401353195,47.0,47.0,0,0,0.04,0.61,-0.96,0.3,-0.04,0.0,0.647887323943662
1042,401353195,56.0,56.0,0,0,0.23,-0.25,0.16,-0.38,-0.48,-0.25,0.7746478873239436
5409,401353195,21.0,21.0,0,1,-0.33,0.3,1.82,-0.29,1.83,1.5,0.28169014084507044
377,401353195,3.0,3.0,1,0,0.14,1.52,0.81,0.28,2.62,2.75,0.028169014084507043
5619,401353195,27.0,27.0,0,1,1.39,-0.35,-0.09,0.06,-0.38,1.0,0.36619718309859156
9804,401353195,47.0,47.0,0,0,0.36,-0.32,-0.2,0.16,-0.36,0.0,0.647887323943662
9938,401353195,14.0,14.0,0,1,-0.29,0.42,0.69,0.92,2.04,1.75,0.18309859154929578
11382,401353195,1.0,1.0,1,0,1.38,0.62,1.36,0.64,2.62,4.0,0.0
4449,401353195,27.0,27.0,0,1,1.09,-0.46,0.74,-0.38,-0.09,1.0,0.36619718309859156
6001,401353195,21.0,21.0,0,1,-0.26,0.0,1.63,0.13,1.76,1.5,0.28169014084507044
9513,401353195,11.0,11.0,0,1,-0.21,1.1,1.41,-0.3,2.21,2.0,0.14084507042253522
6086,401353195,14.0,14.0,0,1,0.76,0.49,0.83,-0.33,0.99,1.75,0.18309859154929578
9626,401353195,56.0,56.0,0,0,0.34,-0.57,-0.06,0.04,-0.59,-0.25,0.7746478873239436
9658,401353195,47.0,47.0,0,0,0.34,0.12,-0.89,0.43,-0.34,0.0,0.647887323943662
4364873,401353195,44.0,44.0,0,0,-0.2,-2.23,1.32,1.35,0.45,0.25,0.6056338028169014
11119,401353195,56.0,56.0,0,0,0.69,0.44,-1.71,0.33,-0.94,-0.25,0.7746478873239436
9517,401353194,67.0,67.0,0,0,-0.71,-0.01,-0.7,0.14,-0.58,-1.29,0.9850746268656716
5548,401353194,45.0,45.0,0,0,0.53,0.03,0.11,-0.46,-0.32,0.21,0.6567164179104478
4682,401353194,4.0,4.0,1,0,1.43,0.08,0.87,0.32,1.27,2.71,0.04477611940298507
6015,401353194,29.0,29.0,0,1,1.46,-0.04,0.4,-0.61,-0.25,1.21,0.417910447761194
4683804,401353194,51.0,51.0,0,0,-0.14,0.35,0.46,-0.71,0.1,-0.04,0.746268656716418
9484,401353194,31.0,31.0,0,0,-0.15,1.06,0.72,-0.67,1.11,0.96,0.44776119402985076
10577,401353194,26.0,26.0,0,1,-0.06,1.44,-0.62,0.7,1.52,1.46,0.373134328358209
2283,401353194,56.0,56.0,0,0,-0.66,-0.48,0.23,0.61,0.36,-0.29,0.8208955223880597
9584,401353194,58.0,58.0,0,0,0.03,-0.15,-0.89,0.47,-0.57,-0.54,0.8507462686567164
3596,401353194,17.0,17.0,0,1,0.76,0.11,0.56,0.29,0.95,1.71,0.23880597014925373
9126,401353194,17.0,17.0,0,1,0.01,0.09,0.85,0.75,1.7,1.71,0.23880597014925373
5704,401353194,45.0,45.0,0,0,-0.21,0.81,-0.29,-0.1,0.42,0.21,0.6567164179104478
205,401353194,39.0,39.0,0,0,0.01,0.46,0.37,-0.39,0.44,0.46,0.5671641791044776
3449,401353194,35.0,35.0,0,0,-0.4,0.51,0.5,0.1,1.11,0.71,0.5074626865671642
4645,401353194,11.0,11.0,0,1,0.91,0.53,0.8,0.18,1.52,2.42,0.14925373134328357
4425906,401353194,2.0,2.0,1,0,1.34,0.57,0.28,0.77,1.62,2.96,0.014925373134328358
5167,401353194,39.0,39.0,0,0,-0.26,0.55,0.62,-0.45,0.72,0.46,0.5671641791044776
11456,401353194,58.0,58.0,0,0,-0.15,-0.29,0.48,-0.58,-0.39,-0.54,0.8507462686567164
10054,401353194,17.0,17.0,0,1,0.9,0.94,-0.22,0.1,0.81,1.71,0.23880597014925373
11448,401353194,56.0,56.0,0,0,0.81,-0.44,-0.23,-0.43,-1.1,-0.29,0.8208955223880597
4602218,401353194,35.0,35.0,0,0,-0.37,0.41,0.16,0.51,1.07,0.71,0.5074626865671642
5882,401353194,39.0,39.0,0,0,-0.51,-0.67,0.85,0.79,0.97,0.46,0.5671641791044776
4364752,401353194,4.0,4.0,1,0,1.27,0.41,0.24,0.79,1.44,2.71,0.04477611940298507
6991,401353194,11.0,11.0,0,1,1.53,-0.01,0.59,0.1,0.68,2.21,0.14925373134328357
5902,401353194,58.0,58.0,0,0,-1.47,-0.47,0.94,0.46,0.93,-0.54,0.8507462686567164
6196,401353194,51.0,51.0,0,0,1.04,-0.59,0.15,-0.63,-1.08,-0.04,0.746268656716418
5797,401353194,63.0,63.0,0,0,-0.24,0.16,-0.28,-0.42,-0.55,-0.79,0.9253731343283582
10166,401353194,68.0,68.0,0,0,-0.51,0.34,-1.69,-0.19,-1.53,-2.04,1.0
446,401353194,45.0,45.0,0,0,0.87,-0.48,0.97,-1.16,-0.66,0.21,0.6567164179104478
10364,401353194,45.0,45.0,0,0,-0.16,-0.9,1.42,-0.16,0.36,0.21,0.6567164179104478
1734,401353194,35.0,35.0,0,0,0.43,-0.09,0.29,0.08,0.27,0.71,0.5074626865671642
1077,401353194,31.0,31.0,0,0,0.2,-0.53,0.55,0.75,0.76,0.96,0.44776119402985076
676,401353194,58.0,58.0,0,0,-0.63,-0.77,0.74,0.12,0.08,-0.54,0.8507462686567164
4404991,401353194,45.0,45.0,0,0,-0.69,0.06,0.56,0.28,0.9,0.21,0.6567164179104478
1059,401353194,17.0,17.0,0,1,-0.5,0.69,0.48,1.04,2.21,1.71,0.23880597014925373
9931,401353194,31.0,31.0,0,0,-1.18,0.19,1.39,0.55,2.13,0.96,0.44776119402985076
3688,401353194,51.0,51.0,0,0,1.01,-0.38,-0.23,-0.43,-1.05,-0.04,0.746268656716418
4412121,401353194,17.0,17.0,0,1,0.28,0.46,0.38,0.59,1.43,1.71,0.23880597014925373
10048,401353194,26.0,26.0,0,1,0.32,-0.18,0.66,0.66,1.14,1.46,0.373134328358209
1600,401353194,17.0,17.0,0,1,2.09,0.08,-0.45,-0.01,-0.38,1.71,0.23880597014925373
1042,401353194,2.0,2.0,1,0,2.89,-0.28,0.05,0.25,0.08,2.97,0.014925373134328358
10831,401353194,39.0,39.0,0,0,0.86,-0.65,-0.21,0.45,-0.4,0.46,0.5671641791044776
5692,401353194,51.0,51.0,0,0,-0.67,-0.02,0.87,-0.23,0.62,-0.04,0.746268656716418
4483,401353194,29.0,29.0,0,1,0.51,0.64,0.55,-0.49,0.7,1.21,0.417910447761194
809,401353194,39.0,39.0,0,0,0.38,0.01,0.73,-0.66,0.08,0.46,0.5671641791044776
6090,401353194,14.0,14.0,0,1,0.96,0.16,1.18,-0.34,1.0,1.96,0.19402985074626866
9938,401353194,1.0,1.0,1,0,-0.49,0.09,2.07,1.54,3.7,3.21,0.0
6937,401353194,26.0,26.0,0,1,0.88,1.07,0.19,-0.68,0.57,1.46,0.373134328358209
4449,401353194,65.0,65.0,0,0,0.63,-0.75,0.06,-0.98,-1.67,-1.04,0.9552238805970149
7081,401353194,8.0,8.0,1,0,0.78,-0.29,1.24,0.72,1.68,2.46,0.1044776119402985
10932,401353194,8.0,8.0,1,0,1.14,0.07,0.07,1.19,1.32,2.46,0.1044776119402985
7001,401353194,51.0,51.0,0,0,0.48,-0.45,0.3,-0.36,-0.52,-0.04,0.746268656716418
10980,401353194,8.0,8.0,1,0,0.77,0.77,0.28,0.59,1.66,2.42,0.1044776119402985
9569,401353194,14.0,14.0,0,1,0.68,0.63,0.01,0.65,1.28,1.96,0.19402985074626866
9626,401353194,4.0,4.0,1,0,1.38,-0.74,0.64,1.44,1.33,2.71,0.04477611940298507
9658,401353194,39.0,39.0,0,0,0.41,0.28,-0.34,0.12,0.05,0.46,0.5671641791044776
4408315,401353194,65.0,65.0,0,0,0.79,-0.78,-1.15,0.1,-1.83,-1.04,0.9552238805970149
3532,401353194,17.0,17.0,0,1,0.4,1.12,0.53,-0.34,1.3,1.71,0.23880597014925373
9877,401353194,14.0,14.0,0,1,0.97,-0.07,0.47,0.54,0.99,1.97,0.19402985074626866
16,401353193,36.0,36.0,0,0,-0.22,0.9,0.51,-0.5,0.91,0.68,0.5147058823529411
9517,401353193,11.0,11.0,0,1,1.61,0.24,-0.18,0.27,0.33,1.93,0.14705882352941177
5502,401353193,30.0,30.0,0,1,0.1,0.81,0.1,-0.07,0.84,0.93,0.4264705882352941
10372,401353193,51.0,51.0,0,0,-0.07,-1.11,0.48,0.63,0.0,-0.07,0.7352941176470589
9127,401353193,51.0,51.0,0,0,-0.05,0.4,-0.05,-0.37,-0.02,-0.07,0.7352941176470589
1626,401353193,16.0,16.0,0,1,0.93,-0.63,1.35,0.03,0.75,1.68,0.22058823529411764
6011,401353193,16.0,16.0,0,1,2.35,0.68,-0.44,-0.91,-0.67,1.68,0.22058823529411764
3596,401353193,42.0,42.0,0,0,0.36,0.32,-0.64,0.39,0.07,0.43,0.6029411764705882
3454,401353193,22.0,22.0,0,1,1.25,-0.17,0.66,-0.31,0.18,1.43,0.3088235294117647
205,401353193,22.0,22.0,0,1,-0.26,0.93,0.45,0.31,1.69,1.43,0.3088235294117647
6017,401353193,6.0,6.0,1,0,1.63,-0.3,1.15,-0.29,0.56,2.18,0.07352941176470588
1121,401353193,64.0,64.0,0,0,-0.22,-0.14,-0.04,-0.17,-0.35,-0.57,0.9264705882352942
769,401353193,28.0,28.0,0,1,-0.14,-0.15,1.34,0.15,1.33,1.18,0.39705882352941174
8975,401353193,51.0,51.0,0,0,-0.88,0.67,0.92,-0.78,0.82,-0.07,0.7352941176470589
4645,401353193,22.0,22.0,0,1,0.52,0.42,0.57,-0.07,0.92,1.43,0.3088235294117647
6701,401353193,22.0,22.0,0,1,1.24,-0.51,-0.03,0.74,0.2,1.43,0.3088235294117647
5860,401353193,6.0,6.0,1,0,-0.35,0.9,1.14,0.5,2.53,2.18,0.07352941176470588
6991,401353193,16.0,16.0,0,1,1.23,0.83,-0.25,-0.12,0.46,1.68,0.22058823529411764
4421475,401353193,6.0,6.0,1,0,0.19,0.36,1.54,0.09,1.99,2.18,0.07352941176470588
5902,401353193,42.0,42.0,0,0,-1.3,-0.38,1.23,0.88,1.74,0.43,0.6029411764705882
110,401353193,42.0,42.0,0,0,-0.34,0.11,0.51,0.15,0.77,0.43,0.6029411764705882
3598,401353193,42.0,42.0,0,0,0.65,-0.48,0.33,-0.06,-0.22,0.43,0.6029411764705882
6894,401353193,11.0,11.0,0,1,0.84,1.79,-0.51,-0.19,1.09,1.93,0.14705882352941177
10583,401353193,58.0,58.0,0,0,-0.19,-0.34,-0.09,0.31,-0.13,-0.32,0.8382352941176471
3793,401353193,30.0,30.0,0,1,0.56,0.14,-0.01,0.24,0.38,0.93,0.4264705882352941
5962,401353193,66.0,66.0,0,0,-0.1,-0.23,-0.01,-0.47,-0.72,-0.82,0.9558823529411765
1059,401353193,51.0,51.0,0,0,-0.8,0.02,0.04,0.68,0.73,-0.07,0.7352941176470589
4859,401353193,66.0,66.0,0,0,-1.47,-0.69,0.88,0.47,0.66,-0.82,0.9558823529411765
8973,401353193,1.0,1.0,1,0,1.05,0.68,1.09,0.86,2.64,3.68,0.0
9143,401353193,16.0,16.0,0,1,1.42,0.19,0.6,-0.53,0.26,1.68,0.22058823529411764
257,401353193,36.0,36.0,0,0,0.94,1.03,-0.97,-0.32,-0.26,0.68,0.5147058823529411
3351,401353193,4.0,4.0,1,0,1.78,0.22,1.26,-0.58,0.91,2.68,0.04411764705882353
9530,401353193,2.0,2.0,1,0,0.83,0.85,0.41,0.91,2.21,3.04,0.014705882352941176
6954,401353193,51.0,51.0,0,0,-0.72,-0.94,1.56,0.03,0.65,-0.07,0.7352941176470589
9931,401353193,3.0,3.0,1,0,0.1,0.65,1.56,0.62,2.83,2.93,0.029411764705882353
3688,401353193,69.0,69.0,0,0,0.48,-0.77,-0.65,-0.13,-1.55,-1.07,1.0
1600,401353193,16.0,16.0,0,1,0.62,0.16,0.3,0.61,1.07,1.68,0.22058823529411764
3792,401353193,64.0,64.0,0,0,1.21,-0.55,-0.74,-0.48,-1.78,-0.57,0.9264705882352942
1042,401353193,30.0,30.0,0,1,0.03,0.49,0.32,0.1,0.9,0.93,0.4264705882352941
3980,401353193,28.0,28.0,0,1,1.0,0.56,-0.4,0.02,0.18,1.18,0.39705882352941174
5692,401353193,22.0,22.0,0,1,0.65,0.13,0.3,0.36,0.79,1.43,0.3088235294117647
308,401353193,36.0,36.0,0,0,0.53,0.1,-0.04,0.09,0.15,0.68,0.5147058823529411
6825,401353193,6.0,6.0,1,0,1.36,0.83,-0.49,0.49,0.83,2.18,0.07352941176470588
1674,401353193,47.0,47.0,0,0,0.65,0.01,-0.77,0.29,-0.47,0.18,0.6764705882352942
1750,401353193,51.0,51.0,0,0,0.22,-0.61,-0.32,0.64,-0.29,-0.07,0.7352941176470589
4483,401353193,58.0,58.0,0,0,-0.85,0.04,-0.01,0.51,0.53,-0.32,0.8382352941176471
4449,401353193,47.0,47.0,0,0,-0.32,0.72,0.06,-0.28,0.5,0.18,0.6764705882352942
7081,401353193,11.0,11.0,0,1,0.17,1.0,0.25,0.52,1.77,1.93,0.14705882352941177
1359,401353193,58.0,58.0,0,0,0.66,-0.1,-0.99,0.11,-0.98,-0.32,0.8382352941176471
1037,401353193,11.0,11.0,0,1,0.72,0.89,-0.13,0.45,1.21,1.93,0.14705882352941177
7001,401353193,58.0,58.0,0,0,-0.8,-0.36,1.23,-0.38,0.48,-0.32,0.8382352941176471
3378,401353193,6.0,6.0,1,0,1.71,-0.39,0.58,0.28,0.47,2.18,0.07352941176470588
10980,401353193,47.0,47.0,0,0,-1.02,0.21,0.63,0.36,1.21,0.18,0.6764705882352942
9513,401353193,4.0,4.0,1,0,0.47,1.39,0.65,0.18,2.21,2.68,0.04411764705882353
6086,401353193,36.0,36.0,0,0,0.02,-0.16,0.79,0.04,0.67,0.68,0.5147058823529411
3970,401353193,16.0,16.0,0,1,1.12,-0.21,0.47,0.3,0.56,1.68,0.22058823529411764
1185,401353193,58.0,58.0,0,0,-0.6,0.11,0.34,-0.17,0.28,-0.32,0.8382352941176471
11119,401353193,30.0,30.0,0,1,-0.29,0.22,0.08,0.92,1.22,0.93,0.4264705882352941
1614,401353193,30.0,30.0,0,1,0.9,0.27,-0.32,0.09,0.03,0.93,0.4264705882352941
9877,401353193,11.0,11.0,0,1,-0.35,0.58,1.11,0.6,2.28,1.93,0.14705882352941177
9261,401243402,9.0,9.0,1,0,0.16,-0.33,0.59,-0.11,0.15,0.31,0.2857142857142857
10046,401243402,7.0,7.0,1,0,-0.18,-0.36,-0.18,1.03,0.49,0.31,0.21428571428571427
1651,401243402,9.0,9.0,1,0,0.45,-0.07,0.3,0.64,0.86,1.31,0.2857142857142857
9126,401243402,22.0,22.0,0,1,-0.21,-1.49,0.37,0.64,-0.48,-0.69,0.75
10592,401243402,26.0,26.0,0,1,-1.12,-0.22,-0.22,-0.38,-0.82,-1.94,0.8928571428571429
9131,401243402,14.0,14.0,0,1,-0.1,0.0,-0.29,-0.3,-0.59,-0.69,0.4642857142857143
9025,401243402,11.0,11.0,0,1,-0.49,0.35,0.7,0.26,1.3,0.81,0.35714285714285715
3448,401243402,8.0,8.0,1,0,2.37,-0.32,-0.64,-0.6,-1.56,0.81,0.25
9364,401243402,22.0,22.0,0,1,0.64,-0.33,-0.02,-0.73,-1.08,-0.44,0.75
5408,401243402,18.0,18.0,0,1,0.09,0.04,-0.05,-0.76,-0.78,-0.69,0.6071428571428571
5860,401243402,26.0,26.0,0,1,-0.76,0.84,-1.09,-0.43,-0.68,-1.44,0.8928571428571429
3317,401243402,11.0,11.0,0,1,-0.28,-0.12,0.47,0.24,0.59,0.31,0.35714285714285715
11099,401243402,29.0,29.0,0,1,-1.38,-0.23,-0.88,0.05,-1.06,-2.44,1.0
9780,401243402,2.0,2.0,1,0,0.75,1.2,-0.38,0.75,1.56,2.31,0.03571428571428571
5467,401243402,20.0,20.0,0,1,-0.11,0.11,-1.51,0.32,-1.08,-1.19,0.6785714285714286
4848,401243402,4.0,4.0,1,0,0.63,0.09,0.86,-0.01,0.93,1.56,0.10714285714285714
318,401243402,3.0,3.0,1,0,0.73,0.59,1.5,-0.51,1.58,2.31,0.07142857142857142
1293,401243402,14.0,14.0,0,1,-0.06,0.43,0.17,-0.72,-0.13,-0.19,0.4642857142857143
6007,401243402,1.0,1.0,1,0,-0.18,0.01,0.79,0.77,1.64,1.46,0.0
5579,401243402,25.0,25.0,0,1,0.55,0.41,-1.3,-0.36,-1.24,-0.69,0.8571428571428571
3470,401243402,14.0,14.0,0,1,0.24,0.22,-0.18,-0.22,-0.18,0.06,0.4642857142857143
9938,401243402,18.0,18.0,0,1,1.2,-0.76,-1.34,0.22,-1.89,-0.69,0.6071428571428571
78,401243402,26.0,26.0,0,1,-0.34,-0.12,-0.49,-0.48,-1.1,-1.44,0.8928571428571429
158,401243402,14.0,14.0,0,1,-0.03,-0.29,-0.02,0.9,0.59,0.56,0.4642857142857143
11382,401243402,20.0,20.0,0,1,-0.43,-0.3,-0.21,0.0,-0.51,-0.94,0.6785714285714286
9478,401243402,22.0,22.0,0,1,-1.5,0.61,-0.11,0.31,0.81,-0.69,0.75
2230,401243402,11.0,11.0,0,1,-1.02,0.04,0.4,-0.61,-0.18,-1.19,0.35714285714285715
4364873,401243402,5.0,5.0,1,0,-0.62,0.19,2.02,-0.02,2.18,1.56,0.14285714285714285
10140,401243402,5.0,5.0,1,0,0.91,-0.1,1.17,-0.17,0.9,1.81,0.14285714285714285
9261,401243403,9.0,9.0,1,0,1.3,-0.17,0.57,0.0,0.4,1.7,0.12307692307692308
3832,401243403,9.0,9.0,1,0,1.07,0.52,-0.17,0.28,0.64,1.7,0.12307692307692308
10577,401243403,17.0,17.0,0,1,0.67,-0.05,0.46,-0.13,0.28,0.95,0.24615384615384617
10046,401243403,2.0,2.0,1,0,2.34,-0.27,-0.13,2.01,1.61,3.95,0.015384615384615385
4383,401243403,52.0,52.0,0,0,-0.42,0.26,-0.34,-1.04,-1.12,-1.55,0.7846153846153846
1225,401243403,29.0,29.0,0,1,0.07,0.35,-0.2,-0.02,0.13,0.2,0.4307692307692308
1651,401243403,52.0,52.0,0,0,-0.43,0.23,-1.0,-0.34,-1.11,-1.55,0.7846153846153846
6798,401243403,22.0,22.0,0,1,-0.28,0.03,0.47,0.49,0.99,0.7,0.3230769230769231
11098,401243403,66.0,66.0,0,0,-0.16,-0.89,-1.93,0.43,-2.39,-2.55,1.0
9126,401243403,22.0,22.0,0,1,-0.17,0.77,-0.02,0.12,0.87,0.7,0.3230769230769231
10863,401243403,29.0,29.0,0,1,-0.25,0.78,0.0,-0.33,0.45,0.2,0.4307692307692308
205,401243403,38.0,38.0,0,0,0.56,0.08,-0.83,-0.1,-0.85,-0.3,0.5692307692307692
3449,401243403,48.0,48.0,0,0,-1.59,0.34,0.59,-0.13,0.79,-0.8,0.7230769230769231
10592,401243403,63.0,63.0,0,0,-1.29,-0.54,0.12,-0.59,-1.01,-2.3,0.9538461538461539
5532,401243403,66.0,66.0,0,0,-2.42,-0.37,0.2,0.04,-0.13,-2.55,1.0
1097,401243403,17.0,17.0,0,1,-0.07,0.27,0.51,0.25,1.02,0.95,0.24615384615384617
9131,401243403,34.0,34.0,0,0,-0.23,0.1,0.29,-0.2,0.18,-0.05,0.5076923076923077
4645,401243403,52.0,52.0,0,0,-0.88,0.15,-0.19,-0.62,-0.67,-1.55,0.7846153846153846
9025,401243403,26.0,26.0,0,1,-0.84,0.76,0.73,-0.2,1.29,0.45,0.38461538461538464
3448,401243403,6.0,6.0,1,0,1.45,0.3,-0.4,0.85,0.75,2.2,0.07692307692307693
5882,401243403,46.0,46.0,0,0,-0.44,-0.57,0.09,0.37,-0.1,-0.55,0.6923076923076923
9364,401243403,5.0,5.0,1,0,0.37,0.0,1.63,0.45,2.09,2.45,0.06153846153846154
5408,401243403,26.0,26.0,0,1,0.2,0.04,0.19,0.02,0.25,0.45,0.38461538461538464
4844,401243403,38.0,38.0,0,0,0.12,0.75,-1.46,0.3,-0.41,-0.3,0.5692307692307692
5860,401243403,46.0,46.0,0,0,-0.9,-0.04,0.35,0.04,0.35,-0.55,0.6923076923076923
5504,401243403,17.0,17.0,0,1,1.5,-0.36,0.56,-0.75,-0.55,0.95,0.24615384615384617
6991,401243403,12.0,12.0,0,1,-0.23,0.21,1.28,0.2,1.69,1.45,0.16923076923076924
3317,401243403,15.0,15.0,0,1,1.03,-0.46,0.84,-0.2,0.17,1.2,0.2153846153846154
11099,401243403,29.0,29.0,0,1,-0.89,-0.26,0.98,0.37,1.09,0.2,0.4307692307692308
9780,401243403,9.0,9.0,1,0,1.72,-0.51,0.07,0.42,-0.02,1.7,0.12307692307692308
5467,401243403,34.0,34.0,0,0,0.2,0.04,0.1,-0.39,-0.25,-0.05,0.5076923076923077
4848,401243403,22.0,22.0,0,1,-0.48,0.4,0.52,0.26,1.18,0.7,0.3230769230769231
1030,401243403,38.0,38.0,0,0,-0.2,-0.53,0.43,0.0,-0.1,-0.3,0.5692307692307692
4513,401243403,60.0,60.0,0,0,-1.53,-0.6,0.65,-0.57,-0.51,-2.05,0.9076923076923077
2552,401243403,66.0,66.0,0,0,-1.86,0.82,-1.04,-0.46,-0.69,-2.55,1.0
7083,401243403,12.0,12.0,0,1,0.35,-0.28,1.18,0.19,1.1,1.45,0.16923076923076924
8906,401243403,57.0,57.0,0,0,-0.33,-0.67,-0.9,0.11,-1.47,-1.8,0.8615384615384616
318,401243403,17.0,17.0,0,1,0.81,0.14,0.74,-0.73,0.14,0.95,0.24615384615384617
1077,401243403,52.0,52.0,0,0,-0.42,0.43,-1.24,-0.32,-1.13,-1.55,0.7846153846153846
676,401243403,38.0,38.0,0,0,-0.41,0.06,0.01,0.04,0.11,-0.3,0.5692307692307692
1293,401243403,38.0,38.0,0,0,-0.64,-0.08,0.56,-0.14,0.35,-0.3,0.5692307692307692
455,401243403,34.0,34.0,0,0,-0.76,0.81,0.62,-0.72,0.71,-0.05,0.5076923076923077
8973,401243403,63.0,63.0,0,0,-1.74,-0.49,0.18,-0.25,-0.55,-2.3,0.9538461538461539
6931,401243403,52.0,52.0,0,0,0.29,-0.4,-0.58,-0.86,-1.83,-1.55,0.7846153846153846
1367,401243403,38.0,38.0,0,0,-0.08,-0.2,-0.27,0.25,-0.22,-0.3,0.5692307692307692
3351,401243403,51.0,51.0,0,0,-0.53,-0.23,-0.76,0.22,-0.77,-1.3,0.7692307692307693
9530,401243403,63.0,63.0,0,0,-1.02,-0.61,-0.64,-0.03,-1.28,-2.3,0.9538461538461539
6007,401243403,1.0,1.0,1,0,3.64,-0.27,0.28,0.3,0.31,3.95,0.0
72,401243403,38.0,38.0,0,0,-0.18,-0.58,0.1,0.36,-0.12,-0.3,0.5692307692307692
3980,401243403,34.0,34.0,0,0,0.32,0.86,-0.92,-0.31,-0.37,-0.05,0.5076923076923077
308,401243403,66.0,66.0,0,0,0.15,-0.42,-2.31,0.03,-2.7,-2.55,1.0
5409,401243403,60.0,60.0,0,0,-0.62,-0.98,-0.2,-0.25,-1.43,-2.05,0.9076923076923077
3470,401243403,4.0,4.0,1,0,1.15,0.44,-0.06,1.18,1.55,2.7,0.046153846153846156
962,401243403,57.0,57.0,0,0,-1.22,0.19,-0.47,-0.29,-0.57,-1.8,0.8615384615384616
5619,401243403,60.0,60.0,0,0,0.2,-0.49,-1.53,-0.22,-2.24,-2.05,0.9076923076923077
9938,401243403,8.0,8.0,1,0,0.93,0.45,0.0,0.57,1.02,1.95,0.1076923076923077
78,401243403,38.0,38.0,0,0,-0.24,0.45,-0.45,-0.06,-0.06,-0.3,0.5692307692307692
158,401243403,6.0,6.0,1,0,1.31,-0.31,0.48,0.73,0.89,2.2,0.07692307692307693
11382,401243403,3.0,3.0,1,0,1.54,0.2,0.84,0.37,1.41,2.95,0.03076923076923077
7081,401243403,29.0,29.0,0,1,-0.51,0.77,-0.34,0.28,0.71,0.2,0.4307692307692308
4587,401243403,26.0,26.0,0,1,0.28,-0.02,0.39,-0.19,0.18,0.45,0.38461538461538464
10404,401243403,29.0,29.0,0,1,-0.35,0.65,0.33,-0.42,0.56,0.2,0.4307692307692308
9478,401243403,22.0,22.0,0,1,-0.29,0.16,1.02,-0.19,0.99,0.7,0.3230769230769231
2230,401243403,15.0,15.0,0,1,1.5,-0.4,0.15,-0.04,-0.3,1.2,0.2153846153846154
9513,401243403,57.0,57.0,0,0,-0.67,-0.12,-0.69,-0.31,-1.12,-1.8,0.8615384615384616
6086,401243403,49.0,49.0,0,0,0.05,0.33,-0.92,-0.5,-1.1,-1.05,0.7384615384615385
4364873,401243403,17.0,17.0,0,1,-0.03,-0.41,0.49,0.9,0.98,0.95,0.24615384615384617
1614,401243403,12.0,12.0,0,1,0.76,-0.02,1.25,-0.54,0.69,1.45,0.16923076923076924
10140,401243403,49.0,49.0,0,0,-0.27,-0.54,-0.28,0.05,-0.78,-1.05,0.7384615384615385
9261,401243404,64.0,64.0,0,0,0.04,-0.26,-0.22,0.13,-0.35,-0.3,0.8513513513513513
4989,401243404,56.0,56.0,0,0,-0.59,0.19,-0.25,0.59,0.54,-0.05,0.7432432432432432
3832,401243404,4.0,4.0,1,0,2.16,0.56,0.52,-0.79,0.29,2.45,0.04054054054054054
5502,401243404,56.0,56.0,0,0,0.34,-0.07,-0.02,-0.29,-0.39,-0.05,0.7432432432432432
10372,401243404,31.0,31.0,0,0,0.83,0.56,-0.62,-0.07,-0.13,0.7,0.40540540540540543
10577,401243404,21.0,21.0,0,1,-0.44,0.58,-0.02,1.07,1.63,1.2,0.2702702702702703
10046,401243404,31.0,31.0,0,0,-0.69,-0.71,0.8,1.29,1.39,0.7,0.40540540540540543
1225,401243404,75.0,75.0,0,0,-0.39,0.45,-1.41,-0.7,-1.66,-2.05,1.0
1651,401243404,31.0,31.0,0,0,0.58,0.42,0.41,-0.7,0.12,0.7,0.40540540540540543
6798,401243404,31.0,31.0,0,0,-0.39,0.67,-0.47,0.89,1.09,0.7,0.40540540540540543
1222,401243404,47.0,47.0,0,0,1.4,0.35,-1.31,-0.25,-1.2,0.2,0.6216216216216216
11098,401243404,27.0,27.0,0,1,0.19,-0.43,1.54,-0.35,0.75,0.95,0.35135135135135137
9126,401243404,8.0,8.0,1,0,-0.3,-0.53,1.62,1.17,2.25,1.95,0.0945945945945946
10863,401243404,31.0,31.0,0,0,1.59,-0.68,-0.76,0.55,-0.89,0.7,0.40540540540540543
205,401243404,21.0,21.0,0,1,0.48,-0.49,0.97,0.23,0.72,1.2,0.2702702702702703
3449,401243404,56.0,56.0,0,0,0.38,-0.97,-0.3,0.84,-0.43,-0.05,0.7432432432432432
5532,401243404,47.0,47.0,0,0,0.32,0.09,-0.47,0.26,-0.12,0.2,0.6216216216216216
769,401243404,31.0,31.0,0,0,-0.05,-0.56,0.8,0.51,0.75,0.7,0.40540540540540543
9131,401243404,2.0,2.0,1,0,1.04,0.47,2.1,0.1,2.66,3.7,0.013513513513513514
4645,401243404,21.0,21.0,0,1,1.44,0.55,0.18,-0.97,-0.24,1.2,0.2702702702702703
9025,401243404,56.0,56.0,0,0,-1.42,-0.19,1.45,0.1,1.36,-0.05,0.7432432432432432
5167,401243404,56.0,56.0,0,0,-1.1,0.58,-0.06,0.52,1.05,-0.05,0.7432432432432432
11456,401243404,31.0,31.0,0,0,0.08,-0.27,-0.42,1.31,0.62,0.7,0.40540540540540543
10054,401243404,71.0,71.0,0,0,-0.68,0.73,-0.09,-1.27,-0.62,-1.3,0.9459459459459459
9364,401243404,7.0,7.0,1,0,1.69,0.48,-0.38,0.41,0.51,2.2,0.08108108108108109
11393,401243404,64.0,64.0,0,0,0.27,-0.23,-0.79,0.46,-0.57,-0.3,0.8513513513513513
3550,401243404,74.0,74.0,0,0,-0.54,-0.08,0.09,-1.28,-1.26,-1.8,0.9864864864864865
5408,401243404,31.0,31.0,0,0,1.09,0.34,-0.67,-0.05,-0.39,0.7,0.40540540540540543
4844,401243404,16.0,16.0,0,1,0.58,1.53,-0.85,0.19,0.87,1.45,0.20270270270270271
5860,401243404,43.0,43.0,0,0,0.4,-0.38,-0.76,1.19,0.05,0.45,0.5675675675675675
5504,401243404,11.0,11.0,0,1,-0.88,-0.62,1.36,1.85,2.58,1.7,0.13513513513513514
6991,401243404,11.0,11.0,0,1,1.21,0.57,0.87,-0.95,0.49,1.7,0.13513513513513514
619,401243404,31.0,31.0,0,0,-0.01,0.35,0.47,-0.12,0.71,0.7,0.40540540540540543
6196,401243404,31.0,31.0,0,0,0.48,-0.09,0.54,-0.24,0.22,0.7,0.40540540540540543
5025,401243404,71.0,71.0,0,0,-0.74,-0.18,-0.55,0.17,-0.56,-1.3,0.9459459459459459
11099,401243404,47.0,47.0,0,0,-0.56,0.35,0.03,0.38,0.76,0.2,0.6216216216216216
9780,401243404,3.0,3.0,1,0,0.29,-0.28,2.05,1.1,2.89,3.18,0.02702702702702703
5467,401243404,73.0,73.0,0,0,-0.53,0.67,-0.26,-1.43,-1.02,-1.55,0.972972972972973
4848,401243404,4.0,4.0,1,0,1.12,-0.66,1.07,0.92,1.32,2.45,0.04054054054054054
4513,401243404,11.0,11.0,0,1,0.74,0.05,0.67,0.24,0.96,1.7,0.13513513513513514
10363,401243404,56.0,56.0,0,0,-0.39,-0.08,0.43,0.0,0.34,-0.05,0.7432432432432432
7083,401243404,47.0,47.0,0,0,0.52,-0.28,-0.65,0.61,-0.32,0.2,0.6216216216216216
8906,401243404,8.0,8.0,1,0,1.36,0.45,-0.13,0.27,0.59,1.95,0.0945945945945946
318,401243404,8.0,8.0,1,0,0.75,2.08,-0.47,-0.42,1.19,1.95,0.0945945945945946
1077,401243404,64.0,64.0,0,0,-0.27,-0.02,0.73,-0.75,-0.03,-0.3,0.8513513513513513
5962,401243404,64.0,64.0,0,0,1.05,-0.27,-0.3,-0.77,-1.35,-0.3,0.8513513513513513
1059,401243404,70.0,70.0,0,0,-1.08,0.18,-0.29,0.14,0.03,-1.05,0.9324324324324325
455,401243404,27.0,27.0,0,1,-0.35,0.39,0.48,0.43,1.3,0.95,0.35135135135135137
8973,401243404,47.0,47.0,0,0,-0.85,0.03,0.7,0.32,1.05,0.2,0.6216216216216216
6931,401243404,27.0,27.0,0,1,1.2,0.31,-0.82,0.26,-0.25,0.95,0.35135135135135137
3351,401243404,47.0,47.0,0,0,-0.4,-0.31,1.08,-0.17,0.59,0.2,0.6216216216216216
9530,401243404,27.0,27.0,0,1,0.92,0.0,-0.61,0.63,0.03,0.95,0.35135135135135137
6007,401243404,11.0,11.0,0,1,0.54,0.84,-0.18,0.49,1.16,1.7,0.13513513513513514
72,401243404,64.0,64.0,0,0,-1.62,-0.9,1.42,0.8,1.32,-0.3,0.8513513513513513
3980,401243404,56.0,56.0,0,0,-0.82,0.14,0.89,-0.26,0.77,-0.05,0.7432432432432432
5692,401243404,47.0,47.0,0,0,0.29,0.09,0.53,-0.7,-0.09,0.2,0.6216216216216216
707,401243404,16.0,16.0,0,1,0.12,0.07,1.44,-0.18,1.33,1.45,0.20270270270270271
5409,401243404,56.0,56.0,0,0,-1.52,-0.39,1.46,0.4,1.47,-0.05,0.7432432432432432
3470,401243404,43.0,43.0,0,0,0.84,0.03,-0.91,0.49,-0.39,0.45,0.5675675675675675
5619,401243404,16.0,16.0,0,1,0.15,1.4,-0.84,0.75,1.3,1.45,0.20270270270270271
9938,401243404,21.0,21.0,0,1,0.28,-0.2,0.15,0.96,0.91,1.2,0.2702702702702703
78,401243404,21.0,21.0,0,1,1.9,-0.37,0.1,-0.44,-0.7,1.2,0.2702702702702703
11382,401243404,16.0,16.0,0,1,-0.2,-0.09,0.71,1.04,1.65,1.45,0.20270270270270271
4587,401243404,11.0,11.0,0,1,-0.22,0.73,1.8,-0.61,1.92,1.7,0.13513513513513514
10404,401243404,21.0,21.0,0,1,-0.2,0.17,1.21,0.02,1.4,1.2,0.2702702702702703
1037,401243404,64.0,64.0,0,0,-0.87,1.27,-1.4,0.7,0.57,-0.3,0.8513513513513513
6001,401243404,31.0,31.0,0,0,1.01,0.42,-0.34,-0.39,-0.31,0.7,0.40540540540540543
9478,401243404,43.0,43.0,0,0,-0.76,-0.1,0.2,1.12,1.21,0.45,0.5675675675675675
2230,401243404,1.0,1.0,1,0,1.0,0.28,1.26,1.16,2.7,3.7,0.0
9513,401243404,31.0,31.0,0,0,0.12,-0.24,1.36,-0.54,0.58,0.7,0.40540540540540543
6086,401243404,4.0,4.0,1,0,1.76,-0.16,0.17,0.68,0.69,2.45,0.04054054054054054
4364873,401243404,43.0,43.0,0,0,-0.22,-0.45,0.55,0.57,0.67,0.45,0.5675675675675675
1614,401243404,47.0,47.0,0,0,-0.52,0.69,0.6,-0.57,0.72,0.2,0.6216216216216216
10140,401243404,16.0,16.0,0,1,0.36,-0.03,1.27,-0.15,1.09,1.45,0.20270270270270271
686,401243404,47.0,47.0,0,0,0.46,0.32,-0.22,-0.36,-0.26,0.2,0.6216216216216216
4425898,401243405,37.0,37.0,0,0,0.01,-1.12,1.24,0.68,0.8,0.81,0.4931506849315068
5548,401243405,10.0,10.0,1,0,0.68,-0.04,0.58,0.83,1.38,2.06,0.1232876712328767
4989,401243405,46.0,46.0,0,0,0.09,-0.33,0.39,0.42,0.47,0.56,0.6164383561643836
4682,401243405,51.0,51.0,0,0,0.11,0.23,0.59,-0.61,0.21,0.31,0.684931506849315
388,401243405,2.0,2.0,1,0,0.21,0.38,1.71,0.27,2.36,2.56,0.0136986301369863
10577,401243405,46.0,46.0,0,0,0.72,0.39,0.29,-0.84,-0.16,0.56,0.6164383561643836
5285,401243405,35.0,35.0,0,0,-0.11,0.24,-0.1,1.03,1.18,1.06,0.4657534246575342
1626,401243405,60.0,60.0,0,0,-0.73,0.3,0.54,-0.55,0.3,-0.44,0.8082191780821918
2283,401243405,51.0,51.0,0,0,0.72,-0.42,-0.5,0.51,-0.41,0.31,0.684931506849315
159,401243405,51.0,51.0,0,0,0.47,0.14,-0.87,0.58,-0.16,0.31,0.684931506849315
4383,401243405,2.0,2.0,1,0,2.18,0.41,0.61,-0.64,0.38,2.56,0.0136986301369863
6011,401243405,65.0,65.0,0,0,0.0,1.0,-1.39,-0.56,-0.94,-0.94,0.8767123287671232
4638,401243405,70.0,70.0,0,0,-1.97,0.05,0.75,-0.01,0.79,-1.19,0.9452054794520548
3599,401243405,15.0,15.0,0,1,2.27,0.23,-0.64,-0.05,-0.46,1.81,0.1917808219178082
10134,401243405,24.0,24.0,0,1,2.33,0.82,-0.9,-0.68,-0.77,1.56,0.3150684931506849
3454,401243405,10.0,10.0,1,0,0.23,0.36,1.16,0.31,1.83,2.06,0.1232876712328767
780,401243405,46.0,46.0,0,0,-0.27,0.22,0.46,0.15,0.84,0.56,0.6164383561643836
4628,401243405,70.0,70.0,0,0,-1.08,-0.23,0.0,0.11,-0.11,-1.19,0.9452054794520548
5704,401243405,15.0,15.0,0,1,1.3,-0.2,0.72,-0.01,0.51,1.81,0.1917808219178082
3449,401243405,29.0,29.0,0,1,0.65,0.41,0.28,-0.03,0.67,1.31,0.3835616438356164
6017,401243405,29.0,29.0,0,1,-0.99,0.53,0.69,1.08,2.3,1.31,0.3835616438356164
1121,401243405,37.0,37.0,0,0,-0.31,-0.07,1.22,-0.03,1.12,0.81,0.4931506849315068
1264,401243405,46.0,46.0,0,0,0.42,-0.11,-0.33,0.59,0.14,0.56,0.6164383561643836
5574,401243405,37.0,37.0,0,0,0.83,0.47,-0.58,0.09,-0.02,0.81,0.4931506849315068
10054,401243405,15.0,15.0,0,1,1.41,0.44,0.49,-0.54,0.4,1.81,0.1917808219178082
9364,401243405,37.0,37.0,0,0,-0.1,0.11,0.9,-0.1,0.91,0.81,0.4931506849315068
4844,401243405,15.0,15.0,0,1,1.51,0.77,-0.49,0.02,0.3,1.81,0.1917808219178082
5504,401243405,37.0,37.0,0,0,-0.42,-0.32,1.51,0.04,1.24,0.81,0.4931506849315068
6991,401243405,57.0,57.0,0,0,0.21,-0.24,0.62,-0.79,-0.4,-0.19,0.7671232876712328
4421475,401243405,37.0,37.0,0,0,0.5,-0.02,0.67,-0.34,0.31,0.81,0.4931506849315068
110,401243405,24.0,24.0,0,1,0.3,0.92,-0.02,0.37,1.27,1.56,0.3150684931506849
5025,401243405,62.0,62.0,0,0,-0.44,0.1,-0.07,-0.27,-0.24,-0.69,0.8356164383561644
569,401243405,10.0,10.0,1,0,0.72,0.4,0.71,0.24,1.35,2.06,0.1232876712328767
1030,401243405,15.0,15.0,0,1,0.66,-0.03,0.5,0.69,1.16,1.81,0.1917808219178082
1265,401243405,55.0,55.0,0,0,1.04,0.24,-0.29,-0.93,-0.97,0.06,0.7397260273972602
5771,401243405,37.0,37.0,0,0,1.07,-0.22,-0.23,0.2,-0.25,0.81,0.4931506849315068
2552,401243405,1.0,1.0,1,0,1.1,0.3,0.96,0.2,1.47,2.56,0.0
7083,401243405,24.0,24.0,0,1,-1.16,0.98,0.64,1.1,2.72,1.56,0.3150684931506849
8906,401243405,55.0,55.0,0,0,-0.5,0.05,-0.73,1.23,0.56,0.06,0.7397260273972602
318,401243405,2.0,2.0,1,0,-0.01,0.2,1.77,0.6,2.57,2.56,0.0136986301369863
1077,401243405,7.0,7.0,1,0,0.62,0.0,0.9,0.78,1.69,2.31,0.0821917808219178
3793,401243405,46.0,46.0,0,0,0.63,-0.44,0.29,0.09,-0.06,0.56,0.6164383561643836
6648,401243405,57.0,57.0,0,0,-0.32,0.3,-0.18,0.02,0.13,-0.19,0.7671232876712328
4859,401243405,65.0,65.0,0,0,0.54,-0.28,-0.07,-1.13,-1.48,-0.94,0.8767123287671232
9143,401243405,51.0,51.0,0,0,0.89,0.4,-0.38,-0.59,-0.58,0.31,0.684931506849315
6931,401243405,37.0,37.0,0,0,0.14,0.74,0.32,-0.38,0.68,0.81,0.4931506849315068
1367,401243405,70.0,70.0,0,0,-0.54,0.85,-1.68,0.18,-0.65,-1.19,0.9452054794520548
8974,401243405,65.0,65.0,0,0,-0.7,-0.44,0.81,-0.61,-0.23,-0.94,0.8767123287671232
257,401243405,29.0,29.0,0,1,0.46,0.54,0.36,-0.04,0.85,1.31,0.3835616438356164
1600,401243405,73.0,73.0,0,0,0.01,-0.87,-1.08,-0.25,-2.19,-2.19,0.9863013698630136
6677,401243405,62.0,62.0,0,0,0.49,-0.33,-0.46,-0.39,-1.18,-0.69,0.8356164383561644
3792,401243405,10.0,10.0,1,0,1.16,0.65,0.54,-0.3,0.9,2.06,0.1232876712328767
3683,401243405,74.0,74.0,0,0,-0.76,-0.58,-1.11,0.02,-1.68,-2.44,1.0
5409,401243405,7.0,7.0,1,0,0.65,0.84,0.07,0.75,1.66,2.31,0.0821917808219178
4483,401243405,24.0,24.0,0,1,0.48,-0.02,0.84,0.27,1.09,1.56,0.3150684931506849
11378,401243405,65.0,65.0,0,0,-1.47,0.83,0.16,-0.46,0.53,-0.94,0.8767123287671232
1733,401243405,62.0,62.0,0,0,0.03,0.1,-0.36,-0.46,-0.72,-0.69,0.8356164383561644
377,401243405,10.0,10.0,1,0,0.67,-0.35,0.68,1.06,1.4,2.06,0.1232876712328767
6090,401243405,2.0,2.0,1,0,0.79,0.14,1.1,0.53,1.77,2.56,0.0136986301369863
9804,401243405,37.0,37.0,0,0,0.09,0.09,0.0,0.63,0.73,0.81,0.4931506849315068
11382,401243405,24.0,24.0,0,1,-0.6,0.22,1.16,0.78,2.16,1.56,0.3150684931506849
4449,401243405,15.0,15.0,0,1,0.82,0.37,0.35,0.28,0.99,1.81,0.1917808219178082
7081,401243405,2.0,2.0,1,0,0.48,1.24,1.27,-0.44,2.08,2.56,0.0136986301369863
10404,401243405,29.0,29.0,0,1,0.4,0.24,0.17,0.5,0.91,1.31,0.3835616438356164
1037,401243405,15.0,15.0,0,1,0.99,1.12,-0.27,-0.03,0.82,1.81,0.1917808219178082
6001,401243405,60.0,60.0,0,0,-0.65,-0.07,-0.04,0.32,0.21,-0.44,0.8082191780821918
7001,401243405,35.0,35.0,0,0,0.3,-0.4,0.95,0.2,0.76,1.06,0.4657534246575342
8961,401243405,15.0,15.0,0,1,0.86,-0.63,1.04,0.55,0.96,1.81,0.1917808219178082
9569,401243405,57.0,57.0,0,0,0.69,-1.18,-0.79,1.09,-0.88,-0.19,0.7671232876712328
5539,401243405,65.0,65.0,0,0,-0.94,-0.43,0.36,0.07,0.0,-0.94,0.8767123287671232
9002,401243405,15.0,15.0,0,1,0.83,0.29,0.48,0.21,0.98,1.81,0.1917808219178082
1614,401243405,7.0,7.0,1,0,-0.08,-0.41,2.12,0.69,2.4,2.31,0.0821917808219178
9877,401243405,29.0,29.0,0,1,0.66,0.03,0.11,0.51,0.65,1.31,0.3835616438356164
9261,401243407,1.0,1.0,1,0,0.89,0.71,1.1,0.34,2.16,3.05,0.0
10906,401243407,26.0,26.0,0,1,-0.47,0.69,-0.24,0.33,0.78,0.3,0.390625
388,401243407,36.0,36.0,0,0,0.14,-0.44,0.12,-0.27,-0.59,-0.45,0.546875
10046,401243407,8.0,8.0,1,0,0.85,-0.37,0.84,0.73,1.2,2.05,0.109375
1225,401243407,36.0,36.0,0,0,-0.32,0.27,-0.61,0.22,-0.13,-0.45,0.546875
1651,401243407,17.0,17.0,0,1,0.47,-0.04,0.16,0.22,0.33,0.8,0.25
1470,401243407,43.0,43.0,0,0,0.38,0.35,-0.83,-0.6,-1.07,-0.7,0.65625
6798,401243407,54.0,54.0,0,0,-0.32,-1.48,-0.32,0.67,-1.13,-1.45,0.828125
11098,401243407,31.0,31.0,0,0,-0.22,-0.38,0.05,0.6,0.27,0.05,0.46875
9126,401243407,36.0,36.0,0,0,-0.33,-0.82,0.08,0.62,-0.12,-0.45,0.546875
10863,401243407,60.0,60.0,0,0,-1.46,0.44,-0.79,-0.38,-0.74,-2.2,0.921875
10592,401243407,26.0,26.0,0,1,-0.51,0.09,0.0,0.72,0.81,0.3,0.390625
5532,401243407,36.0,36.0,0,0,-1.36,-0.4,0.76,0.56,0.91,-0.45,0.546875
9131,401243407,5.0,5.0,1,0,1.53,0.9,-0.17,0.3,1.02,2.55,0.0625
9025,401243407,5.0,5.0,1,0,0.17,-0.24,2.48,0.15,2.39,2.55,0.0625
3448,401243407,10.0,10.0,1,0,0.38,0.5,0.79,0.14,1.43,1.8,0.140625
5408,401243407,4.0,4.0,1,0,1.45,0.25,1.08,0.02,1.35,2.8,0.046875
5860,401243407,2.0,2.0,1,0,-0.25,0.78,2.22,0.3,3.3,3.05,0.015625
619,401243407,10.0,10.0,1,0,1.06,0.69,0.44,-0.38,0.75,1.8,0.140625
3598,401243407,46.0,46.0,0,0,-0.39,0.47,-0.25,-0.77,-0.55,-0.95,0.703125
3317,401243407,34.0,34.0,0,0,0.46,0.01,-0.52,-0.15,-0.66,-0.2,0.515625
11099,401243407,17.0,17.0,0,1,0.98,-0.33,-0.52,0.68,-0.17,0.8,0.25
569,401243407,54.0,54.0,0,0,-0.53,0.6,-1.09,-0.43,-0.92,-1.45,0.828125
5467,401243407,12.0,12.0,0,1,1.32,0.49,-0.2,-0.06,0.23,1.55,0.171875
4848,401243407,26.0,26.0,0,1,-1.27,-0.01,1.54,0.05,1.57,0.3,0.390625
2552,401243407,63.0,63.0,0,0,-0.31,0.33,-2.33,-0.88,-2.89,-3.2,0.96875
7083,401243407,54.0,54.0,0,0,-0.03,-0.08,-1.13,-0.19,-1.41,-1.45,0.828125
318,401243407,23.0,23.0,0,1,-0.02,1.5,-0.77,-0.16,0.57,0.55,0.34375
676,401243407,57.0,57.0,0,0,0.12,-0.19,-0.4,-1.23,-1.82,-1.7,0.875
10343,401243407,36.0,36.0,0,0,-0.19,-1.28,1.03,-0.02,-0.26,-0.45,0.546875
1293,401243407,17.0,17.0,0,1,0.43,0.17,0.37,-0.16,0.38,0.8,0.25
455,401243407,31.0,31.0,0,0,0.46,-0.78,0.1,0.27,-0.41,0.05,0.46875
9037,401243407,57.0,57.0,0,0,-0.33,-1.42,-0.34,0.39,-1.37,-1.7,0.875
8973,401243407,51.0,51.0,0,0,-0.47,-0.48,0.22,-0.47,-0.72,-1.2,0.78125
1367,401243407,51.0,51.0,0,0,0.62,-0.16,-1.4,-0.26,-1.82,-1.2,0.78125
2571,401243407,57.0,57.0,0,0,-0.78,-0.08,-0.85,0.01,-0.92,-1.7,0.875
3351,401243407,36.0,36.0,0,0,0.61,0.19,-0.77,-0.49,-1.06,-0.45,0.546875
4412121,401243407,17.0,17.0,0,1,0.68,0.6,-0.48,0.0,0.12,0.8,0.25
6007,401243407,23.0,23.0,0,1,-0.9,0.14,0.42,0.9,1.45,0.55,0.34375
72,401243407,5.0,5.0,1,0,1.75,0.11,1.03,-0.34,0.8,2.55,0.0625
308,401243407,17.0,17.0,0,1,0.4,-0.22,0.32,0.31,0.4,0.8,0.25
5579,401243407,31.0,31.0,0,0,1.04,-0.16,-0.29,-0.54,-0.99,0.05,0.46875
11378,401243407,15.0,15.0,0,1,0.71,-0.33,0.2,0.47,0.34,1.05,0.21875
3470,401243407,12.0,12.0,0,1,-0.87,-0.66,1.61,1.47,2.42,1.55,0.171875
962,401243407,26.0,26.0,0,1,0.14,0.24,0.43,-0.5,0.16,0.3,0.390625
5619,401243407,46.0,46.0,0,0,-0.16,0.15,-0.67,-0.27,-0.79,-0.95,0.703125
9938,401243407,2.0,2.0,1,0,1.58,1.08,1.09,-0.69,1.48,3.05,0.015625
78,401243407,43.0,43.0,0,0,-0.68,0.0,0.4,-0.42,-0.02,-0.7,0.65625
158,401243407,26.0,26.0,0,1,-1.07,0.48,-0.25,1.14,1.38,0.3,0.390625
11382,401243407,46.0,46.0,0,0,-1.16,-0.37,0.29,0.3,0.21,-0.95,0.703125
7081,401243407,65.0,65.0,0,0,-1.94,1.79,-4.26,0.22,-2.26,-4.2,1.0
4587,401243407,23.0,23.0,0,1,-0.05,0.24,0.99,-0.62,0.61,0.55,0.34375
9478,401243407,14.0,14.0,0,1,-0.19,0.26,0.73,0.51,1.5,1.3,0.203125
2230,401243407,34.0,34.0,0,0,-0.04,0.11,-0.31,0.03,-0.16,-0.2,0.515625
5539,401243407,46.0,46.0,0,0,-0.35,-0.66,-0.27,0.33,-0.6,-0.95,0.703125
5553,401243407,17.0,17.0,0,1,0.06,0.16,0.65,-0.06,0.74,0.8,0.25
4364873,401243407,36.0,36.0,0,0,-0.42,-0.73,0.13,0.58,-0.03,-0.45,0.546875
11340,401243407,61.0,61.0,0,0,0.73,-1.18,-0.9,-1.35,-3.43,-2.7,0.9375
1614,401243407,15.0,15.0,0,1,0.76,0.51,-0.65,0.43,0.29,1.05,0.21875
9877,401243407,8.0,8.0,1,0,0.95,0.15,0.75,0.2,1.11,2.05,0.109375
10140,401243407,46.0,46.0,0,0,-0.51,-0.34,0.38,-0.48,-0.44,-0.95,0.703125
16,401243408,51.0,51.0,0,0,0.16,1.22,-1.57,0.35,-0.01,0.15,0.7142857142857143
4425898,401243408,16.0,16.0,0,1,1.15,-0.21,1.29,-0.58,0.5,1.65,0.21428571428571427
5548,401243408,6.0,6.0,1,0,1.19,-0.23,0.76,0.44,0.97,2.15,0.07142857142857142
6015,401243408,25.0,25.0,0,1,-0.53,0.36,0.52,1.05,1.94,1.4,0.34285714285714286
10372,401243408,51.0,51.0,0,0,0.27,-0.14,0.19,-0.17,-0.12,0.15,0.7142857142857143
2283,401243408,16.0,16.0,0,1,0.46,0.14,0.03,1.01,1.19,1.65,0.21428571428571427
4780,401243408,16.0,16.0,0,1,0.85,-0.46,0.8,0.46,0.8,1.65,0.21428571428571427
6011,401243408,49.0,49.0,0,0,0.7,-0.34,-0.12,0.16,-0.3,0.4,0.6857142857142857
1222,401243408,11.0,11.0,0,1,1.38,0.31,0.21,-0.01,0.52,1.9,0.14285714285714285
3599,401243408,6.0,6.0,1,0,0.63,0.28,1.33,-0.09,1.52,2.15,0.07142857142857142
712,401243408,28.0,28.0,0,1,0.21,-0.07,0.74,0.27,0.94,1.15,0.38571428571428573
780,401243408,51.0,51.0,0,0,0.23,-0.45,-0.56,0.92,-0.08,0.15,0.7142857142857143
4628,401243408,51.0,51.0,0,0,-0.2,0.49,-1.18,1.03,0.35,0.15,0.7142857142857143
11098,401243408,1.0,1.0,1,0,2.12,-0.09,0.92,0.19,1.03,3.15,0.0
10863,401243408,28.0,28.0,0,1,0.23,0.87,-0.01,0.07,0.92,1.15,0.38571428571428573
5704,401243408,58.0,58.0,0,0,-0.06,-0.26,1.3,-1.08,-0.04,-0.1,0.8142857142857143
208,401243408,39.0,39.0,0,0,-0.58,0.16,0.39,0.69,1.23,0.65,0.5428571428571428
1121,401243408,34.0,34.0,0,0,-1.43,0.42,1.74,0.16,2.33,0.9,0.4714285714285714
769,401243408,11.0,11.0,0,1,-0.01,0.92,0.57,0.42,1.91,1.9,0.14285714285714285
1097,401243408,2.0,2.0,1,0,1.61,0.48,0.28,0.27,1.04,2.65,0.014285714285714285
8975,401243408,58.0,58.0,0,0,-0.77,0.78,-0.88,0.76,0.67,-0.1,0.8142857142857143
4645,401243408,16.0,16.0,0,1,0.65,0.08,0.28,0.72,1.01,1.66,0.21428571428571427
1264,401243408,51.0,51.0,0,0,0.74,0.0,-0.68,0.09,-0.59,0.15,0.7142857142857143
928,401243408,58.0,58.0,0,0,-0.45,0.48,0.61,-0.75,0.35,-0.1,0.8142857142857143
5574,401243408,28.0,28.0,0,1,-0.04,0.69,0.94,-0.44,1.19,1.15,0.38571428571428573
10054,401243408,67.0,67.0,0,0,0.74,-0.46,-1.04,0.15,-1.34,-0.6,0.9428571428571428
9364,401243408,58.0,58.0,0,0,-0.02,-0.35,-0.53,0.79,-0.08,-0.1,0.8142857142857143
3550,401243408,11.0,11.0,0,1,0.77,0.47,0.6,0.39,1.39,2.16,0.14285714285714285
5902,401243408,65.0,65.0,0,0,-1.51,-0.03,1.46,-0.27,1.17,-0.35,0.9142857142857143
508,401243408,34.0,34.0,0,0,0.88,0.95,-0.93,0.0,0.02,0.9,0.4714285714285714
6196,401243408,67.0,67.0,0,0,-1.96,0.04,0.52,0.8,1.36,-0.6,0.9428571428571428
110,401243408,28.0,28.0,0,1,0.07,0.64,0.03,0.41,1.08,1.15,0.38571428571428573
10505,401243408,28.0,28.0,0,1,0.75,-0.41,1.07,-0.26,0.4,1.15,0.38571428571428573
1568,401243408,65.0,65.0,0,0,-0.81,-0.93,1.56,-0.17,0.46,-0.35,0.9142857142857143
1030,401243408,2.0,2.0,1,0,0.52,0.4,1.07,0.66,2.13,2.65,0.014285714285714285
446,401243408,11.0,11.0,0,1,0.52,1.58,-0.12,-0.08,1.38,1.9,0.14285714285714285
5771,401243408,39.0,39.0,0,0,-1.38,-0.07,1.51,0.58,2.03,0.65,0.5428571428571428
4513,401243408,39.0,39.0,0,0,-1.12,0.15,1.11,0.51,1.77,0.65,0.5428571428571428
7083,401243408,6.0,6.0,1,0,0.27,0.18,0.71,0.98,1.88,2.15,0.07142857142857142
8906,401243408,5.0,5.0,1,0,1.79,-0.38,-0.4,1.39,0.61,2.4,0.05714285714285714
601,401243408,16.0,16.0,0,1,0.8,0.54,1.59,-1.28,0.85,1.65,0.21428571428571427
1059,401243408,58.0,58.0,0,0,-0.54,0.01,0.13,0.3,0.44,-0.1,0.8142857142857143
1293,401243408,2.0,2.0,1,0,0.07,0.15,1.9,0.54,2.59,2.65,0.014285714285714285
7110,401243408,51.0,51.0,0,0,0.1,-0.24,0.15,0.14,0.06,0.15,0.7142857142857143
10065,401243408,16.0,16.0,0,1,-0.26,-0.65,2.16,0.4,1.91,1.65,0.21428571428571427
4859,401243408,49.0,49.0,0,0,1.36,-0.04,-1.33,0.41,-0.96,0.4,0.6857142857142857
9143,401243408,16.0,16.0,0,1,0.03,-0.11,1.24,0.49,1.63,1.65,0.21428571428571427
8974,401243408,39.0,39.0,0,0,1.69,-0.01,0.98,-2.01,-1.03,0.65,0.5428571428571428
9530,401243408,16.0,16.0,0,1,-0.44,1.07,0.66,0.37,2.09,1.65,0.21428571428571427
9931,401243408,6.0,6.0,1,0,0.94,0.17,0.63,0.41,1.21,2.15,0.07142857142857142
3688,401243408,39.0,39.0,0,0,0.21,0.7,-0.29,0.03,0.44,0.65,0.5428571428571428
6151,401243408,58.0,58.0,0,0,0.9,0.41,-1.13,-0.28,-1.0,-0.1,0.8142857142857143
4412121,401243408,39.0,39.0,0,0,0.81,0.32,0.67,-1.15,-0.16,0.65,0.5428571428571428
1042,401243408,34.0,34.0,0,0,-0.33,-0.01,1.49,-0.25,1.23,0.9,0.4714285714285714
3980,401243408,39.0,39.0,0,0,-0.42,0.76,-0.53,0.83,1.07,0.65,0.5428571428571428
707,401243408,11.0,11.0,0,1,1.1,-0.01,0.32,0.49,0.81,1.9,0.14285714285714285
5579,401243408,34.0,34.0,0,0,0.35,0.53,0.5,-0.47,0.55,0.9,0.4714285714285714
6825,401243408,39.0,39.0,0,0,0.28,0.19,0.13,0.05,0.37,0.65,0.5428571428571428
1750,401243408,6.0,6.0,1,0,1.61,0.03,-0.02,0.53,0.54,2.15,0.07142857142857142
1548,401243408,51.0,51.0,0,0,-0.15,-0.43,0.47,0.26,0.3,0.15,0.7142857142857143
4321,401243408,58.0,58.0,0,0,1.04,-0.21,-0.37,-0.56,-1.14,-0.1,0.8142857142857143
3702,401243408,34.0,34.0,0,0,1.41,-0.34,-0.11,-0.07,-0.51,0.9,0.4714285714285714
6090,401243408,16.0,16.0,0,1,0.66,-0.53,0.41,1.11,0.99,1.65,0.21428571428571427
4591,401243408,71.0,71.0,0,0,1.19,-2.52,-0.12,-0.41,-3.04,-1.85,1.0
158,401243408,25.0,25.0,0,1,-1.83,0.89,1.78,0.57,3.24,1.4,0.34285714285714286
4449,401243408,70.0,70.0,0,0,0.56,-0.19,-0.66,-0.56,-1.4,-0.85,0.9857142857142858
1037,401243408,71.0,71.0,0,0,-0.94,0.33,-0.09,-1.15,-0.91,-1.85,1.0
7001,401243408,25.0,25.0,0,1,1.5,0.36,-0.93,0.48,-0.09,1.4,0.34285714285714286
3378,401243408,39.0,39.0,0,0,0.69,-0.05,-0.36,0.36,-0.04,0.65,0.5428571428571428
2230,401243408,28.0,28.0,0,1,1.33,-0.35,-0.18,0.35,-0.18,1.15,0.38571428571428573
5868,401243408,67.0,67.0,0,0,0.25,-0.36,-0.47,-0.02,-0.85,-0.6,0.9428571428571428
3970,401243408,39.0,39.0,0,0,0.28,-0.11,-0.5,0.97,0.37,0.65,0.5428571428571428
9517,401243409,47.0,47.0,0,0,0.86,-0.34,-0.42,-0.01,-0.78,0.08,0.6216216216216216
4989,401243409,3.0,3.0,1,0,1.49,-0.42,0.96,0.81,1.35,2.83,0.02702702702702703
5951,401243409,74.0,74.0,0,0,-1.53,-0.7,0.18,0.38,-0.14,-1.67,0.9864864864864865
10372,401243409,15.0,15.0,0,1,0.83,-0.18,1.03,0.41,1.26,2.08,0.1891891891891892
1626,401243409,53.0,53.0,0,0,-1.43,0.46,0.65,0.15,1.26,-0.17,0.7027027027027027
2283,401243409,72.0,72.0,0,0,-1.04,0.63,-1.53,0.52,-0.38,-1.42,0.9594594594594594
4780,401243409,11.0,11.0,0,1,-0.41,0.93,1.7,0.11,2.74,2.33,0.13513513513513514
6011,401243409,15.0,15.0,0,1,0.85,0.31,0.24,0.69,1.23,2.08,0.1891891891891892
4638,401243409,58.0,58.0,0,0,-0.21,-0.3,-0.09,0.19,-0.21,-0.42,0.7702702702702703
3599,401243409,15.0,15.0,0,1,1.08,0.58,0.58,-0.15,1.01,2.08,0.1891891891891892
10134,401243409,20.0,20.0,0,1,-0.09,1.01,0.77,-0.11,1.67,1.58,0.25675675675675674
712,401243409,31.0,31.0,0,0,0.26,-0.57,1.53,-0.14,0.82,1.08,0.40540540540540543
1121,401243409,42.0,42.0,0,0,-0.76,-0.02,0.57,0.54,1.09,0.33,0.5540540540540541
1097,401243409,26.0,26.0,0,1,0.21,-0.52,0.94,0.7,1.13,1.33,0.33783783783783783
1264,401243409,53.0,53.0,0,0,-0.1,0.59,-0.74,0.09,-0.06,-0.17,0.7027027027027027
8992,401243409,40.0,40.0,0,0,0.15,1.06,-0.79,0.16,0.44,0.58,0.527027027027027
7004,401243409,37.0,37.0,0,0,-0.24,0.17,0.08,0.82,1.08,0.83,0.4864864864864865
928,401243409,20.0,20.0,0,1,0.88,-0.15,1.28,-0.43,0.7,1.58,0.25675675675675674
5574,401243409,11.0,11.0,0,1,1.32,0.38,0.82,-0.18,1.02,2.33,0.13513513513513514
4602218,401243409,31.0,31.0,0,0,0.35,-0.17,-0.21,1.11,0.74,1.08,0.40540540540540543
74,401243409,31.0,31.0,0,0,1.4,0.12,-0.7,0.27,-0.32,1.08,0.40540540540540543
5573,401243409,5.0,5.0,1,0,0.36,0.0,1.9,0.32,2.23,2.58,0.05405405405405406
1173,401243409,62.0,62.0,0,0,0.75,-0.49,-0.35,-0.58,-1.41,-0.67,0.8243243243243243
5902,401243409,11.0,11.0,0,1,0.3,0.36,0.82,0.84,2.03,2.33,0.13513513513513514
508,401243409,62.0,62.0,0,0,-0.04,-0.04,0.29,-0.88,-0.63,-0.67,0.8243243243243243
110,401243409,26.0,26.0,0,1,-0.26,0.38,0.55,0.66,1.59,1.33,0.33783783783783783
5025,401243409,5.0,5.0,1,0,0.88,0.3,0.71,0.69,1.7,2.58,0.05405405405405406
196,401243409,58.0,58.0,0,0,0.65,-0.2,-0.43,-0.43,-1.06,-0.42,0.7702702702702703
3598,401243409,20.0,20.0,0,1,0.01,-0.11,0.96,0.72,1.57,1.58,0.25675675675675674
10505,401243409,2.0,2.0,1,0,1.74,0.38,0.75,0.21,1.34,3.08,0.013513513513513514
2883,401243409,47.0,47.0,0,0,-0.12,-0.31,0.64,-0.13,0.21,0.08,0.6216216216216216
10166,401243409,47.0,47.0,0,0,-2.17,0.68,1.33,0.24,2.26,0.08,0.6216216216216216
1568,401243409,15.0,15.0,0,1,1.98,0.3,0.09,-0.29,0.11,2.08,0.1891891891891892
77,401243409,75.0,75.0,0,0,-0.4,0.14,-0.45,-1.2,-1.52,-1.92,1.0
3793,401243409,26.0,26.0,0,1,0.07,0.53,0.48,0.24,1.26,1.33,0.33783783783783783
1059,401243409,5.0,5.0,1,0,-0.58,0.59,1.67,0.9,3.17,2.58,0.05405405405405406
6648,401243409,26.0,26.0,0,1,-0.21,0.37,0.62,0.54,1.54,1.33,0.33783783783783783
7110,401243409,62.0,62.0,0,0,-0.05,0.26,-0.65,-0.23,-0.62,-0.67,0.8243243243243243
4859,401243409,19.0,19.0,0,1,0.93,-0.1,0.6,0.4,0.91,1.83,0.24324324324324326
9143,401243409,20.0,20.0,0,1,0.14,0.65,0.44,0.35,1.45,1.58,0.25675675675675674
8974,401243409,72.0,72.0,0,0,-0.48,-0.21,0.83,-1.54,-0.93,-1.42,0.9594594594594594
9931,401243409,5.0,5.0,1,0,-0.05,0.55,0.8,1.29,2.64,2.58,0.05405405405405406
3792,401243409,67.0,67.0,0,0,-0.87,0.11,-0.25,0.1,-0.05,-0.92,0.8918918918918919
1042,401243409,37.0,37.0,0,0,0.73,-0.25,0.33,0.02,0.1,0.83,0.4864864864864865
6825,401243409,5.0,5.0,1,0,1.54,-0.28,0.31,1.02,1.04,2.58,0.05405405405405406
1750,401243409,5.0,5.0,1,0,0.65,0.37,1.16,0.41,1.93,2.58,0.05405405405405406
801,401243409,62.0,62.0,0,0,0.85,-0.01,-0.74,-0.76,-1.51,-0.67,0.8243243243243243
1548,401243409,53.0,53.0,0,0,-0.24,-0.77,-0.03,0.87,0.08,-0.17,0.7027027027027027
3683,401243409,20.0,20.0,0,1,0.33,-0.53,0.67,1.12,1.26,1.58,0.25675675675675674
1254,401243409,31.0,31.0,0,0,-0.39,-0.21,1.33,0.34,1.47,1.08,0.40540540540540543
1733,401243409,70.0,70.0,0,0,-0.72,0.44,0.61,-1.49,-0.44,-1.17,0.9324324324324325
6090,401243409,31.0,31.0,0,0,-0.95,0.51,1.63,-0.11,2.03,1.08,0.40540540540540543
1210,401243409,53.0,53.0,0,0,-0.07,-0.21,0.04,0.07,-0.1,-0.17,0.7027027027027027
9076,401243409,20.0,20.0,0,1,-0.45,-0.16,1.44,0.76,2.04,1.58,0.25675675675675674
6001,401243409,1.0,1.0,1,0,0.83,0.64,0.85,0.77,2.26,3.08,0.0
7001,401243409,3.0,3.0,1,0,-0.31,0.13,2.76,0.26,3.14,2.83,0.02702702702702703
4643,401243409,62.0,62.0,0,0,-0.1,-0.36,-0.17,-0.04,-0.56,-0.67,0.8243243243243243
10980,401243409,37.0,37.0,0,0,0.17,1.2,-0.31,-0.23,0.66,0.83,0.4864864864864865
5868,401243409,40.0,40.0,0,0,1.3,-1.25,0.39,0.15,-0.71,0.58,0.527027027027027
1185,401243409,42.0,42.0,0,0,-0.19,0.0,1.05,-0.53,0.52,0.33,0.5540540540540541
4408315,401243409,26.0,26.0,0,1,0.9,-0.17,0.19,0.42,0.43,1.33,0.33783783783783783
6185,401243409,47.0,47.0,0,0,-0.75,0.05,0.23,0.57,0.84,0.08,0.6216216216216216
4708,401243409,70.0,70.0,0,0,0.52,-0.6,-0.63,-0.45,-1.68,-1.17,0.9324324324324325
4682,401243411,64.0,64.0,0,0,0.37,-0.54,0.02,-0.55,-1.07,-0.7,0.8873239436619719
6015,401243411,23.0,23.0,0,1,0.85,0.51,0.12,0.07,0.7,1.55,0.30985915492957744
10372,401243411,4.0,4.0,1,0,1.96,0.63,-0.44,0.41,0.59,2.55,0.04225352112676056
10577,401243411,69.0,69.0,0,0,-1.37,-0.02,-0.14,0.07,-0.08,-1.45,0.9577464788732394
159,401243411,64.0,64.0,0,0,0.56,0.57,-1.18,-0.65,-1.26,-0.7,0.8873239436619719
9584,401243411,18.0,18.0,0,1,0.68,-0.37,-0.02,1.48,1.14,1.82,0.23943661971830985
4780,401243411,47.0,47.0,0,0,0.39,-0.1,0.59,-0.34,0.16,0.55,0.647887323943662
3599,401243411,8.0,8.0,1,0,1.79,0.23,0.74,-0.47,0.51,2.3,0.09859154929577464
11098,401243411,11.0,11.0,0,1,0.68,-0.23,0.06,1.55,1.37,2.05,0.14084507042253522
10863,401243411,55.0,55.0,0,0,0.48,-0.19,-0.09,-0.15,-0.43,0.05,0.7605633802816901
5704,401243411,34.0,34.0,0,0,0.45,0.24,0.68,-0.32,0.6,1.05,0.4647887323943662
208,401243411,23.0,23.0,0,1,0.9,0.28,0.04,0.34,0.66,1.55,0.30985915492957744
1121,401243411,11.0,11.0,0,1,0.45,0.16,1.18,0.26,1.6,2.05,0.14084507042253522
769,401243411,18.0,18.0,0,1,0.71,-0.38,0.85,0.62,1.09,1.8,0.23943661971830985
8975,401243411,28.0,28.0,0,1,-0.17,0.08,0.68,0.71,1.47,1.3,0.38028169014084506
1264,401243411,41.0,41.0,0,0,-1.86,0.91,1.53,0.23,2.66,0.8,0.5633802816901409
9025,401243411,34.0,34.0,0,0,0.25,0.39,0.51,-0.09,0.8,1.05,0.4647887323943662
11456,401243411,18.0,18.0,0,1,-0.41,-0.04,1.91,0.34,2.22,1.8,0.23943661971830985
928,401243411,50.0,50.0,0,0,-0.27,0.17,0.51,-0.11,0.57,0.3,0.6901408450704225
431,401243411,58.0,58.0,0,0,-0.82,0.29,0.22,0.11,0.62,-0.2,0.8028169014084507
74,401243411,68.0,68.0,0,0,-0.8,-0.21,0.64,-0.57,-0.15,-0.95,0.9436619718309859
11387,401243411,8.0,8.0,1,0,1.29,0.34,0.84,-0.17,1.01,2.3,0.09859154929577464
5573,401243411,28.0,28.0,0,1,0.52,0.89,-0.09,-0.02,0.78,1.3,0.38028169014084506
6991,401243411,11.0,11.0,0,1,0.17,0.42,0.83,0.63,1.88,2.05,0.14084507042253522
110,401243411,18.0,18.0,0,1,-0.76,0.23,1.73,0.61,2.56,1.8,0.23943661971830985
3598,401243411,28.0,28.0,0,1,1.14,-0.9,0.18,0.88,0.16,1.3,0.38028169014084506
5797,401243411,50.0,50.0,0,0,-0.93,-0.01,0.71,0.53,1.23,0.3,0.6901408450704225
2883,401243411,72.0,72.0,0,0,-0.27,-0.72,-0.78,-0.43,-1.93,-2.2,1.0
710,401243411,62.0,62.0,0,0,0.65,-0.83,0.62,-0.89,-1.1,-0.45,0.8591549295774648
10166,401243411,64.0,64.0,0,0,-0.47,0.53,-0.92,0.16,-0.23,-0.7,0.8873239436619719
1030,401243411,11.0,11.0,0,1,0.79,0.15,1.25,-0.14,1.26,2.05,0.14084507042253522
318,401243411,2.0,2.0,1,0,1.64,0.81,0.04,0.31,1.16,2.8,0.014084507042253521
1778,401243411,41.0,41.0,0,0,-1.75,0.6,1.13,0.82,2.55,0.8,0.5633802816901409
3793,401243411,23.0,23.0,0,1,1.01,0.03,-0.59,1.1,0.54,1.55,0.30985915492957744
676,401243411,1.0,1.0,1,0,0.75,0.45,1.77,0.32,2.55,3.3,0.0
1059,401243411,4.0,4.0,1,0,0.03,0.87,0.84,0.81,2.52,2.55,0.04225352112676056
10065,401243411,34.0,34.0,0,0,-0.96,-0.32,1.15,1.18,2.01,1.05,0.4647887323943662
9143,401243411,41.0,41.0,0,0,0.01,0.09,0.72,-0.02,0.79,0.8,0.5633802816901409
2571,401243411,28.0,28.0,0,1,0.71,-0.12,0.64,0.08,0.59,1.3,0.38028169014084506
9530,401243411,18.0,18.0,0,1,0.9,0.6,0.49,-0.18,0.9,1.8,0.23943661971830985
6954,401243411,50.0,50.0,0,0,-0.97,0.66,0.98,-0.37,1.27,0.3,0.6901408450704225
3688,401243411,41.0,41.0,0,0,0.14,-0.02,0.33,0.36,0.66,0.8,0.5633802816901409
3792,401243411,28.0,28.0,0,1,0.96,1.06,-1.02,0.3,0.34,1.3,0.38028169014084506
1042,401243411,50.0,50.0,0,0,0.46,0.27,0.23,-0.65,-0.16,0.3,0.6901408450704225
3980,401243411,11.0,11.0,0,1,0.18,1.05,-0.07,0.9,1.87,2.05,0.14084507042253522
5692,401243411,58.0,58.0,0,0,0.27,0.42,-0.84,-0.05,-0.47,-0.2,0.8028169014084507
6825,401243411,23.0,23.0,0,1,0.06,0.69,-0.52,1.33,1.49,1.55,0.30985915492957744
4321,401243411,23.0,23.0,0,1,0.12,-0.3,1.72,0.01,1.43,1.55,0.30985915492957744
3948,401243411,34.0,34.0,0,0,1.13,0.69,-0.96,0.19,-0.08,1.05,0.4647887323943662
5409,401243411,11.0,11.0,0,1,0.12,0.38,1.58,-0.02,1.93,2.05,0.14084507042253522
809,401243411,2.0,2.0,1,0,0.98,0.31,1.02,0.44,1.82,2.8,0.014084507042253521
1733,401243411,58.0,58.0,0,0,0.44,0.3,0.29,-1.22,-0.64,-0.2,0.8028169014084507
6090,401243411,71.0,71.0,0,0,0.36,0.31,-1.64,-0.73,-2.06,-1.7,0.9859154929577465
4591,401243411,4.0,4.0,1,0,2.01,-0.23,1.04,-0.27,0.54,2.55,0.04225352112676056
1210,401243411,41.0,41.0,0,0,0.92,0.38,-0.88,0.38,-0.12,0.8,0.5633802816901409
11382,401243411,47.0,47.0,0,0,1.11,-0.51,0.09,-0.14,-0.56,0.55,0.647887323943662
10404,401243411,4.0,4.0,1,0,0.67,-0.61,2.08,0.37,1.9,2.57,0.04225352112676056
1359,401243411,11.0,11.0,0,1,1.31,0.14,0.09,0.52,0.74,2.05,0.14084507042253522
1037,401243411,69.0,69.0,0,0,-0.25,-0.12,-0.95,-0.13,-1.2,-1.45,0.9577464788732394
6001,401243411,8.0,8.0,1,0,0.16,0.74,0.63,0.78,2.14,2.3,0.09859154929577464
7001,401243411,58.0,58.0,0,0,0.86,-0.07,-0.58,-0.41,-1.06,-0.2,0.8028169014084507
3378,401243411,55.0,55.0,0,0,-0.34,-0.2,0.44,0.16,0.4,0.05,0.7605633802816901
4643,401243411,62.0,62.0,0,0,0.16,-0.25,0.22,-0.58,-0.61,-0.45,0.8591549295774648
412,401243411,41.0,41.0,0,0,-0.28,-0.27,1.2,0.15,1.08,0.8,0.5633802816901409
5868,401243411,55.0,55.0,0,0,-0.61,-0.3,0.34,0.62,0.66,0.05,0.7605633802816901
1185,401243411,34.0,34.0,0,0,0.02,0.13,0.74,0.16,1.03,1.05,0.4647887323943662
4565482,401243411,28.0,28.0,0,1,-0.24,0.39,0.2,0.95,1.54,1.3,0.38028169014084506
6185,401243411,50.0,50.0,0,0,-0.06,-0.6,0.61,0.35,0.36,0.3,0.6901408450704225
686,401243411,34.0,34.0,0,0,-0.19,0.05,1.18,0.01,1.24,1.05,0.4647887323943662
9261,401243413,4.0,4.0,1,0,1.0,0.22,0.41,0.87,1.5,2.5,0.038461538461538464
4425898,401243413,47.0,47.0,0,0,0.24,-0.04,0.1,0.19,0.26,0.5,0.5897435897435898
5502,401243413,13.0,13.0,0,1,0.37,-0.03,1.37,0.03,1.38,1.75,0.15384615384615385
388,401243413,13.0,13.0,0,1,1.43,0.25,0.83,-0.77,0.32,1.75,0.15384615384615385
10577,401243413,66.0,66.0,0,0,-1.26,0.16,0.44,0.41,1.01,-0.25,0.8333333333333334
10046,401243413,19.0,19.0,0,1,0.69,-0.23,0.21,0.82,0.8,1.5,0.23076923076923078
2283,401243413,5.0,5.0,1,0,3.48,-0.4,-0.77,-0.05,-1.23,2.25,0.05128205128205128
1225,401243413,5.0,5.0,1,0,1.66,0.8,-0.48,0.27,0.59,2.25,0.05128205128205128
6011,401243413,10.0,10.0,1,0,0.94,0.27,-0.06,0.86,1.06,2.0,0.11538461538461539
6798,401243413,5.0,5.0,1,0,0.06,0.15,1.08,0.95,2.18,2.25,0.05128205128205128
3599,401243413,30.0,30.0,0,1,0.63,0.2,0.03,0.14,0.37,1.0,0.3717948717948718
3454,401243413,30.0,30.0,0,1,-0.45,0.24,1.0,0.2,1.44,1.0,0.3717948717948718
780,401243413,19.0,19.0,0,1,0.22,0.08,0.51,0.69,1.28,1.5,0.23076923076923078
205,401243413,30.0,30.0,0,1,1.27,-0.16,0.13,-0.25,-0.27,1.0,0.3717948717948718
5532,401243413,47.0,47.0,0,0,0.27,-0.31,0.3,0.24,0.23,0.5,0.5897435897435898
1121,401243413,54.0,54.0,0,0,-0.39,-0.44,1.02,0.05,0.63,0.25,0.6794871794871795
769,401243413,25.0,25.0,0,1,-0.18,0.11,0.84,0.49,1.43,1.25,0.3076923076923077
9131,401243413,30.0,30.0,0,1,0.42,-0.07,1.16,-0.52,0.57,1.0,0.3717948717948718
11456,401243413,54.0,54.0,0,0,0.03,-0.55,0.66,0.11,0.22,0.25,0.6794871794871795
928,401243413,73.0,73.0,0,0,-0.44,0.19,1.1,-1.6,-0.31,-0.75,0.9230769230769231
3448,401243413,25.0,25.0,0,1,0.36,0.6,-0.15,0.45,0.89,1.25,0.3076923076923077
10054,401243413,73.0,73.0,0,0,1.28,-0.99,-0.14,-0.9,-2.03,-0.75,0.9230769230769231
11448,401243413,61.0,61.0,0,0,0.13,-0.34,0.97,-0.77,-0.13,0.0,0.7692307692307693
9474,401243413,13.0,13.0,0,1,1.07,-0.24,0.74,0.17,0.67,1.75,0.15384615384615385
5408,401243413,1.0,1.0,1,0,0.99,0.72,0.37,0.92,2.01,3.0,0.0
11387,401243413,5.0,5.0,1,0,1.46,0.55,0.25,0.0,0.79,2.25,0.05128205128205128
5573,401243413,61.0,61.0,0,0,-0.26,-0.51,0.72,0.05,0.25,0.0,0.7692307692307693
6991,401243413,47.0,47.0,0,0,-0.61,-0.2,1.72,-0.41,1.11,0.5,0.5897435897435898
619,401243413,36.0,36.0,0,0,0.83,0.14,-0.27,0.05,-0.08,0.75,0.44871794871794873
3856,401243413,36.0,36.0,0,0,1.04,-0.47,-0.92,1.1,-0.29,0.75,0.44871794871794873
1680,401243413,10.0,10.0,1,0,0.81,0.92,0.05,0.22,1.19,2.0,0.11538461538461539
3598,401243413,25.0,25.0,0,1,0.26,-0.19,0.11,1.07,0.99,1.25,0.3076923076923077
1067,401243413,36.0,36.0,0,0,1.17,-0.32,0.37,-0.48,-0.43,0.75,0.44871794871794873
11099,401243413,36.0,36.0,0,0,0.28,0.53,0.08,-0.14,0.47,0.75,0.44871794871794873
569,401243413,36.0,36.0,0,0,0.25,-0.11,0.88,-0.27,0.5,0.75,0.44871794871794873
10166,401243413,47.0,47.0,0,0,-0.36,-0.12,0.31,0.67,0.86,0.5,0.5897435897435898
3857,401243413,36.0,36.0,0,0,0.09,0.51,-0.05,0.2,0.65,0.75,0.44871794871794873
10363,401243413,2.0,2.0,1,0,1.88,0.14,-0.09,1.08,1.12,3.0,0.01282051282051282
2552,401243413,5.0,5.0,1,0,1.74,0.26,0.09,0.16,0.51,2.25,0.05128205128205128
7083,401243413,73.0,73.0,0,0,-0.45,0.04,-0.97,0.62,-0.31,-0.75,0.9230769230769231
318,401243413,47.0,47.0,0,0,1.53,-0.06,-0.99,0.02,-1.03,0.5,0.5897435897435898
1778,401243413,54.0,54.0,0,0,-0.98,-0.5,1.71,0.01,1.22,0.25,0.6794871794871795
3793,401243413,66.0,66.0,0,0,0.43,0.27,-0.05,-0.9,-0.68,-0.25,0.8333333333333334
4351896,401243413,70.0,70.0,0,0,0.37,0.09,-1.01,0.04,-0.88,-0.5,0.8846153846153846
5962,401243413,70.0,70.0,0,0,-0.58,-0.02,0.21,-0.12,0.07,-0.5,0.8846153846153846
10343,401243413,19.0,19.0,0,1,0.1,0.36,0.95,0.09,1.39,1.5,0.23076923076923078
9143,401243413,13.0,13.0,0,1,1.15,0.44,-0.12,0.28,0.6,1.75,0.15384615384615385
6931,401243413,76.0,76.0,0,0,-0.29,0.23,-0.1,-0.84,-0.71,-1.0,0.9615384615384616
1367,401243413,36.0,36.0,0,0,0.82,0.02,-0.49,0.4,-0.08,0.75,0.44871794871794873
3351,401243413,3.0,3.0,1,0,1.31,0.26,0.06,1.12,1.44,2.75,0.02564102564102564
9530,401243413,30.0,30.0,0,1,0.82,-0.4,-0.61,1.18,0.17,1.0,0.3717948717948718
1600,401243413,76.0,76.0,0,0,-0.96,0.47,-0.48,-0.03,-0.04,-1.0,0.9615384615384616
6007,401243413,13.0,13.0,0,1,0.38,0.06,0.94,0.37,1.37,1.75,0.15384615384615385
72,401243413,36.0,36.0,0,0,-1.25,0.56,1.17,0.26,1.99,0.75,0.44871794871794873
5692,401243413,54.0,54.0,0,0,1.23,0.03,-0.14,-0.87,-0.98,0.25,0.6794871794871795
308,401243413,61.0,61.0,0,0,0.31,0.08,0.15,-0.54,-0.31,0.0,0.7692307692307693
5579,401243413,25.0,25.0,0,1,-0.7,0.3,0.98,0.66,1.95,1.25,0.3076923076923077
6825,401243413,76.0,76.0,0,0,-1.91,0.45,0.36,0.09,0.91,-1.0,0.9615384615384616
1750,401243413,61.0,61.0,0,0,-0.57,-0.21,-0.38,1.15,0.57,0.0,0.7692307692307693
5409,401243413,19.0,19.0,0,1,0.25,-0.18,0.83,0.6,1.25,1.5,0.23076923076923078
809,401243413,54.0,54.0,0,0,0.48,-0.32,-0.08,0.17,-0.23,0.25,0.6794871794871795
9531,401243413,66.0,66.0,0,0,-0.12,0.84,-1.14,0.17,-0.13,-0.25,0.8333333333333334
5619,401243413,19.0,19.0,0,1,0.63,0.81,-0.01,0.07,0.87,1.5,0.23076923076923078
9938,401243413,13.0,13.0,0,1,0.15,0.86,0.68,0.05,1.6,1.75,0.15384615384615385
78,401243413,30.0,30.0,0,1,-1.16,-0.2,1.3,1.05,2.15,1.0,0.3717948717948718
9076,401243413,36.0,36.0,0,0,1.33,-0.07,-0.41,-0.1,-0.58,0.75,0.44871794871794873
6001,401243413,19.0,19.0,0,1,-0.11,0.39,1.66,-0.45,1.61,1.5,0.23076923076923078
7001,401243413,54.0,54.0,0,0,0.55,0.82,-0.63,-0.49,-0.3,0.25,0.6794871794871795
9478,401243413,47.0,47.0,0,0,-0.05,0.26,-0.06,0.34,0.55,0.5,0.5897435897435898
8961,401243413,10.0,10.0,1,0,0.58,-0.09,1.34,0.16,1.42,2.0,0.11538461538461539
9569,401243413,54.0,54.0,0,0,-0.59,0.06,0.31,0.47,0.84,0.25,0.6794871794871795
9513,401243413,36.0,36.0,0,0,0.31,0.81,0.7,-1.07,0.43,0.75,0.44871794871794873
6086,401243413,66.0,66.0,0,0,-0.43,-0.19,0.41,-0.05,0.17,-0.25,0.8333333333333334
5868,401243413,47.0,47.0,0,0,0.41,0.1,-0.93,0.91,0.09,0.5,0.5897435897435898
3970,401243413,36.0,36.0,0,0,0.74,0.4,-0.04,-0.35,0.01,0.75,0.44871794871794873
4565482,401243413,79.0,79.0,0,0,-0.61,-0.18,-0.15,-1.57,-1.89,-2.5,1.0
3532,401243413,70.0,70.0,0,0,0.32,0.17,-0.75,-0.25,-0.83,-0.5,0.8846153846153846
686,401243413,25.0,25.0,0,1,-0.38,0.3,1.12,0.21,1.63,1.25,0.3076923076923077
4419142,401243414,57.0,57.0,0,0,-0.53,0.59,-0.3,0.01,0.3,-0.22,0.8115942028985508
5548,401243414,40.0,40.0,0,0,2.07,0.0,-0.7,-0.59,-1.29,0.78,0.5652173913043478
388,401243414,35.0,35.0,0,0,1.08,0.29,-0.47,0.12,-0.05,1.03,0.4927536231884058
10046,401243414,26.0,26.0,0,1,1.33,-2.0,1.3,0.9,0.2,1.53,0.36231884057971014
4383,401243414,7.0,7.0,1,0,-0.66,1.21,1.6,0.37,3.18,2.53,0.08695652173913043
1225,401243414,19.0,19.0,0,1,0.16,0.95,0.72,-0.05,1.61,1.78,0.2608695652173913
6798,401243414,4.0,4.0,1,0,0.72,0.04,1.16,0.86,2.06,2.78,0.043478260869565216
780,401243414,50.0,50.0,0,0,-0.07,0.19,-0.36,0.52,0.35,0.28,0.7101449275362319
4628,401243414,26.0,26.0,0,1,1.63,-0.25,0.65,-0.51,-0.1,1.53,0.36231884057971014
9243,401243414,31.0,31.0,0,0,0.37,0.34,0.98,-0.41,0.91,1.28,0.43478260869565216
205,401243414,57.0,57.0,0,0,0.07,-0.06,-0.54,0.31,-0.29,-0.22,0.8115942028985508
10592,401243414,4.0,4.0,1,0,-0.1,0.19,1.46,1.23,2.88,2.78,0.043478260869565216
769,401243414,40.0,40.0,0,0,-1.02,0.43,1.26,0.11,1.8,0.78,0.5652173913043478
1097,401243414,19.0,19.0,0,1,0.33,1.33,0.08,0.04,1.44,1.78,0.2608695652173913
9025,401243414,7.0,7.0,1,0,0.52,0.23,1.46,0.33,2.01,2.53,0.08695652173913043
5167,401243414,46.0,46.0,0,0,1.35,-0.38,-0.85,0.41,-0.83,0.53,0.6521739130434783
3448,401243414,19.0,19.0,0,1,0.93,-0.18,0.61,0.41,0.85,1.78,0.2608695652173913
3375,401243414,70.0,70.0,0,0,-0.75,0.42,-0.89,-1.25,-1.73,-2.47,1.0
1483,401243414,13.0,13.0,0,1,0.94,0.89,0.59,-0.14,1.33,2.28,0.17391304347826086
9474,401243414,4.0,4.0,1,0,-0.05,1.24,1.17,0.42,2.83,2.78,0.043478260869565216
3550,401243414,50.0,50.0,0,0,-0.37,-0.34,-0.17,1.15,0.65,0.28,0.7101449275362319
5408,401243414,3.0,3.0,1,0,1.01,0.96,0.99,0.07,2.02,3.03,0.028985507246376812
5860,401243414,26.0,26.0,0,1,0.18,0.22,1.24,-0.11,1.35,1.53,0.36231884057971014
619,401243414,40.0,40.0,0,0,1.29,-0.22,-0.42,0.13,-0.51,0.78,0.5652173913043478
11099,401243414,31.0,31.0,0,0,-0.22,-0.24,0.82,0.92,1.5,1.28,0.43478260869565216
10505,401243414,40.0,40.0,0,0,1.11,0.2,-0.28,-0.26,-0.34,0.78,0.5652173913043478
9780,401243414,1.0,1.0,1,0,0.91,0.57,1.25,1.06,2.87,3.78,0.0
5467,401243414,19.0,19.0,0,1,0.3,0.07,1.3,0.09,1.47,1.78,0.2608695652173913
4848,401243414,19.0,19.0,0,1,1.26,0.7,0.03,-0.21,0.52,1.78,0.2608695652173913
1030,401243414,57.0,57.0,0,0,-1.47,-0.02,0.75,0.52,1.25,-0.22,0.8115942028985508
446,401243414,70.0,70.0,0,0,0.26,-1.04,-1.11,-0.57,-2.73,-2.47,1.0
2552,401243414,55.0,55.0,0,0,0.84,0.2,-0.65,-0.37,-0.81,0.03,0.782608695652174
1077,401243414,15.0,15.0,0,1,0.7,0.85,0.76,-0.29,1.32,2.03,0.2028985507246377
11105,401243414,68.0,68.0,0,0,-0.11,-1.36,0.47,-0.23,-1.12,-1.22,0.9710144927536232
5962,401243414,35.0,35.0,0,0,-0.02,-0.05,1.11,-0.01,1.05,1.03,0.4927536231884058
1293,401243414,2.0,2.0,1,0,1.86,0.61,0.72,0.33,1.67,3.53,0.014492753623188406
455,401243414,46.0,46.0,0,0,0.5,-0.18,-0.23,0.44,0.02,0.53,0.6521739130434783
9037,401243414,55.0,55.0,0,0,-0.81,-0.11,0.31,0.64,0.84,0.03,0.782608695652174
6931,401243414,15.0,15.0,0,1,0.92,0.49,0.94,-0.32,1.11,2.03,0.2028985507246377
1367,401243414,65.0,65.0,0,0,-0.59,1.37,-1.33,-0.43,-0.39,-0.97,0.927536231884058
3670,401243414,26.0,26.0,0,1,0.69,-0.09,1.85,-0.93,0.84,1.53,0.36231884057971014
3351,401243414,64.0,64.0,0,0,0.1,-0.47,0.12,-0.48,-0.83,-0.72,0.9130434782608695
4412121,401243414,15.0,15.0,0,1,1.23,-0.86,0.53,1.12,0.79,2.03,0.2028985507246377
6007,401243414,15.0,15.0,0,1,0.91,0.84,-0.19,0.47,1.12,2.03,0.2028985507246377
72,401243414,7.0,7.0,1,0,0.04,0.81,1.14,0.54,2.49,2.53,0.08695652173913043
308,401243414,62.0,62.0,0,0,-1.15,0.27,0.19,0.21,0.68,-0.47,0.8840579710144928
5579,401243414,19.0,19.0,0,1,0.58,0.9,0.27,0.01,1.19,1.78,0.2608695652173913
6825,401243414,31.0,31.0,0,0,1.63,-0.77,-0.34,0.76,-0.35,1.28,0.43478260869565216
4321,401243414,50.0,50.0,0,0,0.47,0.28,-0.4,-0.07,-0.19,0.28,0.7101449275362319
5409,401243414,13.0,13.0,0,1,0.65,0.34,1.6,-0.32,1.63,2.28,0.17391304347826086
4350033,401243414,26.0,26.0,0,1,0.25,-0.36,1.95,-0.31,1.27,1.53,0.36231884057971014
11378,401243414,35.0,35.0,0,0,-0.32,0.48,0.64,0.23,1.34,1.03,0.4927536231884058
3470,401243414,7.0,7.0,1,0,-0.58,1.07,1.11,0.93,3.11,2.53,0.08695652173913043
78,401243414,57.0,57.0,0,0,-0.07,-0.07,0.05,-0.13,-0.15,-0.22,0.8115942028985508
158,401243414,19.0,19.0,0,1,0.57,-0.4,1.31,0.29,1.2,1.78,0.2608695652173913
11382,401243414,35.0,35.0,0,0,0.4,0.31,0.3,0.01,0.62,1.03,0.4927536231884058
7081,401243414,40.0,40.0,0,0,-0.64,-0.07,0.62,0.86,1.42,0.78,0.5652173913043478
4587,401243414,65.0,65.0,0,0,-1.28,0.05,1.04,-0.79,0.31,-0.97,0.927536231884058
9478,401243414,7.0,7.0,1,0,2.12,-0.25,0.63,0.03,0.41,2.53,0.08695652173913043
5539,401243414,50.0,50.0,0,0,0.96,-0.49,0.06,-0.26,-0.68,0.28,0.7101449275362319
6086,401243414,46.0,46.0,0,0,-0.01,0.0,0.37,0.17,0.54,0.53,0.6521739130434783
3970,401243414,65.0,65.0,0,0,0.08,0.02,-0.31,-0.76,-1.05,-0.97,0.927536231884058
10140,401243414,7.0,7.0,1,0,-0.38,0.4,0.98,1.53,2.9,2.53,0.08695652173913043
6015,401243416,26.0,26.0,0,1,1.15,0.34,-0.13,-0.32,-0.12,1.03,0.373134328358209
3832,401243416,13.0,13.0,0,1,0.91,0.37,0.29,0.21,0.87,1.78,0.1791044776119403
4407372,401243416,18.0,18.0,0,1,-0.73,-0.46,2.11,0.36,2.01,1.28,0.2537313432835821
388,401243416,16.0,16.0,0,1,0.77,0.81,-0.01,-0.04,0.76,1.53,0.22388059701492538
10577,401243416,9.0,9.0,1,0,0.62,0.48,0.77,0.41,1.66,2.28,0.11940298507462686
10046,401243416,18.0,18.0,0,1,0.31,-0.24,0.44,0.76,0.97,1.28,0.2537313432835821
4383,401243416,4.0,4.0,1,0,1.4,0.83,1.21,0.1,2.13,3.53,0.04477611940298507
9584,401243416,50.0,50.0,0,0,0.36,-0.61,0.35,-0.33,-0.58,-0.22,0.7313432835820896
4780,401243416,13.0,13.0,0,1,0.56,0.05,0.91,0.26,1.22,1.78,0.1791044776119403
1651,401243416,67.0,67.0,0,0,-0.19,-1.4,-1.48,0.84,-2.03,-2.22,0.9850746268656716
3596,401243416,37.0,37.0,0,0,0.17,-0.5,0.21,0.64,0.36,0.53,0.5373134328358209
3454,401243416,53.0,53.0,0,0,0.45,-0.9,-0.22,0.2,-0.92,-0.47,0.7761194029850746
9243,401243416,37.0,37.0,0,0,0.45,-0.38,1.1,-0.64,0.08,0.53,0.5373134328358209
9126,401243416,53.0,53.0,0,0,0.55,-0.36,-1.09,0.44,-1.02,-0.47,0.7761194029850746
205,401243416,57.0,57.0,0,0,-0.95,-1.27,0.63,0.87,0.23,-0.72,0.835820895522388
3449,401243416,26.0,26.0,0,1,0.7,0.88,0.0,-0.55,0.33,1.03,0.373134328358209
10592,401243416,2.0,2.0,1,0,1.34,0.39,1.73,0.78,2.9,4.24,0.014925373134328358
5532,401243416,16.0,16.0,0,1,-0.73,0.17,2.36,-0.27,2.26,1.53,0.22388059701492538
6017,401243416,57.0,57.0,0,0,-0.25,-0.98,0.15,0.36,-0.46,-0.72,0.835820895522388
1097,401243416,53.0,53.0,0,0,-0.29,-0.3,-0.4,0.52,-0.18,-0.47,0.7761194029850746
4645,401243416,26.0,26.0,0,1,1.77,0.69,-0.29,-1.13,-0.74,1.03,0.373134328358209
11448,401243416,42.0,42.0,0,0,0.79,0.22,0.18,-0.9,-0.51,0.28,0.6119402985074627
4304,401243416,26.0,26.0,0,1,0.02,1.36,0.48,-0.84,1.01,1.03,0.373134328358209
4844,401243416,68.0,68.0,0,0,-0.4,-0.26,-1.78,-0.77,-2.82,-3.22,1.0
5860,401243416,62.0,62.0,0,0,-2.36,0.17,0.17,1.05,1.39,-0.97,0.9104477611940298
5504,401243416,62.0,62.0,0,0,0.2,-0.13,-0.62,-0.42,-1.17,-0.97,0.9104477611940298
6991,401243416,47.0,47.0,0,0,0.05,-0.28,-0.27,0.53,-0.02,0.03,0.6865671641791045
6196,401243416,32.0,32.0,0,0,0.22,0.33,1.02,-0.79,0.56,0.78,0.4626865671641791
110,401243416,37.0,37.0,0,0,-1.38,0.76,1.06,0.09,1.91,0.53,0.5373134328358209
3598,401243416,26.0,26.0,0,1,0.51,0.45,-0.05,0.12,0.52,1.03,0.373134328358209
10505,401243416,65.0,65.0,0,0,0.23,-1.18,-0.51,0.0,-1.7,-1.47,0.9552238805970149
5467,401243416,18.0,18.0,0,1,0.5,0.3,0.06,0.42,0.78,1.28,0.2537313432835821
4848,401243416,42.0,42.0,0,0,-2.1,0.61,0.75,1.02,2.38,0.28,0.6119402985074627
446,401243416,6.0,6.0,1,0,-0.42,0.63,1.78,0.54,2.95,2.53,0.07462686567164178
7083,401243416,65.0,65.0,0,0,-0.56,0.8,-1.21,-0.5,-0.91,-1.47,0.9552238805970149
1778,401243416,42.0,42.0,0,0,-0.25,-0.41,0.45,0.49,0.53,0.28,0.6119402985074627
1077,401243416,13.0,13.0,0,1,-0.25,0.76,1.13,0.13,2.03,1.78,0.1791044776119403
676,401243416,37.0,37.0,0,0,0.05,1.24,-1.13,0.37,0.48,0.53,0.5373134328358209
10343,401243416,18.0,18.0,0,1,0.74,0.08,0.28,0.19,0.54,1.28,0.2537313432835821
1293,401243416,18.0,18.0,0,1,0.93,-0.23,0.0,0.58,0.35,1.28,0.2537313432835821
8973,401243416,6.0,6.0,1,0,1.63,-0.13,0.52,0.51,0.9,2.53,0.07462686567164178
9143,401243416,42.0,42.0,0,0,0.44,0.57,-0.44,-0.29,-0.16,0.28,0.6119402985074627
2571,401243416,53.0,53.0,0,0,0.97,-0.56,-0.62,-0.27,-1.44,-0.47,0.7761194029850746
3351,401243416,57.0,57.0,0,0,-0.24,0.07,-0.73,0.19,-0.47,-0.72,0.835820895522388
3688,401243416,64.0,64.0,0,0,-0.18,0.63,-1.13,-0.54,-1.04,-1.22,0.9402985074626866
3792,401243416,42.0,42.0,0,0,0.44,0.3,-0.71,0.26,-0.16,0.28,0.6119402985074627
6007,401243416,1.0,1.0,1,0,0.71,1.13,1.52,0.92,3.57,4.28,0.0
5579,401243416,5.0,5.0,1,0,0.15,0.99,1.42,0.47,2.88,3.03,0.05970149253731343
4321,401243416,37.0,37.0,0,0,0.48,-0.2,0.25,0.0,0.05,0.53,0.5373134328358209
3702,401243416,11.0,11.0,0,1,0.97,0.82,0.39,-0.15,1.06,2.03,0.14925373134328357
4483,401243416,57.0,57.0,0,0,0.14,-0.99,0.04,0.09,-0.86,-0.72,0.835820895522388
3470,401243416,18.0,18.0,0,1,0.83,-0.57,1.01,0.02,0.45,1.28,0.2537313432835821
9531,401243416,32.0,32.0,0,0,0.69,0.97,-0.57,-0.3,0.1,0.78,0.4626865671641791
9938,401243416,50.0,50.0,0,0,0.17,-0.74,0.73,-0.38,-0.39,-0.22,0.7313432835820896
78,401243416,47.0,47.0,0,0,-0.18,-0.21,0.47,-0.05,0.21,0.03,0.6865671641791045
4449,401243416,32.0,32.0,0,0,-0.19,0.54,0.39,0.04,0.97,0.78,0.4626865671641791
7081,401243416,9.0,9.0,1,0,0.78,0.56,0.55,0.38,1.5,2.28,0.11940298507462686
4587,401243416,6.0,6.0,1,0,0.6,1.01,0.6,0.32,1.93,2.53,0.07462686567164178
9478,401243416,3.0,3.0,1,0,0.83,1.09,1.41,0.46,2.95,3.78,0.029850746268656716
10980,401243416,32.0,32.0,0,0,0.39,0.28,0.17,-0.06,0.4,0.78,0.4626865671641791
2230,401243416,32.0,32.0,0,0,-1.45,1.01,0.66,0.56,2.23,0.78,0.4626865671641791
9513,401243416,18.0,18.0,0,1,0.11,1.03,1.2,-1.05,1.18,1.28,0.2537313432835821
3970,401243416,50.0,50.0,0,0,2.01,-0.73,-0.79,-0.71,-2.23,-0.22,0.7313432835820896
11447,401243416,57.0,57.0,0,0,-0.31,-0.47,-0.11,0.16,-0.41,-0.72,0.835820895522388
4364873,401243416,47.0,47.0,0,0,-1.3,-0.51,1.19,0.65,1.33,0.03,0.6865671641791045
1185,401243416,18.0,18.0,0,1,1.46,0.46,-0.83,0.2,-0.18,1.28,0.2537313432835821
10140,401243416,11.0,11.0,0,1,0.33,-0.47,1.48,0.69,1.7,2.03,0.14925373134328357
4479,401243416,26.0,26.0,0,1,1.27,0.67,-0.71,-0.2,-0.24,1.03,0.373134328358209
9261,401243417,14.0,14.0,0,1,1.06,0.0,-0.01,0.43,0.41,1.47,0.17567567567567569
5548,401243417,8.0,8.0,1,0,0.13,1.27,0.4,-0.09,1.59,1.72,0.0945945945945946
4682,401243417,62.0,62.0,0,0,0.59,-0.19,-0.62,-0.31,-1.13,-0.53,0.8243243243243243
6015,401243417,20.0,20.0,0,1,1.24,-0.22,-0.02,0.21,-0.03,1.22,0.25675675675675674
10372,401243417,65.0,65.0,0,0,-0.1,-0.77,0.04,0.05,-0.69,-0.78,0.8648648648648649
5285,401243417,50.0,50.0,0,0,-0.18,0.65,-0.98,0.72,0.4,0.22,0.6621621621621622
2283,401243417,56.0,56.0,0,0,0.79,-0.01,-0.7,-0.11,-0.82,-0.03,0.7432432432432432
1225,401243417,8.0,8.0,1,0,0.23,0.33,0.93,0.23,1.48,1.72,0.0945945945945946
1651,401243417,40.0,40.0,0,0,0.49,0.98,-0.51,-0.24,0.23,0.72,0.527027027027027
1222,401243417,50.0,50.0,0,0,0.37,0.34,-0.1,-0.4,-0.15,0.22,0.6621621621621622
3599,401243417,56.0,56.0,0,0,-0.75,0.95,-0.06,-0.17,0.72,-0.03,0.7432432432432432
3454,401243417,8.0,8.0,1,0,1.63,-0.57,0.52,0.14,0.08,1.72,0.0945945945945946
9126,401243417,20.0,20.0,0,1,-0.5,-0.06,1.26,0.52,1.71,1.22,0.25675675675675674
10863,401243417,45.0,45.0,0,0,1.28,-1.0,0.26,-0.07,-0.82,0.47,0.5945945945945946
205,401243417,3.0,3.0,1,0,0.94,-0.58,1.97,0.39,1.78,2.72,0.02702702702702703
3449,401243417,69.0,69.0,0,0,-0.71,-0.29,-0.09,-0.2,-0.58,-1.28,0.918918918918919
10592,401243417,14.0,14.0,0,1,-0.33,-0.3,2.05,0.05,1.8,1.47,0.17567567567567569
5532,401243417,40.0,40.0,0,0,-0.94,0.3,0.77,0.59,1.66,0.72,0.527027027027027
6017,401243417,32.0,32.0,0,0,0.4,0.49,-0.06,0.13,0.57,0.97,0.4189189189189189
4645,401243417,32.0,32.0,0,0,0.51,0.41,0.58,-0.54,0.45,0.97,0.4189189189189189
1264,401243417,69.0,69.0,0,0,-1.19,0.73,-0.44,-0.39,-0.09,-1.28,0.918918918918919
9025,401243417,20.0,20.0,0,1,0.34,0.11,1.02,-0.25,0.88,1.22,0.25675675675675674
11456,401243417,14.0,14.0,0,1,0.1,0.46,1.01,-0.11,1.36,1.47,0.17567567567567569
3950,401243417,40.0,40.0,0,0,-0.23,-0.78,0.83,0.89,0.95,0.72,0.527027027027027
1196,401243417,75.0,75.0,0,0,-1.31,0.0,-1.13,-0.6,-1.73,-3.03,1.0
11448,401243417,59.0,59.0,0,0,0.48,-0.43,0.7,-1.04,-0.76,-0.28,0.7837837837837838
646,401243417,20.0,20.0,0,1,1.94,-0.18,0.13,-0.67,-0.72,1.22,0.25675675675675674
5882,401243417,8.0,8.0,1,0,0.89,-0.29,1.52,-0.41,0.82,1.72,0.0945945945945946
3550,401243417,14.0,14.0,0,1,0.46,-0.43,0.7,0.73,1.01,1.47,0.17567567567567569
5573,401243417,50.0,50.0,0,0,0.28,0.18,1.01,-1.24,-0.06,0.22,0.6621621621621622
5504,401243417,45.0,45.0,0,0,0.81,-0.8,0.58,-0.12,-0.34,0.47,0.5945945945945946
6991,401243417,32.0,32.0,0,0,-0.15,0.3,1.09,-0.28,1.12,0.97,0.4189189189189189
619,401243417,3.0,3.0,1,0,1.16,0.83,0.98,-0.25,1.56,2.72,0.02702702702702703
4421475,401243417,20.0,20.0,0,1,1.32,-0.44,0.14,0.2,-0.1,1.22,0.25675675675675674
110,401243417,65.0,65.0,0,0,-0.03,-1.04,-0.24,0.53,-0.76,-0.78,0.8648648648648649
196,401243417,74.0,74.0,0,0,-1.12,0.0,-1.36,-0.06,-1.42,-2.53,0.9864864864864865
3317,401243417,1.0,1.0,1,0,1.38,-0.5,1.3,1.54,2.34,3.72,0.0
11099,401243417,50.0,50.0,0,0,0.12,-0.71,0.47,0.34,0.1,0.22,0.6621621621621622
569,401243417,20.0,20.0,0,1,1.56,0.03,-0.4,0.02,-0.35,1.22,0.25675675675675674
5467,401243417,2.0,2.0,1,0,1.65,0.41,0.3,0.6,1.32,2.97,0.013513513513513514
4848,401243417,40.0,40.0,0,0,0.34,-0.37,0.07,0.67,0.37,0.72,0.527027027027027
1030,401243417,69.0,69.0,0,0,-0.99,-0.63,-0.27,0.61,-0.3,-1.28,0.918918918918919
10363,401243417,14.0,14.0,0,1,-0.01,0.58,0.43,0.47,1.48,1.47,0.17567567567567569
2552,401243417,40.0,40.0,0,0,0.4,0.79,-1.59,1.12,0.32,0.72,0.527027027027027
318,401243417,32.0,32.0,0,0,-0.79,1.23,1.62,-1.1,1.75,0.97,0.4189189189189189
1778,401243417,8.0,8.0,1,0,-0.76,-0.16,2.05,0.58,2.47,1.72,0.0945945945945946
1077,401243417,20.0,20.0,0,1,0.4,-0.05,0.26,0.61,0.82,1.22,0.25675675675675674
676,401243417,8.0,8.0,1,0,1.04,-0.67,1.09,0.26,0.68,1.72,0.0945945945945946
9143,401243417,69.0,69.0,0,0,1.0,-0.64,-1.17,-0.48,-2.28,-1.28,0.918918918918919
257,401243417,50.0,50.0,0,0,-0.08,0.99,0.12,-0.81,0.3,0.22,0.6621621621621622
9530,401243417,20.0,20.0,0,1,0.37,-0.19,0.66,0.38,0.85,1.22,0.25675675675675674
10548,401243417,56.0,56.0,0,0,0.56,0.05,-1.22,0.57,-0.6,-0.03,0.7432432432432432
1600,401243417,32.0,32.0,0,0,-0.55,0.97,0.0,0.54,1.52,0.97,0.4189189189189189
3792,401243417,62.0,62.0,0,0,-0.13,-0.35,0.24,-0.3,-0.41,-0.53,0.8243243243243243
3980,401243417,3.0,3.0,1,0,0.4,0.31,1.59,0.42,2.32,2.72,0.02702702702702703
707,401243417,45.0,45.0,0,0,-0.36,0.93,0.35,-0.46,0.82,0.47,0.5945945945945946
4321,401243417,32.0,32.0,0,0,-0.17,0.56,0.35,0.22,1.13,0.97,0.4189189189189189
962,401243417,32.0,32.0,0,0,0.99,-0.23,0.48,-0.28,-0.02,0.97,0.4189189189189189
377,401243417,67.0,67.0,0,0,0.54,-0.36,-1.03,-0.18,-1.57,-1.03,0.8918918918918919
9531,401243417,59.0,59.0,0,0,-1.06,0.27,0.14,0.37,0.78,-0.28,0.7837837837837838
5619,401243417,45.0,45.0,0,0,0.22,0.7,0.06,-0.51,0.25,0.47,0.5945945945945946
9804,401243417,45.0,45.0,0,0,1.0,-0.14,-0.52,0.12,-0.54,0.47,0.5945945945945946
158,401243417,20.0,20.0,0,1,-0.48,0.44,0.28,0.97,1.69,1.22,0.25675675675675674
4449,401243417,62.0,62.0,0,0,0.65,0.25,-2.05,0.62,-1.18,-0.53,0.8243243243243243
10404,401243417,3.0,3.0,1,0,2.55,-0.28,-0.24,0.68,0.17,2.72,0.02702702702702703
3378,401243417,67.0,67.0,0,0,-0.57,-0.58,0.55,-0.43,-0.46,-1.03,0.8918918918918919
2230,401243417,20.0,20.0,0,1,-1.11,0.38,1.0,0.94,2.32,1.22,0.25675675675675674
9513,401243417,14.0,14.0,0,1,0.08,0.11,1.15,0.13,1.39,1.47,0.17567567567567569
9002,401243417,50.0,50.0,0,0,-1.36,0.7,0.9,-0.03,1.57,0.22,0.6621621621621622
3970,401243417,7.0,7.0,1,0,0.97,0.62,0.35,0.04,1.0,1.97,0.08108108108108109
4408315,401243417,20.0,20.0,0,1,0.55,-0.71,1.35,0.03,0.66,1.22,0.25675675675675674
11119,401243417,20.0,20.0,0,1,0.82,0.34,-0.13,0.19,0.4,1.22,0.25675675675675674
9877,401243417,59.0,59.0,0,0,-0.61,1.26,-1.38,0.45,0.33,-0.28,0.7837837837837838
4479,401243417,73.0,73.0,0,0,-0.61,-1.1,0.25,-0.57,-1.42,-2.03,0.972972972972973
686,401243417,32.0,32.0,0,0,2.1,0.66,-1.31,-0.48,-1.13,0.97,0.4189189189189189
9261,401243418,8.0,8.0,1,0,0.77,-0.09,0.65,0.92,1.48,2.25,0.0875
5548,401243418,64.0,64.0,0,0,0.1,-0.68,0.67,-0.1,-0.1,0.0,0.7875
3832,401243418,55.0,55.0,0,0,-0.57,0.84,-0.34,0.57,1.07,0.5,0.675
10577,401243418,17.0,17.0,0,1,0.87,0.54,0.9,-0.31,1.13,2.0,0.2
5285,401243418,49.0,49.0,0,0,-0.14,0.97,-0.05,-0.03,0.89,0.75,0.6
4422368,401243418,44.0,44.0,0,0,-0.21,0.01,0.86,0.34,1.21,1.0,0.5375
10046,401243418,38.0,38.0,0,0,-0.28,0.43,0.29,0.82,1.53,1.25,0.4625
159,401243418,81.0,81.0,0,0,1.18,-1.02,-1.83,-0.83,-3.68,-2.5,1.0
4383,401243418,38.0,38.0,0,0,1.09,1.33,-0.94,-0.23,0.16,1.25,0.4625
1651,401243418,23.0,23.0,0,1,1.27,0.05,0.26,0.17,0.48,1.75,0.275
6798,401243418,2.0,2.0,1,0,0.16,0.26,1.95,0.62,2.84,3.0,0.0125
4845308,401243418,78.0,78.0,0,0,1.45,-0.61,-1.46,-0.37,-2.45,-1.0,0.9625
3596,401243418,77.0,77.0,0,0,1.03,0.06,-0.66,-1.18,-1.78,-0.75,0.95
780,401243418,80.0,80.0,0,0,-0.87,-0.06,-1.44,0.87,-0.63,-1.5,0.9875
9243,401243418,30.0,30.0,0,1,1.8,0.23,0.19,-0.72,-0.3,1.5,0.3625
9126,401243418,17.0,17.0,0,1,-0.07,-0.12,1.28,0.9,2.07,2.0,0.2
10863,401243418,59.0,59.0,0,0,0.45,-0.45,0.65,-0.4,-0.2,0.25,0.725
205,401243418,17.0,17.0,0,1,-0.02,-0.35,2.04,0.33,2.02,2.0,0.2
5724,401243418,23.0,23.0,0,1,-0.02,0.32,1.05,0.4,1.77,1.75,0.275
10592,401243418,8.0,8.0,1,0,-0.57,-0.15,1.93,1.04,2.82,2.25,0.0875
5532,401243418,55.0,55.0,0,0,0.44,0.49,-0.3,-0.12,0.06,0.5,0.675
9131,401243418,59.0,59.0,0,0,0.76,0.0,-0.47,-0.04,-0.51,0.25,0.725
9025,401243418,75.0,75.0,0,0,-0.36,-0.58,0.33,0.11,-0.14,-0.5,0.925
5830,401243418,59.0,59.0,0,0,1.57,0.05,-1.28,-0.09,-1.32,0.25,0.725
10054,401243418,59.0,59.0,0,0,1.29,-0.05,-0.03,-0.95,-1.03,0.25,0.725
4304,401243418,64.0,64.0,0,0,-0.29,1.05,-0.75,-0.01,0.29,0.0,0.7875
5882,401243418,38.0,38.0,0,0,0.32,-0.89,1.89,-0.07,0.93,1.25,0.4625
11393,401243418,64.0,64.0,0,0,0.4,0.12,-0.15,-0.37,-0.4,0.0,0.7875
3550,401243418,38.0,38.0,0,0,0.15,0.16,1.53,-0.58,1.1,1.25,0.4625
5408,401243418,64.0,64.0,0,0,-0.42,0.3,0.59,-0.46,0.42,0.0,0.7875
4844,401243418,4.0,4.0,1,0,0.65,1.37,0.25,0.24,1.86,2.5,0.0375
5860,401243418,23.0,23.0,0,1,-0.83,0.34,1.61,0.63,2.58,1.75,0.275
576,401243418,64.0,64.0,0,0,-0.11,-0.85,1.45,-0.49,0.11,0.0,0.7875
6991,401243418,49.0,49.0,0,0,-0.94,1.0,0.55,0.14,1.7,0.75,0.6
619,401243418,30.0,30.0,0,1,1.12,0.62,-0.23,-0.01,0.39,1.5,0.3625
6196,401243418,55.0,55.0,0,0,-0.86,-0.46,1.38,0.44,1.36,0.5,0.675
1680,401243418,44.0,44.0,0,0,-0.28,0.59,-0.3,0.99,1.28,1.0,0.5375
3317,401243418,49.0,49.0,0,0,1.04,-0.26,0.54,-0.57,-0.29,0.75,0.6
11099,401243418,30.0,30.0,0,1,1.2,-0.91,0.48,0.74,0.31,1.5,0.3625
9780,401243418,8.0,8.0,1,0,0.41,0.58,0.42,0.84,1.84,2.25,0.0875
569,401243418,8.0,8.0,1,0,2.93,-0.94,-0.45,0.72,-0.68,2.25,0.0875
4265,401243418,23.0,23.0,0,1,1.52,0.05,-0.49,0.67,0.24,1.75,0.275
5467,401243418,30.0,30.0,0,1,-0.55,1.21,0.44,0.41,2.05,1.5,0.3625
446,401243418,64.0,64.0,0,0,0.19,0.41,-0.51,-0.09,-0.19,0.0,0.7875
4513,401243418,17.0,17.0,0,1,-0.31,0.32,0.97,1.02,2.31,2.0,0.2
1077,401243418,8.0,8.0,1,0,0.56,0.5,0.73,0.46,1.69,2.25,0.0875
10343,401243418,71.0,71.0,0,0,0.25,0.65,-0.72,-0.42,-0.5,-0.25,0.875
1293,401243418,2.0,2.0,1,0,0.26,1.25,1.65,-0.16,2.74,3.0,0.0125
455,401243418,71.0,71.0,0,0,0.03,-0.71,-0.19,0.63,-0.28,-0.25,0.875
9037,401243418,23.0,23.0,0,1,0.33,0.59,0.21,0.62,1.43,1.75,0.275
1367,401243418,30.0,30.0,0,1,1.23,1.07,-1.58,0.78,0.28,1.5,0.3625
2571,401243418,23.0,23.0,0,1,-0.39,-0.81,2.92,0.04,2.14,1.75,0.275
10548,401243418,55.0,55.0,0,0,0.46,-0.41,-0.24,0.69,0.04,0.5,0.675
6007,401243418,23.0,23.0,0,1,-0.57,-0.72,1.97,1.07,2.32,1.75,0.275
72,401243418,4.0,4.0,1,0,-0.33,0.2,2.03,0.6,2.83,2.5,0.0375
186,401243418,4.0,4.0,1,0,-0.14,1.34,0.4,0.9,2.64,2.5,0.0375
308,401243418,1.0,1.0,1,0,0.28,0.69,2.0,0.53,3.23,3.5,0.0
5579,401243418,17.0,17.0,0,1,0.59,1.14,0.81,-0.54,1.41,2.0,0.2
3702,401243418,8.0,8.0,1,0,1.1,0.54,1.12,-0.51,1.16,2.25,0.0875
5409,401243418,71.0,71.0,0,0,0.26,-0.76,0.79,-0.54,-0.5,-0.25,0.875
11253,401243418,79.0,79.0,0,0,-0.29,-0.56,-0.2,-0.2,-0.96,-1.25,0.975
11378,401243418,49.0,49.0,0,0,-0.76,0.28,0.86,0.38,1.51,0.75,0.6
3470,401243418,49.0,49.0,0,0,-0.74,0.35,1.09,0.05,1.49,0.75,0.6
5619,401243418,59.0,59.0,0,0,0.44,-0.31,-0.22,0.34,-0.19,0.25,0.725
9804,401243418,38.0,38.0,0,0,0.23,0.72,0.07,0.23,1.02,1.25,0.4625
78,401243418,30.0,30.0,0,1,0.94,0.0,1.12,-0.56,0.56,1.5,0.3625
10049,401243418,49.0,49.0,0,0,0.28,0.39,-0.4,0.48,0.48,0.75,0.6
11382,401243418,17.0,17.0,0,1,0.4,0.52,0.25,0.83,1.6,2.0,0.2
4587,401243418,4.0,4.0,1,0,-0.28,0.87,0.33,1.58,2.78,2.5,0.0375
9478,401243418,8.0,8.0,1,0,1.16,0.0,0.4,0.69,1.1,2.25,0.0875
412,401243418,44.0,44.0,0,0,-0.59,0.37,0.93,0.29,1.59,1.0,0.5375
2230,401243418,8.0,8.0,1,0,0.11,1.57,0.31,0.26,2.14,2.25,0.0875
9513,401243418,44.0,44.0,0,0,-0.4,1.36,-0.07,0.11,1.4,1.0,0.5375
5553,401243418,38.0,38.0,0,0,0.17,0.51,0.73,-0.15,1.08,1.25,0.4625
6086,401243418,64.0,64.0,0,0,-0.09,0.52,-0.38,-0.05,0.09,0.0,0.7875
5868,401243418,71.0,71.0,0,0,-0.84,0.09,-0.41,0.92,0.59,-0.25,0.875
4364873,401243418,30.0,30.0,0,1,0.56,0.45,0.56,-0.06,0.94,1.5,0.3625
11119,401243418,75.0,75.0,0,0,0.72,0.28,-2.09,0.59,-1.22,-0.5,0.925
1614,401243418,30.0,30.0,0,1,0.89,0.92,0.33,-0.63,0.61,1.5,0.3625
9877,401243418,8.0,8.0,1,0,-0.08,-0.71,2.04,1.0,2.33,2.25,0.0875
9517,401243419,71.0,71.0,0,0,0.65,-0.56,-1.5,-0.76,-2.81,-2.17,1.0
3832,401243419,21.0,21.0,0,1,0.96,0.25,-0.32,0.44,0.37,1.33,0.2857142857142857
10372,401243419,34.0,34.0,0,0,1.4,-0.62,0.09,-0.03,-0.56,0.83,0.4714285714285714
10577,401243419,55.0,55.0,0,0,-0.5,0.08,-0.09,0.59,0.58,0.09,0.7714285714285715
1626,401243419,13.0,13.0,0,1,0.8,0.11,0.41,0.51,1.03,1.83,0.17142857142857143
10046,401243419,55.0,55.0,0,0,-1.03,-0.37,-0.1,1.58,1.11,0.08,0.7714285714285715
2283,401243419,47.0,47.0,0,0,0.22,0.66,-0.31,-0.24,0.12,0.33,0.6571428571428571
4780,401243419,66.0,66.0,0,0,-0.42,-0.24,0.26,-0.28,-0.25,-0.67,0.9285714285714286
4638,401243419,26.0,26.0,0,1,0.4,0.18,0.3,0.2,0.69,1.09,0.35714285714285715
1222,401243419,17.0,17.0,0,1,1.14,0.55,0.13,-0.24,0.45,1.58,0.22857142857142856
3599,401243419,39.0,39.0,0,0,0.49,0.04,0.13,-0.07,0.1,0.58,0.5428571428571428
11098,401243419,55.0,55.0,0,0,-0.6,-0.33,-0.05,1.07,0.69,0.09,0.7714285714285715
208,401243419,55.0,55.0,0,0,-0.15,0.11,-1.18,1.3,0.23,0.08,0.7714285714285715
5532,401243419,21.0,21.0,0,1,0.08,0.01,1.19,0.05,1.25,1.33,0.2857142857142857
1121,401243419,70.0,70.0,0,0,-1.0,-0.59,0.79,-0.86,-0.66,-1.67,0.9857142857142858
1097,401243419,3.0,3.0,1,0,0.67,-0.13,1.56,0.73,2.16,2.83,0.02857142857142857
9025,401243419,3.0,3.0,1,0,0.53,-0.04,1.26,1.09,2.3,2.83,0.02857142857142857
11448,401243419,9.0,9.0,1,0,0.73,0.01,0.49,0.85,1.35,2.08,0.11428571428571428
431,401243419,71.0,71.0,0,0,-1.88,-0.71,0.47,-0.04,-0.28,-2.16,1.0
5408,401243419,13.0,13.0,0,1,0.61,0.43,-0.09,0.88,1.22,1.84,0.17142857142857143
11387,401243419,17.0,17.0,0,1,0.71,0.22,1.02,-0.36,0.87,1.58,0.22857142857142856
5860,401243419,39.0,39.0,0,0,0.26,-1.12,0.8,0.65,0.33,0.58,0.5428571428571428
5902,401243419,7.0,7.0,1,0,0.63,-0.13,0.83,1.0,1.71,2.33,0.08571428571428572
2883,401243419,68.0,68.0,0,0,-1.26,1.18,0.01,-1.09,0.1,-1.17,0.9571428571428572
9780,401243419,34.0,34.0,0,0,0.23,0.15,-0.58,1.03,0.61,0.84,0.4714285714285714
10166,401243419,47.0,47.0,0,0,-0.36,0.38,0.33,-0.01,0.7,0.33,0.6571428571428571
5467,401243419,9.0,9.0,1,0,0.41,0.25,1.22,0.2,1.67,2.08,0.11428571428571428
1030,401243419,9.0,9.0,1,0,0.37,0.43,0.52,0.77,1.71,2.09,0.11428571428571428
1265,401243419,39.0,39.0,0,0,1.35,-0.44,-0.15,-0.17,-0.76,0.59,0.5428571428571428
7083,401243419,1.0,1.0,1,0,1.13,0.26,2.07,0.38,2.71,3.83,0.0
8906,401243419,26.0,26.0,0,1,0.67,-0.02,0.25,0.19,0.42,1.08,0.35714285714285715
601,401243419,13.0,13.0,0,1,0.23,0.15,2.02,-0.57,1.6,1.83,0.17142857142857143
1059,401243419,61.0,61.0,0,0,-0.89,0.32,0.12,0.27,0.72,-0.17,0.8571428571428571
455,401243419,21.0,21.0,0,1,-0.09,0.36,0.81,0.25,1.42,1.34,0.2857142857142857
6648,401243419,61.0,61.0,0,0,-0.05,0.01,-0.84,0.71,-0.11,-0.16,0.8571428571428571
10065,401243419,65.0,65.0,0,0,-0.52,0.63,-0.61,0.09,0.1,-0.41,0.9142857142857143
4859,401243419,47.0,47.0,0,0,1.87,0.02,-1.15,-0.4,-1.53,0.34,0.6571428571428571
9143,401243419,34.0,34.0,0,0,0.75,-0.11,0.62,-0.43,0.08,0.83,0.4714285714285714
8974,401243419,67.0,67.0,0,0,0.51,0.3,0.04,-1.78,-1.43,-0.92,0.9428571428571428
257,401243419,17.0,17.0,0,1,0.88,0.35,0.22,0.14,0.71,1.58,0.22857142857142856
2571,401243419,61.0,61.0,0,0,-0.91,0.11,0.7,-0.06,0.75,-0.16,0.8571428571428571
3351,401243419,21.0,21.0,0,1,1.61,-0.63,0.66,-0.3,-0.27,1.34,0.2857142857142857
6677,401243419,47.0,47.0,0,0,0.51,-0.41,0.53,-0.29,-0.17,0.33,0.6571428571428571
3980,401243419,3.0,3.0,1,0,1.7,-0.15,1.61,-0.33,1.13,2.83,0.02857142857142857
707,401243419,39.0,39.0,0,0,0.15,0.0,0.21,0.22,0.43,0.59,0.5428571428571428
6825,401243419,47.0,47.0,0,0,-0.78,0.54,0.24,0.34,1.11,0.34,0.6571428571428571
1750,401243419,26.0,26.0,0,1,0.59,-0.1,0.69,-0.1,0.49,1.08,0.35714285714285715
4321,401243419,21.0,21.0,0,1,0.17,1.01,0.51,-0.35,1.17,1.33,0.2857142857142857
4483,401243419,39.0,39.0,0,0,0.11,-0.37,0.8,0.04,0.47,0.58,0.5428571428571428
1733,401243419,26.0,26.0,0,1,1.99,0.2,-1.13,0.03,-0.9,1.08,0.35714285714285715
962,401243419,47.0,47.0,0,0,-0.14,-0.05,-0.43,0.96,0.48,0.34,0.6571428571428571
377,401243419,26.0,26.0,0,1,1.08,0.13,0.43,-0.56,0.0,1.08,0.35714285714285715
6090,401243419,34.0,34.0,0,0,0.51,0.24,-0.15,0.23,0.32,0.83,0.4714285714285714
4591,401243419,34.0,34.0,0,0,-0.23,-0.12,0.89,0.3,1.06,0.83,0.4714285714285714
9938,401243419,2.0,2.0,1,0,0.13,0.66,1.4,0.9,2.96,3.08,0.014285714285714285
4449,401243419,47.0,47.0,0,0,0.33,0.69,-0.54,-0.15,0.0,0.34,0.6571428571428571
7081,401243419,55.0,55.0,0,0,0.27,0.19,-0.35,-0.04,-0.19,0.09,0.7714285714285715
9076,401243419,13.0,13.0,0,1,1.05,0.32,0.11,0.35,0.78,1.83,0.17142857142857143
10404,401243419,55.0,55.0,0,0,0.64,0.23,-0.73,-0.06,-0.56,0.08,0.7714285714285715
1359,401243419,39.0,39.0,0,0,-0.16,-0.01,0.79,-0.04,0.74,0.58,0.5428571428571428
6001,401243419,9.0,9.0,1,0,0.73,1.23,0.26,-0.14,1.35,2.08,0.11428571428571428
9478,401243419,47.0,47.0,0,0,-0.44,0.31,-0.52,0.97,0.77,0.34,0.6571428571428571
3378,401243419,3.0,3.0,1,0,2.03,0.23,0.18,0.4,0.81,2.83,0.02857142857142857
8961,401243419,26.0,26.0,0,1,0.95,-0.14,-0.31,0.59,0.14,1.08,0.35714285714285715
9513,401243419,39.0,39.0,0,0,0.59,0.44,0.15,-0.59,0.0,0.58,0.5428571428571428
3970,401243419,7.0,7.0,1,0,0.81,0.32,0.54,0.66,1.52,2.33,0.08571428571428572
4408315,401243419,26.0,26.0,0,1,-0.58,0.99,0.31,0.36,1.67,1.08,0.35714285714285715
10360,401243419,26.0,26.0,0,1,-0.4,0.55,0.89,0.04,1.48,1.08,0.35714285714285715
11119,401243419,39.0,39.0,0,0,-0.34,1.03,-0.81,0.71,0.92,0.58,0.5428571428571428
6185,401243419,61.0,61.0,0,0,-0.37,0.01,0.49,-0.31,0.2,-0.16,0.8571428571428571
9877,401243419,17.0,17.0,0,1,-1.08,-0.06,2.37,0.36,2.67,1.58,0.22857142857142856
9261,401243420,2.0,2.0,1,0,0.43,0.01,1.87,1.14,3.01,3.44,0.013157894736842105
5502,401243420,43.0,43.0,0,0,1.36,-0.11,0.33,-0.89,-0.67,0.69,0.5526315789473685
10577,401243420,9.0,9.0,1,0,-0.14,1.02,0.7,0.62,2.33,2.19,0.10526315789473684
10046,401243420,9.0,9.0,1,0,1.75,0.76,-1.31,0.99,0.44,2.19,0.10526315789473684
9584,401243420,26.0,26.0,0,1,-0.74,-0.18,0.96,1.15,1.93,1.19,0.32894736842105265
1225,401243420,18.0,18.0,0,1,1.45,1.95,-1.97,0.0,-0.01,1.44,0.2236842105263158
6011,401243420,77.0,77.0,0,0,-1.49,0.05,-1.11,0.24,-0.82,-2.31,1.0
4638,401243420,11.0,11.0,0,1,0.98,-0.27,0.53,0.7,0.96,1.94,0.13157894736842105
3596,401243420,70.0,70.0,0,0,-0.76,-0.17,0.29,-0.17,-0.05,-0.81,0.9078947368421053
3599,401243420,37.0,37.0,0,0,0.32,0.41,1.02,-0.8,0.62,0.94,0.47368421052631576
712,401243420,65.0,65.0,0,0,0.08,-0.69,0.53,-0.22,-0.39,-0.31,0.8421052631578947
780,401243420,18.0,18.0,0,1,0.63,0.07,-0.77,1.5,0.81,1.44,0.2236842105263158
9126,401243420,43.0,43.0,0,0,-1.09,-0.24,1.47,0.56,1.78,0.69,0.5526315789473685
10863,401243420,26.0,26.0,0,1,0.53,-0.05,0.53,0.18,0.66,1.19,0.32894736842105265
5532,401243420,65.0,65.0,0,0,0.97,0.06,-0.89,-0.45,-1.28,-0.31,0.8421052631578947
6017,401243420,18.0,18.0,0,1,-0.13,0.72,0.19,0.66,1.57,1.44,0.2236842105263158
1097,401243420,14.0,14.0,0,1,-0.86,0.33,1.69,0.53,2.55,1.69,0.17105263157894737
431,401243420,76.0,76.0,0,0,0.3,-0.21,-0.42,-1.48,-2.11,-1.81,0.9868421052631579
5882,401243420,14.0,14.0,0,1,0.84,0.24,1.78,-1.17,0.85,1.69,0.17105263157894737
3550,401243420,5.0,5.0,1,0,0.91,0.44,0.91,0.69,2.03,2.94,0.05263157894736842
5408,401243420,43.0,43.0,0,0,1.04,0.45,-0.05,-0.75,-0.35,0.69,0.5526315789473685
11387,401243420,51.0,51.0,0,0,-1.29,-0.33,1.54,0.52,1.74,0.44,0.6578947368421053
957,401243420,54.0,54.0,0,0,1.82,0.18,-2.53,0.72,-1.63,0.19,0.6973684210526315
3856,401243420,65.0,65.0,0,0,0.45,0.24,-0.23,-0.77,-0.76,-0.31,0.8421052631578947
6196,401243420,18.0,18.0,0,1,-0.33,0.6,0.95,0.22,1.77,1.44,0.2236842105263158
110,401243420,43.0,43.0,0,0,-1.24,0.33,1.75,-0.15,1.93,0.69,0.5526315789473685
11099,401243420,18.0,18.0,0,1,0.06,-0.74,0.83,1.29,1.38,1.44,0.2236842105263158
10505,401243420,26.0,26.0,0,1,0.21,-0.72,1.07,0.63,0.98,1.19,0.32894736842105265
2883,401243420,72.0,72.0,0,0,-0.22,0.01,-0.44,-0.41,-0.84,-1.06,0.9342105263157895
10166,401243420,18.0,18.0,0,1,0.48,-0.09,0.68,0.37,0.96,1.44,0.2236842105263158
4848,401243420,26.0,26.0,0,1,-0.24,0.27,1.07,0.09,1.43,1.19,0.32894736842105265
1030,401243420,43.0,43.0,0,0,-0.27,-0.98,0.05,1.88,0.96,0.69,0.5526315789473685
1265,401243420,58.0,58.0,0,0,0.92,-0.7,0.36,-0.65,-0.98,-0.06,0.75
446,401243420,72.0,72.0,0,0,0.28,-0.45,0.14,-1.02,-1.34,-1.06,0.9342105263157895
4513,401243420,18.0,18.0,0,1,0.19,0.72,0.11,0.42,1.25,1.44,0.2236842105263158
77,401243420,70.0,70.0,0,0,0.05,0.69,-0.41,-1.14,-0.86,-0.81,0.9078947368421053
10363,401243420,51.0,51.0,0,0,-0.05,1.13,0.25,-0.88,0.49,0.44,0.6578947368421053
7083,401243420,58.0,58.0,0,0,-0.51,1.23,-0.32,-0.46,0.45,-0.06,0.75
8906,401243420,3.0,3.0,1,0,0.87,-0.71,1.18,1.85,2.32,3.19,0.02631578947368421
1778,401243420,26.0,26.0,0,1,-0.59,-0.08,1.38,0.48,1.78,1.19,0.32894736842105265
1077,401243420,26.0,26.0,0,1,0.02,-0.96,1.4,0.73,1.17,1.19,0.32894736842105265
3793,401243420,72.0,72.0,0,0,1.31,-0.92,-1.66,0.21,-2.37,-1.06,0.9342105263157895
5962,401243420,26.0,26.0,0,1,0.43,0.1,0.34,0.33,0.77,1.19,0.32894736842105265
1059,401243420,6.0,6.0,1,0,0.67,0.09,0.35,1.33,1.77,2.44,0.06578947368421052
4859,401243420,58.0,58.0,0,0,-0.76,0.41,0.34,-0.05,0.7,-0.06,0.75
1367,401243420,37.0,37.0,0,0,0.03,0.58,-0.13,0.45,0.91,0.94,0.47368421052631576
6954,401243420,58.0,58.0,0,0,0.09,-0.23,0.79,-0.71,-0.15,-0.06,0.75
10548,401243420,6.0,6.0,1,0,0.64,0.61,0.75,0.44,1.8,2.44,0.06578947368421052
3792,401243420,26.0,26.0,0,1,0.59,-0.71,0.97,0.33,0.6,1.19,0.32894736842105265
3980,401243420,58.0,58.0,0,0,0.33,0.01,0.53,-0.93,-0.39,-0.06,0.75
5692,401243420,43.0,43.0,0,0,-0.01,0.77,-0.24,0.17,0.7,0.69,0.5526315789473685
308,401243420,69.0,69.0,0,0,0.54,0.28,-1.17,-0.2,-1.1,-0.56,0.8947368421052632
707,401243420,26.0,26.0,0,1,0.04,1.52,0.47,-0.84,1.15,1.19,0.32894736842105265
5579,401243420,6.0,6.0,1,0,1.69,0.36,0.01,0.38,0.75,2.44,0.06578947368421052
6825,401243420,37.0,37.0,0,0,0.64,0.33,-0.04,0.01,0.3,0.94,0.47368421052631576
5409,401243420,72.0,72.0,0,0,-0.92,-0.34,-0.15,0.35,-0.14,-1.06,0.9342105263157895
4483,401243420,18.0,18.0,0,1,-1.48,1.36,1.64,-0.09,2.92,1.44,0.2236842105263158
3470,401243420,1.0,1.0,1,0,1.74,0.06,1.32,0.57,1.95,3.69,0.0
809,401243420,54.0,54.0,0,0,0.9,-0.93,-0.09,0.3,-0.71,0.19,0.6973684210526315
6090,401243420,58.0,58.0,0,0,-0.2,-0.14,0.72,-0.43,0.14,-0.06,0.75
9804,401243420,37.0,37.0,0,0,0.0,-0.15,0.38,0.71,0.94,0.94,0.47368421052631576
78,401243420,37.0,37.0,0,0,0.67,-0.3,1.11,-0.54,0.27,0.94,0.47368421052631576
9076,401243420,11.0,11.0,0,1,1.62,-0.36,0.4,0.27,0.32,1.94,0.13157894736842105
4587,401243420,65.0,65.0,0,0,-0.37,-0.45,0.92,-0.41,0.06,-0.31,0.8421052631578947
1359,401243420,37.0,37.0,0,0,1.2,-0.32,0.38,-0.32,-0.26,0.94,0.47368421052631576
1037,401243420,11.0,11.0,0,1,-0.56,1.17,0.84,0.49,2.5,1.94,0.13157894736842105
6001,401243420,54.0,54.0,0,0,-0.43,0.72,1.14,-1.24,0.62,0.19,0.6973684210526315
3378,401243420,43.0,43.0,0,0,1.08,0.38,-0.39,-0.38,-0.39,0.69,0.5526315789473685
8961,401243420,54.0,54.0,0,0,0.94,-0.12,-1.16,0.52,-0.75,0.19,0.6973684210526315
5539,401243420,14.0,14.0,0,1,0.38,1.04,0.22,0.04,1.31,1.69,0.17105263157894737
9513,401243420,26.0,26.0,0,1,0.67,-0.02,0.34,0.2,0.52,1.19,0.32894736842105265
1157,401243420,58.0,58.0,0,0,-0.42,1.04,-0.36,-0.33,0.36,-0.06,0.75
4364873,401243420,3.0,3.0,1,0,0.99,0.09,0.95,1.15,2.2,3.19,0.02631578947368421
4408315,401243420,26.0,26.0,0,1,0.28,0.57,-0.02,0.36,0.91,1.19,0.32894736842105265
11119,401243420,43.0,43.0,0,0,-0.38,0.75,-0.12,0.44,1.07,0.69,0.5526315789473685
10140,401243420,14.0,14.0,0,1,0.51,0.62,0.51,0.05,1.18,1.69,0.17105263157894737
686,401243420,51.0,51.0,0,0,1.44,0.7,-0.31,-1.39,-1.0,0.44,0.6578947368421053
9261,401243011,18.0,18.0,0,1,-0.37,0.24,0.7,0.95,1.89,1.52,0.265625
4682,401243011,33.0,33.0,0,0,-0.03,0.12,0.64,0.28,1.04,1.02,0.5
3832,401243011,25.0,25.0,0,1,-0.33,0.88,0.83,-0.1,1.6,1.27,0.375
10372,401243011,25.0,25.0,0,1,0.58,0.28,1.64,-1.24,0.69,1.27,0.375
2283,401243011,52.0,52.0,0,0,-0.23,0.02,-0.11,0.08,-0.01,-0.23,0.796875
4383,401243011,42.0,42.0,0,0,0.26,-0.02,0.74,-0.46,0.26,0.52,0.640625
1225,401243011,13.0,13.0,0,1,0.81,1.27,-0.93,0.62,0.96,1.77,0.1875
1651,401243011,25.0,25.0,0,1,0.51,-0.46,0.92,0.3,0.76,1.27,0.375
1222,401243011,42.0,42.0,0,0,-0.28,1.3,-0.52,0.01,0.8,0.52,0.640625
3599,401243011,18.0,18.0,0,1,0.85,0.79,0.1,-0.22,0.67,1.52,0.265625
3454,401243011,39.0,39.0,0,0,0.08,0.69,-0.3,0.3,0.69,0.77,0.59375
9243,401243011,33.0,33.0,0,0,1.22,-0.03,-0.47,0.3,-0.2,1.02,0.5
9126,401243011,4.0,4.0,1,0,0.49,0.42,0.8,0.81,2.03,2.52,0.046875
10863,401243011,25.0,25.0,0,1,1.29,0.02,-0.86,0.82,-0.02,1.27,0.375
205,401243011,18.0,18.0,0,1,0.74,0.81,-0.56,0.52,0.78,1.52,0.265625
208,401243011,18.0,18.0,0,1,1.27,0.59,-0.8,0.45,0.25,1.52,0.265625
3449,401243011,7.0,7.0,1,0,0.4,0.02,0.87,0.97,1.86,2.27,0.09375
10592,401243011,7.0,7.0,1,0,-0.62,0.3,1.9,0.7,2.89,2.27,0.09375
8975,401243011,42.0,42.0,0,0,0.77,-0.76,0.36,0.15,-0.25,0.52,0.640625
9131,401243011,9.0,9.0,1,0,0.59,0.97,-0.06,0.53,1.43,2.02,0.125
1264,401243011,25.0,25.0,0,1,1.8,0.23,-0.03,-0.74,-0.54,1.27,0.375
9025,401243011,13.0,13.0,0,1,0.28,-0.27,1.36,0.39,1.49,1.77,0.1875
5167,401243011,56.0,56.0,0,0,-0.43,0.57,-0.28,-0.34,-0.05,-0.48,0.859375
11456,401243011,33.0,33.0,0,0,-0.34,-0.22,1.31,0.26,1.35,1.02,0.5
3448,401243011,13.0,13.0,0,1,1.29,-0.23,-0.57,1.28,0.48,1.77,0.1875
10054,401243011,13.0,13.0,0,1,0.68,0.6,0.16,0.32,1.09,1.77,0.1875
4304,401243011,18.0,18.0,0,1,1.5,0.46,-0.01,-0.44,0.01,1.52,0.265625
5882,401243011,2.0,2.0,1,0,0.42,-0.11,1.78,0.93,2.59,3.02,0.015625
4844,401243011,59.0,59.0,0,0,1.01,-0.09,-1.84,-0.06,-2.0,-0.98,0.90625
6991,401243011,2.0,2.0,1,0,1.4,0.79,1.29,-0.47,1.62,3.02,0.015625
619,401243011,48.0,48.0,0,0,2.28,-0.13,-0.59,-1.29,-2.02,0.27,0.734375
7083,401243011,56.0,56.0,0,0,-1.12,0.09,0.56,-0.02,0.64,-0.48,0.859375
1077,401243011,33.0,33.0,0,0,-0.26,-0.23,0.92,0.59,1.27,1.02,0.5
3793,401243011,48.0,48.0,0,0,0.55,1.07,0.24,-1.59,-0.28,0.27,0.734375
676,401243011,33.0,33.0,0,0,0.64,-0.64,0.04,0.98,0.38,1.02,0.5
1059,401243011,58.0,58.0,0,0,-1.34,-0.62,1.1,0.12,0.61,-0.73,0.890625
455,401243011,63.0,63.0,0,0,-0.73,-0.56,-0.32,0.13,-0.75,-1.48,0.96875
9037,401243011,4.0,4.0,1,0,1.83,-0.24,-0.18,1.11,0.68,2.52,0.046875
6931,401243011,52.0,52.0,0,0,0.26,0.31,-0.84,0.03,-0.49,-0.23,0.796875
257,401243011,18.0,18.0,0,1,1.14,-0.41,0.57,0.23,0.38,1.52,0.265625
9530,401243011,4.0,4.0,1,0,1.41,0.84,0.01,0.26,1.11,2.52,0.046875
6954,401243011,48.0,48.0,0,0,-0.47,-0.34,0.99,0.09,0.74,0.27,0.734375
3688,401243011,42.0,42.0,0,0,0.98,0.26,-0.74,0.02,-0.46,0.52,0.640625
10548,401243011,18.0,18.0,0,1,0.0,0.39,0.77,0.37,1.52,1.52,0.265625
5409,401243011,9.0,9.0,1,0,-0.67,0.19,2.19,0.31,2.69,2.02,0.125
11378,401243011,59.0,59.0,0,0,-0.11,0.25,-1.34,0.22,-0.87,-0.98,0.90625
809,401243011,52.0,52.0,0,0,-1.23,-0.46,0.75,0.71,1.0,-0.23,0.796875
377,401243011,51.0,51.0,0,0,-0.7,-0.13,0.67,0.18,0.72,0.02,0.78125
5619,401243011,52.0,52.0,0,0,0.86,-0.55,0.03,-0.57,-1.09,-0.23,0.796875
9938,401243011,39.0,39.0,0,0,-0.82,0.65,0.77,0.18,1.59,0.77,0.59375
78,401243011,1.0,1.0,1,0,0.58,0.89,2.14,0.41,3.44,4.02,0.0
1210,401243011,42.0,42.0,0,0,-0.28,-0.7,1.19,0.3,0.8,0.52,0.640625
11382,401243011,13.0,13.0,0,1,0.54,-0.25,0.87,0.61,1.23,1.77,0.1875
4449,401243011,65.0,65.0,0,0,0.93,-1.1,-0.74,-1.08,-2.91,-1.98,1.0
7081,401243011,33.0,33.0,0,0,-0.11,-0.06,0.46,0.73,1.13,1.02,0.5
4587,401243011,9.0,9.0,1,0,0.38,0.3,1.39,-0.05,1.64,2.02,0.125
1037,401243011,62.0,62.0,0,0,0.17,-0.73,-0.78,0.11,-1.4,-1.23,0.953125
8961,401243011,59.0,59.0,0,0,-0.13,-0.82,-0.49,0.46,-0.85,-0.98,0.90625
5553,401243011,39.0,39.0,0,0,-0.44,0.11,0.77,0.33,1.21,0.77,0.59375
6086,401243011,25.0,25.0,0,1,0.13,-0.13,0.88,0.39,1.14,1.27,0.375
5868,401243011,25.0,25.0,0,1,0.61,-0.37,0.82,0.22,0.66,1.27,0.375
10360,401243011,25.0,25.0,0,1,0.17,0.64,0.56,-0.1,1.1,1.27,0.375
11119,401243011,64.0,64.0,0,0,-1.56,0.71,-1.23,0.35,-0.17,-1.73,0.984375
1614,401243011,9.0,9.0,1,0,-0.12,-0.34,1.35,1.12,2.13,2.02,0.125
9877,401243011,42.0,42.0,0,0,0.94,-0.07,0.84,-1.2,-0.43,0.52,0.640625
9261,401243009,23.0,23.0,0,1,0.93,-0.56,0.46,0.32,0.22,1.15,0.2857142857142857
5548,401243009,23.0,23.0,0,1,0.2,0.87,-0.04,0.12,0.95,1.15,0.2857142857142857
4989,401243009,5.0,5.0,1,0,1.54,0.2,-0.08,0.99,1.11,2.65,0.05194805194805195
10577,401243009,44.0,44.0,0,0,-1.11,-0.3,0.93,0.88,1.51,0.4,0.5584415584415584
4383,401243009,23.0,23.0,0,1,0.67,0.39,-0.81,0.9,0.48,1.15,0.2857142857142857
9584,401243009,17.0,17.0,0,1,-0.56,1.29,0.08,0.59,1.96,1.4,0.2077922077922078
6011,401243009,69.0,69.0,0,0,-0.51,0.18,-0.3,0.02,-0.09,-0.6,0.8831168831168831
4638,401243009,34.0,34.0,0,0,-0.43,0.18,0.63,0.27,1.08,0.65,0.42857142857142855
1222,401243009,6.0,6.0,1,0,0.64,-0.18,1.89,0.05,1.76,2.4,0.06493506493506493
3596,401243009,77.0,77.0,0,0,0.28,-0.54,-0.72,-0.62,-1.88,-1.6,0.987012987012987
712,401243009,34.0,34.0,0,0,0.53,0.15,0.5,-0.53,0.12,0.65,0.42857142857142855
11098,401243009,34.0,34.0,0,0,0.66,-0.81,0.16,0.65,-0.01,0.65,0.42857142857142855
9126,401243009,14.0,14.0,0,1,0.57,-0.9,0.82,1.16,1.08,1.65,0.16883116883116883
10863,401243009,69.0,69.0,0,0,-0.49,-0.97,-0.24,1.1,-0.11,-0.6,0.8831168831168831
5704,401243009,23.0,23.0,0,1,2.23,0.24,-0.83,-0.49,-1.08,1.15,0.2857142857142857
205,401243009,2.0,2.0,1,0,0.84,0.84,1.5,0.96,3.31,4.15,0.012987012987012988
3449,401243009,6.0,6.0,1,0,1.52,-0.22,1.0,0.1,0.88,2.4,0.06493506493506493
1097,401243009,69.0,69.0,0,0,0.04,0.72,-0.47,-0.89,-0.64,-0.6,0.8831168831168831
8975,401243009,44.0,44.0,0,0,-0.38,0.27,-0.47,0.98,0.78,0.4,0.5584415584415584
4645,401243009,9.0,9.0,1,0,0.82,0.51,0.19,0.62,1.32,2.15,0.1038961038961039
1264,401243009,17.0,17.0,0,1,0.07,0.77,0.17,0.39,1.33,1.4,0.2077922077922078
11456,401243009,44.0,44.0,0,0,-1.88,0.84,0.72,0.71,2.28,0.4,0.5584415584415584
10054,401243009,34.0,34.0,0,0,1.02,-0.19,0.1,-0.28,-0.37,0.65,0.42857142857142855
11448,401243009,44.0,44.0,0,0,0.77,0.03,0.51,-0.91,-0.37,0.4,0.5584415584415584
431,401243009,59.0,59.0,0,0,-0.05,0.98,-0.33,-0.71,-0.05,-0.1,0.7532467532467533
9364,401243009,14.0,14.0,0,1,-0.11,0.89,-0.32,1.18,1.76,1.65,0.16883116883116883
301,401243009,54.0,54.0,0,0,0.71,0.16,-0.72,0.0,-0.56,0.15,0.6883116883116883
3550,401243009,6.0,6.0,1,0,0.03,1.22,0.45,0.7,2.37,2.4,0.06493506493506493
5860,401243009,30.0,30.0,0,1,-0.24,1.1,0.83,-0.79,1.14,0.9,0.37662337662337664
5902,401243009,34.0,34.0,0,0,-0.78,0.65,0.9,-0.13,1.42,0.65,0.42857142857142855
6196,401243009,74.0,74.0,0,0,0.22,-0.59,-0.56,0.08,-1.07,-0.85,0.948051948051948
5797,401243009,69.0,69.0,0,0,-1.91,0.96,0.89,-0.55,1.31,-0.6,0.8831168831168831
5467,401243009,1.0,1.0,1,0,1.43,1.13,1.85,0.24,3.22,4.65,0.0
446,401243009,59.0,59.0,0,0,0.3,-0.08,-0.01,-0.31,-0.4,-0.1,0.7532467532467533
4513,401243009,23.0,23.0,0,1,0.21,0.41,0.77,-0.25,0.94,1.15,0.2857142857142857
77,401243009,30.0,30.0,0,1,-0.36,0.56,1.65,-0.96,1.25,0.9,0.37662337662337664
6689,401243009,44.0,44.0,0,0,0.85,-0.41,0.13,-0.18,-0.45,0.4,0.5584415584415584
7083,401243009,23.0,23.0,0,1,-0.15,-0.41,1.4,0.31,1.3,1.15,0.2857142857142857
8906,401243009,17.0,17.0,0,1,0.72,-0.06,0.22,0.52,0.67,1.4,0.2077922077922078
860,401243009,54.0,54.0,0,0,0.22,-0.32,-0.1,0.35,-0.07,0.15,0.6883116883116883
1778,401243009,14.0,14.0,0,1,-0.25,0.48,0.76,0.66,1.9,1.65,0.16883116883116883
4351896,401243009,75.0,75.0,0,0,0.24,-1.81,-0.55,1.02,-1.34,-1.1,0.961038961038961
676,401243009,4.0,4.0,1,0,0.16,0.38,1.77,0.83,2.99,3.15,0.03896103896103896
5962,401243009,34.0,34.0,0,0,-0.75,0.79,0.19,0.42,1.4,0.65,0.42857142857142855
1059,401243009,17.0,17.0,0,1,0.51,0.28,-0.27,0.88,0.89,1.4,0.2077922077922078
257,401243009,12.0,12.0,0,1,0.76,0.44,0.56,0.14,1.14,1.9,0.14285714285714285
2571,401243009,30.0,30.0,0,1,0.28,0.14,0.25,0.22,0.62,0.9,0.37662337662337664
6954,401243009,34.0,34.0,0,0,-0.39,-0.03,0.91,0.16,1.04,0.65,0.42857142857142855
6151,401243009,44.0,44.0,0,0,0.68,-0.18,0.08,-0.18,-0.28,0.4,0.5584415584415584
10548,401243009,3.0,3.0,1,0,-0.18,0.81,2.32,0.7,3.83,3.65,0.025974025974025976
3792,401243009,59.0,59.0,0,0,0.16,-0.35,0.31,-0.23,-0.26,-0.1,0.7532467532467533
186,401243009,69.0,69.0,0,0,0.43,0.0,-0.76,-0.26,-1.03,-0.6,0.8831168831168831
3980,401243009,9.0,9.0,1,0,0.91,-0.7,2.03,-0.09,1.24,2.15,0.1038961038961039
707,401243009,67.0,67.0,0,0,0.25,-0.12,-0.64,0.16,-0.6,-0.35,0.8571428571428571
4321,401243009,44.0,44.0,0,0,-0.02,-0.32,-0.07,0.8,0.41,0.4,0.5584415584415584
3683,401243009,34.0,34.0,0,0,0.11,0.34,0.02,0.18,0.53,0.65,0.42857142857142855
3702,401243009,17.0,17.0,0,1,0.23,0.26,0.31,0.59,1.16,1.4,0.2077922077922078
809,401243009,76.0,76.0,0,0,-1.09,0.62,-1.3,0.43,-0.26,-1.35,0.974025974025974
962,401243009,17.0,17.0,0,1,0.76,-0.5,-0.01,1.15,0.64,1.4,0.2077922077922078
377,401243009,30.0,30.0,0,1,1.89,0.21,-1.12,-0.08,-0.99,0.9,0.37662337662337664
9564,401243009,59.0,59.0,0,0,1.35,-0.69,0.23,-0.99,-1.45,-0.1,0.7532467532467533
4449,401243009,59.0,59.0,0,0,1.24,-1.14,1.04,-1.25,-1.34,-0.1,0.7532467532467533
7081,401243009,23.0,23.0,0,1,0.32,0.1,0.26,0.47,0.83,1.15,0.2857142857142857
10404,401243009,9.0,9.0,1,0,0.74,0.05,1.13,0.23,1.41,2.15,0.1038961038961039
4267,401243009,54.0,54.0,0,0,1.41,0.21,-0.25,-1.21,-1.26,0.15,0.6883116883116883
9478,401243009,54.0,54.0,0,0,-0.76,0.46,-0.6,1.04,0.91,0.15,0.6883116883116883
3378,401243009,59.0,59.0,0,0,-0.18,-0.38,0.25,0.21,0.08,-0.1,0.7532467532467533
8961,401243009,67.0,67.0,0,0,-0.37,0.49,-0.27,-0.2,0.02,-0.35,0.8571428571428571
9569,401243009,44.0,44.0,0,0,-0.24,0.11,0.24,0.29,0.64,0.4,0.5584415584415584
6086,401243009,12.0,12.0,0,1,-0.6,0.64,1.58,0.27,2.49,1.9,0.14285714285714285
5868,401243009,54.0,54.0,0,0,-0.68,0.59,-0.16,0.4,0.83,0.15,0.6883116883116883
3970,401243009,34.0,34.0,0,0,0.75,0.19,-0.47,0.18,-0.11,0.65,0.42857142857142855
1185,401243009,44.0,44.0,0,0,2.16,-0.78,-0.24,-0.74,-1.77,0.4,0.5584415584415584
4408315,401243009,34.0,34.0,0,0,1.22,-0.09,-1.11,0.63,-0.57,0.65,0.42857142857142855
4565482,401243009,78.0,78.0,0,0,-1.27,-0.51,-0.47,0.39,-0.59,-1.85,1.0
5548,401243006,8.0,8.0,1,0,1.82,0.29,-0.24,0.49,0.54,2.36,0.10606060606060606
3832,401243006,46.0,46.0,0,0,0.76,-0.08,-0.35,0.29,-0.15,0.61,0.6818181818181818
10372,401243006,36.0,36.0,0,0,-0.12,-0.69,1.43,0.25,0.99,0.86,0.5303030303030303
388,401243006,13.0,13.0,0,1,-0.52,0.18,1.79,0.66,2.63,2.11,0.18181818181818182
10577,401243006,13.0,13.0,0,1,0.67,0.51,0.54,0.4,1.44,2.11,0.18181818181818182
1626,401243006,67.0,67.0,0,0,-0.16,0.12,-0.25,-1.1,-1.23,-1.39,1.0
2283,401243006,25.0,25.0,0,1,0.45,0.12,0.46,0.58,1.16,1.61,0.36363636363636365
159,401243006,46.0,46.0,0,0,-0.38,0.49,0.91,-0.4,0.99,0.61,0.6818181818181818
9584,401243006,2.0,2.0,1,0,0.98,0.63,-0.02,1.27,1.89,2.86,0.015151515151515152
6011,401243006,60.0,60.0,0,0,-0.41,0.04,0.04,0.19,0.27,-0.14,0.8939393939393939
3596,401243006,3.0,3.0,1,0,1.32,0.37,0.69,0.23,1.29,2.61,0.030303030303030304
10863,401243006,33.0,33.0,0,0,0.04,-0.85,1.11,0.81,1.07,1.11,0.48484848484848486
3449,401243006,25.0,25.0,0,1,0.46,0.76,-0.24,0.64,1.16,1.61,0.36363636363636365
10714,401243006,30.0,30.0,0,1,0.89,0.26,0.22,-0.02,0.47,1.36,0.4393939393939394
6017,401243006,3.0,3.0,1,0,1.27,0.2,0.92,0.23,1.35,2.61,0.030303030303030304
1097,401243006,53.0,53.0,0,0,-1.08,0.64,0.97,-0.16,1.45,0.36,0.7878787878787878
8975,401243006,3.0,3.0,1,0,0.46,0.41,1.97,-0.23,2.15,2.61,0.030303030303030304
4645,401243006,13.0,13.0,0,1,-0.04,1.3,0.13,0.72,2.15,2.11,0.18181818181818182
1264,401243006,8.0,8.0,1,0,1.24,-0.38,0.97,0.54,1.13,2.36,0.10606060606060606
10054,401243006,3.0,3.0,1,0,1.27,0.94,0.21,0.19,1.34,2.61,0.030303030303030304
431,401243006,60.0,60.0,0,0,0.07,0.37,-0.11,-0.46,-0.2,-0.14,0.8939393939393939
9364,401243006,60.0,60.0,0,0,-0.21,0.63,0.47,-1.03,0.07,-0.14,0.8939393939393939
4844,401243006,19.0,19.0,0,1,-0.77,0.51,2.02,0.12,2.64,1.86,0.2727272727272727
6991,401243006,19.0,19.0,0,1,0.12,0.34,0.21,1.18,1.74,1.86,0.2727272727272727
110,401243006,53.0,53.0,0,0,-0.17,0.64,0.18,-0.28,0.54,0.36,0.7878787878787878
3598,401243006,53.0,53.0,0,0,0.33,-0.68,0.83,-0.12,0.04,0.36,0.7878787878787878
1067,401243006,46.0,46.0,0,0,-0.44,0.62,0.69,-0.27,1.05,0.61,0.6818181818181818
5797,401243006,19.0,19.0,0,1,0.11,0.65,0.28,0.82,1.75,1.86,0.2727272727272727
11099,401243006,25.0,25.0,0,1,0.9,-1.28,0.59,1.4,0.71,1.61,0.36363636363636365
2883,401243006,64.0,64.0,0,0,0.19,-0.15,0.21,-0.63,-0.57,-0.39,0.9545454545454546
1030,401243006,30.0,30.0,0,1,0.11,0.56,0.16,0.53,1.25,1.36,0.4393939393939394
446,401243006,58.0,58.0,0,0,1.28,0.33,-0.64,-0.85,-1.17,0.11,0.8636363636363636
5771,401243006,67.0,67.0,0,0,0.13,-1.11,-0.84,0.43,-1.51,-1.39,1.0
4513,401243006,30.0,30.0,0,1,-0.69,0.42,0.41,1.21,2.05,1.36,0.4393939393939394
3857,401243006,13.0,13.0,0,1,1.23,0.69,0.28,-0.09,0.88,2.11,0.18181818181818182
8906,401243006,53.0,53.0,0,0,0.33,0.14,-0.67,0.56,0.03,0.36,0.7878787878787878
1077,401243006,36.0,36.0,0,0,0.92,-0.41,-0.18,0.52,-0.06,0.86,0.5303030303030303
676,401243006,19.0,19.0,0,1,1.65,0.43,-0.28,0.07,0.21,1.86,0.2727272727272727
10343,401243006,46.0,46.0,0,0,0.19,0.14,0.52,-0.25,0.42,0.61,0.6818181818181818
9143,401243006,46.0,46.0,0,0,0.48,0.59,-0.13,-0.33,0.14,0.61,0.6818181818181818
6931,401243006,36.0,36.0,0,0,0.38,0.8,-0.26,-0.06,0.48,0.86,0.5303030303030303
1367,401243006,1.0,1.0,1,0,0.54,1.39,1.47,0.71,3.57,4.11,0.0
6954,401243006,36.0,36.0,0,0,-0.23,1.15,0.08,-0.13,1.1,0.86,0.5303030303030303
3688,401243006,19.0,19.0,0,1,0.56,0.92,-0.13,0.51,1.31,1.86,0.2727272727272727
1600,401243006,36.0,36.0,0,0,1.66,-0.31,0.47,-0.95,-0.8,0.86,0.5303030303030303
308,401243006,25.0,25.0,0,1,0.59,0.36,0.41,0.25,1.02,1.61,0.36363636363636365
707,401243006,46.0,46.0,0,0,1.13,0.16,-0.05,-0.63,-0.51,0.61,0.6818181818181818
1750,401243006,58.0,58.0,0,0,0.91,-0.47,-0.05,-0.28,-0.8,0.11,0.8636363636363636
3702,401243006,65.0,65.0,0,0,-0.49,0.97,-0.92,-0.19,-0.14,-0.64,0.9696969696969697
5409,401243006,3.0,3.0,1,0,2.04,-0.24,0.67,0.14,0.57,2.61,0.030303030303030304
6090,401243006,25.0,25.0,0,1,0.63,-0.25,1.42,-0.18,0.99,1.61,0.36363636363636365
5619,401243006,13.0,13.0,0,1,-0.62,1.4,0.97,0.35,2.73,2.11,0.18181818181818182
78,401243006,19.0,19.0,0,1,0.18,-0.71,1.77,0.63,1.69,1.86,0.2727272727272727
1210,401243006,53.0,53.0,0,0,-0.72,0.86,0.14,0.08,1.08,0.36,0.7878787878787878
11382,401243006,8.0,8.0,1,0,1.44,0.82,-0.84,0.94,0.93,2.36,0.10606060606060606
9076,401243006,36.0,36.0,0,0,0.65,-1.26,1.54,-0.06,0.21,0.86,0.5303030303030303
4587,401243006,36.0,36.0,0,0,-0.15,0.62,0.49,-0.1,1.01,0.86,0.5303030303030303
7001,401243006,8.0,8.0,1,0,0.39,0.39,1.25,0.34,1.98,2.36,0.10606060606060606
8961,401243006,33.0,33.0,0,0,-0.34,0.58,0.18,0.7,1.45,1.11,0.48484848484848486
412,401243006,13.0,13.0,0,1,0.74,0.42,0.97,-0.02,1.37,2.11,0.18181818181818182
9513,401243006,46.0,46.0,0,0,-0.84,-0.72,1.9,0.28,1.46,0.61,0.6818181818181818
5868,401243006,36.0,36.0,0,0,-0.22,0.26,1.14,-0.32,1.08,0.86,0.5303030303030303
9002,401243006,33.0,33.0,0,0,0.3,0.22,1.22,-0.63,0.81,1.11,0.48484848484848486
4408315,401243006,36.0,36.0,0,0,0.2,0.14,0.43,0.1,0.66,0.86,0.5303030303030303
4565482,401243006,36.0,36.0,0,0,0.37,-0.81,-0.01,1.31,0.49,0.86,0.5303030303030303
3532,401243006,60.0,60.0,0,0,-0.2,0.4,0.12,-0.46,0.06,-0.14,0.8939393939393939
686,401243006,8.0,8.0,1,0,0.43,0.82,0.72,0.39,1.93,2.36,0.10606060606060606
9261,401243005,22.0,22.0,0,1,-0.76,0.25,1.04,0.85,2.14,1.38,0.3
5548,401243005,29.0,29.0,0,1,0.66,1.2,-0.81,0.08,0.46,1.13,0.4
6015,401243005,22.0,22.0,0,1,0.75,-0.23,-0.05,0.91,0.63,1.38,0.3
388,401243005,48.0,48.0,0,0,0.51,0.76,0.4,-1.29,-0.14,0.38,0.6714285714285714
10577,401243005,65.0,65.0,0,0,-0.47,0.34,-0.73,0.24,-0.15,-0.62,0.9142857142857143
10046,401243005,3.0,3.0,1,0,0.94,0.45,1.28,0.46,2.18,3.13,0.02857142857142857
1225,401243005,3.0,3.0,1,0,1.82,0.34,0.12,0.85,1.31,3.13,0.02857142857142857
1651,401243005,58.0,58.0,0,0,0.47,0.15,-1.12,0.38,-0.59,-0.12,0.8142857142857143
3596,401243005,41.0,41.0,0,0,1.04,0.54,-0.99,0.04,-0.42,0.63,0.5714285714285714
3599,401243005,58.0,58.0,0,0,0.06,-0.11,-0.95,0.88,-0.18,-0.12,0.8142857142857143
3454,401243005,35.0,35.0,0,0,1.09,0.35,-0.96,0.39,-0.22,0.88,0.4857142857142857
9243,401243005,41.0,41.0,0,0,0.49,0.46,-0.28,-0.04,0.14,0.63,0.5714285714285714
9126,401243005,7.0,7.0,1,0,0.89,-0.04,1.25,0.53,1.74,2.63,0.08571428571428572
205,401243005,17.0,17.0,0,1,0.44,-0.02,1.81,-0.35,1.44,1.88,0.22857142857142856
208,401243005,9.0,9.0,1,0,-0.64,0.65,0.74,1.38,2.77,2.13,0.11428571428571428
3449,401243005,48.0,48.0,0,0,-1.11,0.68,0.54,0.26,1.48,0.38,0.6714285714285714
10592,401243005,41.0,41.0,0,0,-0.52,-0.54,0.77,0.92,1.15,0.63,0.5714285714285714
1121,401243005,29.0,29.0,0,1,0.47,0.06,0.16,0.44,0.66,1.13,0.4
9131,401243005,17.0,17.0,0,1,1.45,0.91,0.11,-0.59,0.42,1.88,0.22857142857142856
9025,401243005,9.0,9.0,1,0,-0.18,0.79,0.86,0.65,2.31,2.13,0.11428571428571428
5167,401243005,22.0,22.0,0,1,-0.78,1.59,1.05,-0.48,2.16,1.38,0.3
11456,401243005,29.0,29.0,0,1,-0.72,0.81,1.19,-0.15,1.85,1.13,0.4
3448,401243005,48.0,48.0,0,0,1.04,-0.04,-0.93,0.31,-0.66,0.38,0.6714285714285714
10054,401243005,55.0,55.0,0,0,1.09,-0.76,0.09,-0.29,-0.96,0.13,0.7714285714285715
4844,401243005,29.0,29.0,0,1,0.61,-0.1,0.66,-0.04,0.52,1.13,0.4
6991,401243005,61.0,61.0,0,0,-0.63,-0.18,-0.31,0.74,0.26,-0.37,0.8571428571428571
1680,401243005,35.0,35.0,0,0,-1.92,1.05,0.54,1.21,2.8,0.88,0.4857142857142857
5025,401243005,41.0,41.0,0,0,0.1,-0.12,0.98,-0.33,0.53,0.63,0.5714285714285714
3317,401243005,9.0,9.0,1,0,0.76,-0.52,1.15,0.74,1.37,2.13,0.11428571428571428
11099,401243005,29.0,29.0,0,1,0.83,-0.01,0.11,0.19,0.3,1.13,0.4
10505,401243005,22.0,22.0,0,1,1.12,0.18,-0.41,0.49,0.26,1.38,0.3
9780,401243005,9.0,9.0,1,0,0.53,0.17,1.16,0.26,1.59,2.13,0.11428571428571428
5467,401243005,48.0,48.0,0,0,-0.44,-1.1,1.54,0.37,0.82,0.38,0.6714285714285714
4848,401243005,1.0,1.0,1,0,0.41,0.75,1.6,0.86,3.22,3.63,0.0
1030,401243005,61.0,61.0,0,0,0.05,-0.26,-0.53,0.36,-0.43,-0.37,0.8571428571428571
4513,401243005,29.0,29.0,0,1,0.58,0.49,0.55,-0.49,0.55,1.13,0.4
10363,401243005,58.0,58.0,0,0,1.2,-0.31,-1.21,0.2,-1.32,-0.12,0.8142857142857143
7083,401243005,41.0,41.0,0,0,-0.12,-0.93,0.53,1.14,0.74,0.63,0.5714285714285714
676,401243005,48.0,48.0,0,0,0.15,0.37,-0.39,0.25,0.23,0.38,0.6714285714285714
5962,401243005,35.0,35.0,0,0,0.81,-0.83,0.7,0.19,0.06,0.88,0.4857142857142857
1293,401243005,41.0,41.0,0,0,0.59,0.53,0.41,-0.91,0.03,0.63,0.5714285714285714
455,401243005,2.0,2.0,1,0,1.55,0.63,1.1,0.09,1.83,3.38,0.014285714285714285
9037,401243005,9.0,9.0,1,0,0.83,0.54,-0.25,1.01,1.3,2.13,0.11428571428571428
1367,401243005,55.0,55.0,0,0,0.42,0.94,-0.61,-0.62,-0.3,0.13,0.7714285714285715
2571,401243005,69.0,69.0,0,0,-1.25,-0.14,-0.15,0.41,0.12,-1.12,0.9714285714285714
3688,401243005,48.0,48.0,0,0,0.64,-0.3,-0.34,0.37,-0.27,0.38,0.6714285714285714
1600,401243005,71.0,71.0,0,0,-0.02,0.55,-0.73,-1.17,-1.35,-1.37,1.0
3792,401243005,48.0,48.0,0,0,-0.49,-0.04,1.2,-0.29,0.87,0.38,0.6714285714285714
72,401243005,5.0,5.0,1,0,1.32,0.6,1.1,-0.14,1.55,2.88,0.05714285714285714
3980,401243005,35.0,35.0,0,0,0.17,-0.14,1.02,-0.17,0.71,0.88,0.4857142857142857
308,401243005,35.0,35.0,0,0,-0.01,-0.46,1.12,0.23,0.89,0.88,0.4857142857142857
5579,401243005,22.0,22.0,0,1,0.92,0.3,-0.07,0.23,0.45,1.38,0.3
6825,401243005,65.0,65.0,0,0,0.67,-0.33,-1.48,0.51,-1.29,-0.62,0.9142857142857143
1750,401243005,55.0,55.0,0,0,0.59,0.03,-0.31,-0.18,-0.46,0.13,0.7714285714285715
4483,401243005,67.0,67.0,0,0,-0.37,-0.09,0.38,-0.79,-0.5,-0.87,0.9428571428571428
809,401243005,35.0,35.0,0,0,0.76,0.22,-0.86,0.76,0.12,0.88,0.4857142857142857
962,401243005,17.0,17.0,0,1,0.99,-0.14,0.49,0.53,0.88,1.88,0.22857142857142856
377,401243005,67.0,67.0,0,0,-1.07,0.09,0.2,-0.09,0.2,-0.87,0.9428571428571428
4591,401243005,61.0,61.0,0,0,1.08,-1.04,-0.75,0.33,-1.46,-0.37,0.8571428571428571
158,401243005,9.0,9.0,1,0,-0.1,0.48,2.07,-0.33,2.22,2.13,0.11428571428571428
1210,401243005,61.0,61.0,0,0,-0.25,1.16,-1.12,-0.16,-0.13,-0.37,0.8571428571428571
11382,401243005,17.0,17.0,0,1,1.15,-0.38,0.05,1.06,0.73,1.88,0.22857142857142856
7081,401243005,9.0,9.0,1,0,0.08,0.0,2.03,0.01,2.04,2.13,0.11428571428571428
4587,401243005,8.0,8.0,1,0,0.51,0.95,0.74,0.18,1.86,2.38,0.1
1037,401243005,69.0,69.0,0,0,-1.18,0.58,0.34,-0.87,0.06,-1.12,0.9714285714285714
9513,401243005,5.0,5.0,1,0,1.01,0.9,1.69,-0.73,1.86,2.88,0.05714285714285714
6086,401243005,22.0,22.0,0,1,0.62,0.06,1.03,-0.34,0.76,1.38,0.3
9002,401243005,22.0,22.0,0,1,0.24,-0.24,0.32,1.06,1.13,1.38,0.3
11340,401243005,9.0,9.0,1,0,0.61,0.52,0.4,0.59,1.51,2.13,0.11428571428571428
9877,401243005,21.0,21.0,0,1,0.0,-0.08,1.15,0.56,1.63,1.63,0.2857142857142857
686,401243005,41.0,41.0,0,0,1.58,-0.02,-1.0,0.06,-0.96,0.63,0.5714285714285714
3832,401243004,49.0,49.0,0,0,1.12,-0.4,-0.49,-0.19,-1.07,0.05,0.676056338028169
5502,401243004,4.0,4.0,1,0,1.53,0.44,0.8,-0.21,1.02,2.55,0.04225352112676056
5285,401243004,43.0,43.0,0,0,-0.47,1.33,-0.1,-0.47,0.77,0.3,0.5915492957746479
10046,401243004,1.0,1.0,1,0,0.69,0.29,1.06,1.76,3.11,3.8,0.0
4383,401243004,26.0,26.0,0,1,0.8,0.2,0.57,-0.51,0.25,1.05,0.352112676056338
4780,401243004,26.0,26.0,0,1,0.82,-0.35,0.52,0.06,0.23,1.05,0.352112676056338
1222,401243004,68.0,68.0,0,0,-0.95,0.15,0.23,-0.38,0.0,-0.95,0.9436619718309859
3596,401243004,18.0,18.0,0,1,-0.15,-0.01,0.69,1.02,1.7,1.55,0.23943661971830985
3454,401243004,57.0,57.0,0,0,0.58,-0.28,-0.58,0.08,-0.78,-0.2,0.7887323943661971
4317,401243004,31.0,31.0,0,0,0.52,0.2,0.76,-0.68,0.28,0.8,0.4225352112676056
9243,401243004,7.0,7.0,1,0,1.62,1.02,-0.3,-0.04,0.68,2.3,0.08450704225352113
9126,401243004,3.0,3.0,1,0,0.94,-0.01,1.77,0.35,2.11,3.05,0.028169014084507043
205,401243004,10.0,10.0,1,0,0.39,0.15,1.38,-0.12,1.41,1.8,0.1267605633802817
208,401243004,36.0,36.0,0,0,-1.13,0.9,0.72,0.06,1.68,0.55,0.49295774647887325
3449,401243004,8.0,8.0,1,0,0.18,1.05,0.56,0.27,1.87,2.05,0.09859154929577464
769,401243004,49.0,49.0,0,0,0.18,-0.73,0.45,0.16,-0.13,0.05,0.676056338028169
4645,401243004,31.0,31.0,0,0,0.1,0.63,-0.72,0.79,0.7,0.8,0.4225352112676056
11456,401243004,36.0,36.0,0,0,-0.05,-0.17,0.31,0.45,0.6,0.55,0.49295774647887325
3950,401243004,49.0,49.0,0,0,-0.33,-0.67,0.49,0.56,0.38,0.05,0.676056338028169
10054,401243004,26.0,26.0,0,1,1.29,0.15,-0.48,0.1,-0.24,1.05,0.352112676056338
11448,401243004,66.0,66.0,0,0,0.33,-0.8,-0.4,0.17,-1.03,-0.7,0.9154929577464789
4304,401243004,31.0,31.0,0,0,-0.46,0.54,0.39,0.32,1.25,0.8,0.4225352112676056
5882,401243004,21.0,21.0,0,1,0.22,-0.69,0.59,1.17,1.07,1.3,0.28169014084507044
9364,401243004,57.0,57.0,0,0,0.08,-0.45,0.11,0.07,-0.28,-0.2,0.7887323943661971
5408,401243004,26.0,26.0,0,1,-0.49,0.5,0.98,0.06,1.54,1.05,0.352112676056338
5860,401243004,18.0,18.0,0,1,0.42,-0.2,1.0,0.33,1.13,1.55,0.23943661971830985
5573,401243004,71.0,71.0,0,0,-2.16,0.32,-0.05,0.44,0.71,-1.45,0.9859154929577465
6991,401243004,21.0,21.0,0,1,0.78,0.84,-0.14,-0.19,0.51,1.3,0.28169014084507044
619,401243004,26.0,26.0,0,1,0.74,0.21,-0.45,0.56,0.31,1.05,0.352112676056338
1680,401243004,31.0,31.0,0,0,0.66,0.0,-0.39,0.53,0.14,0.8,0.4225352112676056
110,401243004,36.0,36.0,0,0,0.45,-0.61,0.3,0.41,0.1,0.55,0.49295774647887325
5797,401243004,63.0,63.0,0,0,-0.59,-0.24,-0.18,0.55,0.13,-0.45,0.8732394366197183
9413,401243004,57.0,57.0,0,0,-0.03,-0.7,0.93,-0.4,-0.17,-0.2,0.7887323943661971
3317,401243004,8.0,8.0,1,0,-0.46,0.94,0.8,0.77,2.51,2.05,0.09859154929577464
5467,401243004,4.0,4.0,1,0,0.67,0.58,1.37,-0.07,1.88,2.55,0.04225352112676056
4513,401243004,10.0,10.0,1,0,0.35,0.97,0.18,0.3,1.45,1.8,0.1267605633802817
2552,401243004,36.0,36.0,0,0,0.74,-0.28,-0.1,0.19,-0.19,0.55,0.49295774647887325
8906,401243004,43.0,43.0,0,0,0.06,-0.57,0.21,0.6,0.24,0.3,0.5915492957746479
318,401243004,43.0,43.0,0,0,-0.43,1.17,-0.27,-0.17,0.73,0.3,0.5915492957746479
4351896,401243004,36.0,36.0,0,0,1.4,-0.73,0.56,-0.68,-0.85,0.55,0.49295774647887325
676,401243004,66.0,66.0,0,0,-0.88,-0.25,0.18,0.25,0.18,-0.7,0.9154929577464789
5962,401243004,21.0,21.0,0,1,0.2,0.23,0.5,0.37,1.1,1.3,0.28169014084507044
1059,401243004,63.0,63.0,0,0,0.41,0.2,-0.88,-0.18,-0.86,-0.45,0.8732394366197183
455,401243004,2.0,2.0,1,0,0.24,1.04,1.57,0.69,3.3,3.55,0.014084507042253521
9037,401243004,10.0,10.0,1,0,1.71,0.34,-0.98,0.73,0.09,1.8,0.1267605633802817
8973,401243004,10.0,10.0,1,0,1.97,-0.45,-0.36,0.64,-0.17,1.8,0.1267605633802817
9143,401243004,43.0,43.0,0,0,-0.05,0.39,0.35,-0.39,0.35,0.3,0.5915492957746479
2571,401243004,43.0,43.0,0,0,0.04,0.43,-0.03,-0.15,0.26,0.3,0.5915492957746479
9530,401243004,49.0,49.0,0,0,0.17,-0.42,0.53,-0.23,-0.12,0.05,0.676056338028169
10548,401243004,18.0,18.0,0,1,0.56,0.67,0.27,0.04,0.99,1.55,0.23943661971830985
72,401243004,10.0,10.0,1,0,-0.12,0.82,1.26,-0.17,1.91,1.8,0.1267605633802817
186,401243004,31.0,31.0,0,0,0.01,-0.14,0.72,0.21,0.79,0.8,0.4225352112676056
3980,401243004,57.0,57.0,0,0,-0.83,0.49,0.27,-0.12,0.63,-0.2,0.7887323943661971
707,401243004,36.0,36.0,0,0,-0.98,0.7,0.34,0.49,1.53,0.55,0.49295774647887325
6825,401243004,57.0,57.0,0,0,0.41,-0.12,-0.7,0.2,-0.62,-0.2,0.7887323943661971
3702,401243004,72.0,72.0,0,0,-1.73,0.14,-0.2,0.08,0.03,-1.7,1.0
4483,401243004,70.0,70.0,0,0,-0.07,0.39,-1.6,0.08,-1.13,-1.2,0.971830985915493
11378,401243004,36.0,36.0,0,0,1.38,-0.69,-0.06,-0.08,-0.83,0.55,0.49295774647887325
3470,401243004,10.0,10.0,1,0,0.93,-0.12,0.94,0.05,0.87,1.8,0.1267605633802817
9804,401243004,4.0,4.0,1,0,0.75,0.98,0.45,0.36,1.79,2.55,0.04225352112676056
11382,401243004,21.0,21.0,0,1,1.9,-1.09,-0.81,1.3,-0.6,1.3,0.28169014084507044
10404,401243004,49.0,49.0,0,0,-0.66,-0.27,0.78,0.21,0.71,0.05,0.676056338028169
412,401243004,63.0,63.0,0,0,0.66,0.56,-1.78,0.11,-1.11,-0.45,0.8732394366197183
9569,401243004,57.0,57.0,0,0,-1.4,0.19,1.71,-0.71,1.19,-0.2,0.7887323943661971
5539,401243004,10.0,10.0,1,0,0.45,0.77,1.18,-0.6,1.35,1.8,0.1267605633802817
9513,401243004,43.0,43.0,0,0,0.49,0.05,-0.14,-0.09,-0.19,0.3,0.5915492957746479
5553,401243004,21.0,21.0,0,1,-1.22,0.96,0.86,0.7,2.52,1.3,0.28169014084507044
4364873,401243004,49.0,49.0,0,0,-0.01,0.51,-0.56,0.1,0.05,0.05,0.676056338028169
11340,401243004,68.0,68.0,0,0,1.02,-1.66,0.5,-0.81,-1.97,-0.95,0.9436619718309859
4565482,401243004,49.0,49.0,0,0,0.96,-1.09,-0.03,0.21,-0.91,0.05,0.676056338028169
9877,401243004,10.0,10.0,1,0,-0.36,0.41,1.29,0.46,2.16,1.8,0.1267605633802817
686,401243004,49.0,49.0,0,0,1.52,0.05,-1.54,0.02,-1.47,0.05,0.676056338028169
5548,401242999,50.0,50.0,0,0,0.27,0.07,-0.77,0.48,-0.21,0.06,0.7538461538461538
5502,401242999,7.0,7.0,1,0,1.15,1.23,0.29,-0.36,1.16,2.31,0.09230769230769231
10577,401242999,66.0,66.0,0,0,-2.56,0.14,0.79,-0.07,0.87,-1.69,1.0
5285,401242999,53.0,53.0,0,0,-0.11,0.33,0.31,-0.72,-0.09,-0.19,0.8
1225,401242999,36.0,36.0,0,0,1.33,0.07,-0.83,-0.01,-0.78,0.56,0.5384615384615384
4780,401242999,36.0,36.0,0,0,-0.79,0.12,0.83,0.39,1.35,0.56,0.5384615384615384
1651,401242999,53.0,53.0,0,0,-0.29,-0.18,-0.92,1.2,0.1,-0.19,0.8
6798,401242999,1.0,1.0,1,0,0.75,0.12,1.52,0.66,2.3,3.06,0.0
3596,401242999,30.0,30.0,0,1,-1.3,0.68,0.16,1.26,2.1,0.81,0.4461538461538462
3599,401242999,58.0,58.0,0,0,0.0,0.16,-0.54,-0.33,-0.7,-0.69,0.8769230769230769
3454,401242999,22.0,22.0,0,1,1.74,0.83,-0.95,-0.57,-0.69,1.06,0.3230769230769231
712,401242999,30.0,30.0,0,1,0.65,0.08,-0.3,0.38,0.16,0.81,0.4461538461538462
780,401242999,22.0,22.0,0,1,-0.23,0.25,0.54,0.49,1.29,1.06,0.3230769230769231
9126,401242999,17.0,17.0,0,1,0.09,-0.08,0.39,0.91,1.22,1.31,0.24615384615384617
5532,401242999,4.0,4.0,1,0,1.87,0.49,0.07,0.13,0.69,2.56,0.046153846153846156
4645,401242999,17.0,17.0,0,1,0.61,0.19,0.13,0.38,0.7,1.31,0.24615384615384617
5882,401242999,22.0,22.0,0,1,0.69,0.3,-1.13,1.2,0.36,1.06,0.3230769230769231
5462,401242999,42.0,42.0,0,0,-0.33,-0.41,0.74,0.31,0.64,0.31,0.6307692307692307
5860,401242999,42.0,42.0,0,0,-0.09,-0.07,0.03,0.44,0.39,0.31,0.6307692307692307
5573,401242999,22.0,22.0,0,1,0.44,-0.31,0.42,0.5,0.61,1.06,0.3230769230769231
6991,401242999,13.0,13.0,0,1,-0.2,0.21,1.2,0.34,1.76,1.56,0.18461538461538463
5025,401242999,10.0,10.0,1,0,1.36,0.22,1.01,-0.54,0.69,2.06,0.13846153846153847
10505,401242999,11.0,11.0,0,1,1.1,0.04,1.12,-0.45,0.71,1.81,0.15384615384615385
2883,401242999,64.0,64.0,0,0,-1.06,0.01,0.18,-0.32,-0.13,-1.19,0.9692307692307692
9780,401242999,13.0,13.0,0,1,-0.23,-0.12,1.36,0.55,1.78,1.56,0.18461538461538463
5467,401242999,4.0,4.0,1,0,1.02,0.51,1.96,-0.94,1.53,2.56,0.046153846153846156
4848,401242999,13.0,13.0,0,1,1.09,-0.5,0.24,0.73,0.46,1.56,0.18461538461538463
4513,401242999,22.0,22.0,0,1,-0.08,-0.35,0.95,0.54,1.13,1.06,0.3230769230769231
7083,401242999,2.0,2.0,1,0,0.23,1.48,0.59,0.5,2.58,2.81,0.015384615384615385
1778,401242999,36.0,36.0,0,0,-1.16,0.3,1.29,0.12,1.71,0.56,0.5384615384615384
1077,401242999,22.0,22.0,0,1,-0.57,0.2,1.23,0.19,1.62,1.06,0.3230769230769231
676,401242999,58.0,58.0,0,0,-0.37,-0.38,-0.19,0.24,-0.33,-0.69,0.8769230769230769
1059,401242999,30.0,30.0,0,1,0.4,-0.39,-0.21,1.0,0.4,0.81,0.4461538461538462
1293,401242999,11.0,11.0,0,1,1.07,0.75,-0.24,0.23,0.74,1.81,0.15384615384615385
8973,401242999,42.0,42.0,0,0,-0.28,-0.41,1.47,-0.48,0.58,0.31,0.6307692307692307
9143,401242999,30.0,30.0,0,1,0.23,-0.2,0.63,0.15,0.58,0.81,0.4461538461538462
1367,401242999,30.0,30.0,0,1,-0.1,-0.09,0.48,0.5,0.9,0.81,0.4461538461538462
8974,401242999,58.0,58.0,0,0,-1.44,-0.23,0.42,0.56,0.75,-0.69,0.8769230769230769
257,401242999,42.0,42.0,0,0,0.68,0.03,-0.22,-0.18,-0.37,0.31,0.6307692307692307
6954,401242999,7.0,7.0,1,0,0.93,0.3,1.14,-0.06,1.37,2.31,0.09230769230769231
4412121,401242999,36.0,36.0,0,0,0.74,-0.25,-0.2,0.27,-0.18,0.56,0.5384615384615384
1600,401242999,17.0,17.0,0,1,-0.22,0.24,1.27,0.01,1.52,1.31,0.24615384615384617
3980,401242999,50.0,50.0,0,0,0.88,-0.31,-0.25,-0.27,-0.83,0.06,0.7538461538461538
5409,401242999,30.0,30.0,0,1,0.38,-0.31,1.03,-0.29,0.43,0.81,0.4461538461538462
4483,401242999,53.0,53.0,0,0,-0.33,-0.09,-0.31,0.53,0.14,-0.19,0.8
3470,401242999,13.0,13.0,0,1,-0.03,0.22,0.46,0.91,1.59,1.56,0.18461538461538463
962,401242999,42.0,42.0,0,0,-0.21,-0.59,0.52,0.59,0.52,0.31,0.6307692307692307
9531,401242999,53.0,53.0,0,0,0.14,1.03,-0.38,-0.99,-0.34,-0.19,0.8
9804,401242999,22.0,22.0,0,1,0.37,-0.25,0.69,0.24,0.69,1.06,0.3230769230769231
9938,401242999,22.0,22.0,0,1,2.72,-1.26,0.31,-0.71,-1.67,1.06,0.3230769230769231
78,401242999,58.0,58.0,0,0,0.11,-0.44,-0.29,-0.07,-0.8,-0.69,0.8769230769230769
11382,401242999,17.0,17.0,0,1,0.87,0.06,-0.74,1.11,0.43,1.31,0.24615384615384617
7081,401242999,50.0,50.0,0,0,-0.12,0.35,0.42,-0.58,0.18,0.06,0.7538461538461538
9076,401242999,63.0,63.0,0,0,0.03,-0.44,-0.41,-0.12,-0.97,-0.94,0.9538461538461539
7001,401242999,57.0,57.0,0,0,-0.34,-0.09,-0.15,0.14,-0.11,-0.44,0.8615384615384616
9478,401242999,7.0,7.0,1,0,1.28,-0.37,0.3,1.1,1.03,2.31,0.09230769230769231
3378,401242999,36.0,36.0,0,0,-0.48,0.47,0.22,0.35,1.04,0.56,0.5384615384615384
412,401242999,4.0,4.0,1,0,0.87,0.53,1.22,-0.06,1.69,2.56,0.046153846153846156
11119,401242999,36.0,36.0,0,0,0.61,0.21,0.48,-0.75,-0.06,0.56,0.5384615384615384
1614,401242999,42.0,42.0,0,0,0.36,0.24,-0.18,-0.11,-0.05,0.31,0.6307692307692307
9877,401242999,17.0,17.0,0,1,-0.21,0.34,1.16,0.02,1.51,1.31,0.24615384615384617
10140,401242999,2.0,2.0,1,0,1.6,-0.18,0.14,1.24,1.21,2.81,0.015384615384615385
4479,401242999,65.0,65.0,0,0,-0.37,0.06,-1.18,0.04,-1.08,-1.44,0.9846153846153847
686,401242999,42.0,42.0,0,0,0.49,0.24,-0.16,-0.26,-0.18,0.31,0.6307692307692307
9261,401243401,5.0,5.0,1,0,-0.03,-0.3,1.18,0.54,1.43,1.39,0.05714285714285714
9517,401243401,32.0,32.0,0,0,1.38,-0.15,0.19,-0.03,0.01,1.39,0.44285714285714284
5548,401243401,32.0,32.0,0,0,0.98,0.56,-0.46,-1.02,-0.92,0.06,0.44285714285714284
4682,401243401,64.0,64.0,0,0,-1.19,-0.11,-0.89,0.25,-0.75,-1.94,0.9
6015,401243401,69.0,69.0,0,0,0.06,-0.03,-2.59,0.28,-2.33,-2.27,0.9714285714285714
3832,401243401,40.0,40.0,0,0,-0.87,-0.16,0.83,-0.1,0.58,-0.29,0.5571428571428572
5502,401243401,21.0,21.0,0,1,0.17,1.04,-0.37,-0.13,0.54,0.71,0.2857142857142857
10372,401243401,37.0,37.0,0,0,-0.68,0.23,0.5,0.32,1.05,0.38,0.5142857142857142
5285,401243401,8.0,8.0,1,0,0.32,-0.25,0.53,0.44,0.72,1.04,0.1
1626,401243401,37.0,37.0,0,0,-0.56,1.24,0.88,-0.18,1.94,1.38,0.5142857142857142
9584,401243401,21.0,21.0,0,1,0.13,-0.16,-0.51,0.25,-0.42,-0.29,0.2857142857142857
1225,401243401,8.0,8.0,1,0,0.96,-0.64,1.33,0.39,1.08,2.04,0.1
4780,401243401,16.0,16.0,0,1,1.09,0.58,0.62,0.08,1.28,2.38,0.21428571428571427
4638,401243401,56.0,56.0,0,0,0.82,0.42,-0.9,-0.63,-1.1,-0.27,0.7857142857142857
3596,401243401,21.0,21.0,0,1,-1.09,0.22,1.8,0.12,2.14,1.04,0.2857142857142857
3599,401243401,47.0,47.0,0,0,-0.24,-0.47,-0.5,-0.06,-1.03,-1.27,0.6571428571428571
10863,401243401,3.0,3.0,1,0,1.79,0.25,1.84,0.16,2.25,4.04,0.02857142857142857
3449,401243401,16.0,16.0,0,1,0.44,0.14,1.55,-0.08,1.62,2.06,0.21428571428571427
1097,401243401,54.0,54.0,0,0,0.94,0.37,-1.2,0.28,-0.54,0.39,0.7571428571428571
8975,401243401,12.0,12.0,0,1,0.62,0.54,1.18,-0.95,0.77,1.39,0.15714285714285714
4645,401243401,56.0,56.0,0,0,-1.58,-0.26,0.99,-0.44,0.29,-1.29,0.7857142857142857
11456,401243401,5.0,5.0,1,0,0.47,0.03,1.29,0.6,1.92,2.39,0.05714285714285714
928,401243401,64.0,64.0,0,0,1.25,-1.29,-1.09,-0.14,-2.52,-1.27,0.9
11448,401243401,70.0,70.0,0,0,-1.13,-1.23,-0.01,-0.26,-1.5,-2.62,0.9857142857142858
5882,401243401,37.0,37.0,0,0,-0.4,0.37,-0.21,0.94,1.1,0.71,0.5142857142857142
9364,401243401,56.0,56.0,0,0,0.5,-0.29,-0.76,-0.09,-1.13,-0.62,0.7857142857142857
1483,401243401,8.0,8.0,1,0,0.06,0.38,0.72,0.23,1.33,1.39,0.1
3550,401243401,16.0,16.0,0,1,0.08,-0.07,0.49,0.9,1.32,1.39,0.21428571428571427
11387,401243401,62.0,62.0,0,0,-0.14,-0.84,0.97,-0.93,-0.8,-0.94,0.8714285714285714
5573,401243401,12.0,12.0,0,1,0.97,0.13,1.38,0.23,1.74,2.71,0.15714285714285714
5025,401243401,32.0,32.0,0,0,0.35,-0.35,0.4,0.31,0.36,0.71,0.44285714285714284
5797,401243401,21.0,21.0,0,1,-1.56,1.2,1.18,0.22,2.6,1.04,0.2857142857142857
1676,401243401,40.0,40.0,0,0,0.35,-0.22,1.11,-1.2,-0.31,0.04,0.5571428571428572
1568,401243401,40.0,40.0,0,0,0.22,0.29,-0.26,0.14,0.17,0.39,0.5571428571428572
446,401243401,60.0,60.0,0,0,-0.09,-0.67,0.7,-0.88,-0.85,-0.94,0.8428571428571429
10363,401243401,21.0,21.0,0,1,0.85,-0.04,-0.54,1.12,0.54,1.39,0.2857142857142857
7083,401243401,32.0,32.0,0,0,0.26,0.72,-0.52,0.25,0.45,0.71,0.44285714285714284
1778,401243401,32.0,32.0,0,0,-0.07,0.47,0.67,0.3,1.45,1.38,0.44285714285714284
1059,401243401,21.0,21.0,0,1,-0.79,0.16,1.49,0.51,2.16,1.38,0.2857142857142857
8973,401243401,21.0,21.0,0,1,0.82,0.08,0.16,-0.69,-0.45,0.38,0.2857142857142857
1367,401243401,21.0,21.0,0,1,1.06,-0.5,0.65,-0.15,0.0,1.06,0.2857142857142857
2571,401243401,47.0,47.0,0,0,0.21,0.84,-1.87,-0.13,-1.17,-0.96,0.6571428571428571
9530,401243401,71.0,71.0,0,0,-0.7,-0.3,-2.09,-0.87,-3.26,-3.96,1.0
3688,401243401,5.0,5.0,1,0,0.49,0.9,0.5,0.15,1.55,2.04,0.05714285714285714
4412121,401243401,40.0,40.0,0,0,-0.55,-0.52,1.08,0.05,0.61,0.06,0.5571428571428572
6677,401243401,68.0,68.0,0,0,0.36,0.45,-2.74,-0.01,-2.3,-1.94,0.9571428571428572
3792,401243401,47.0,47.0,0,0,-0.28,0.7,-0.46,-0.25,-0.01,-0.29,0.6571428571428571
6007,401243401,2.0,2.0,1,0,2.2,1.09,1.2,0.55,2.84,5.04,0.014285714285714285
72,401243401,8.0,8.0,1,0,0.18,0.71,2.17,0.32,3.2,3.38,0.1
3980,401243401,53.0,53.0,0,0,-0.67,0.28,-0.51,0.97,0.73,0.06,0.7428571428571429
1750,401243401,16.0,16.0,0,1,0.95,0.77,0.2,0.12,1.09,2.04,0.21428571428571427
3702,401243401,21.0,21.0,0,1,-0.25,1.44,0.52,1.0,2.96,2.71,0.2857142857142857
3948,401243401,40.0,40.0,0,0,2.55,-0.44,-0.93,-0.47,-1.84,0.71,0.5571428571428572
4483,401243401,16.0,16.0,0,1,-0.33,0.26,1.37,0.41,2.04,1.71,0.21428571428571427
1733,401243401,47.0,47.0,0,0,-1.78,0.44,2.66,-0.6,2.5,0.73,0.6571428571428571
377,401243401,12.0,12.0,0,1,-0.11,-0.34,2.27,0.24,2.16,2.06,0.15714285714285714
6090,401243401,40.0,40.0,0,0,-0.56,-0.14,0.43,0.65,0.94,0.38,0.5571428571428572
9804,401243401,21.0,21.0,0,1,0.31,0.47,-0.12,0.71,1.07,1.38,0.2857142857142857
9564,401243401,64.0,64.0,0,0,0.72,-1.18,-1.26,0.09,-2.35,-1.62,0.9
11382,401243401,12.0,12.0,0,1,2.4,-0.94,1.04,-0.79,-0.69,1.71,0.15714285714285714
7081,401243401,1.0,1.0,1,0,1.19,0.56,2.63,0.67,3.87,5.06,0.0
7001,401243401,47.0,47.0,0,0,-0.41,-0.45,0.51,-0.28,-0.22,-0.62,0.6571428571428571
9569,401243401,56.0,56.0,0,0,-1.16,0.34,-0.95,0.14,-0.47,-1.62,0.7857142857142857
2230,401243401,4.0,4.0,1,0,-0.06,0.39,1.65,1.08,3.12,3.06,0.04285714285714286
9513,401243401,21.0,21.0,0,1,1.28,-1.9,0.21,0.8,-0.89,0.39,0.2857142857142857
9002,401243401,40.0,40.0,0,0,0.47,0.45,-1.15,0.95,0.25,0.73,0.5571428571428572
1185,401243401,60.0,60.0,0,0,-0.79,0.85,-0.95,-1.05,-1.15,-1.94,0.8428571428571429
11119,401243401,54.0,54.0,0,0,-1.19,0.96,-0.44,0.39,0.91,-0.27,0.7571428571428571
4565482,401243401,64.0,64.0,0,0,0.09,-1.07,0.56,-0.53,-1.05,-0.96,0.9
686,401243401,62.0,62.0,0,0,-1.87,-0.63,0.44,0.12,-0.07,-1.94,0.8714285714285714
9261,401242996,17.0,17.0,0,1,1.67,-0.83,0.24,-0.76,-1.35,0.32,0.4
4682,401242996,38.0,38.0,0,0,-0.41,-0.55,-1.11,-0.36,-2.02,-2.43,0.925
388,401242996,21.0,21.0,0,1,-0.78,-1.03,1.7,0.18,0.85,0.07,0.5
10046,401242996,7.0,7.0,1,0,-0.22,-0.06,-0.03,1.63,1.54,1.32,0.15
159,401242996,29.0,29.0,0,1,0.4,-0.27,0.2,-0.76,-0.83,-0.43,0.7
1651,401242996,24.0,24.0,0,1,0.18,-0.37,-0.49,0.5,-0.36,-0.18,0.575
3454,401242996,13.0,13.0,0,1,1.29,0.44,0.12,-1.29,-0.72,0.57,0.3
11098,401242996,31.0,31.0,0,0,-1.11,0.04,0.0,0.14,0.18,-0.93,0.75
10592,401242996,7.0,7.0,1,0,-0.11,0.35,0.65,0.42,1.42,1.32,0.15
5532,401242996,37.0,37.0,0,0,-0.65,-0.56,-1.64,0.91,-1.28,-1.93,0.9
9131,401242996,24.0,24.0,0,1,0.22,0.29,-0.91,0.21,-0.4,-0.18,0.575
9025,401242996,10.0,10.0,1,0,-0.11,-0.35,0.82,0.71,1.18,1.07,0.225
3448,401242996,11.0,11.0,0,1,-0.57,0.4,1.21,-0.22,1.39,0.82,0.25
5408,401242996,1.0,1.0,1,0,1.71,-0.04,0.25,0.64,0.85,2.57,0.0
5860,401242996,41.0,41.0,0,0,-2.44,-0.02,-0.46,0.23,-0.25,-2.68,1.0
5504,401242996,35.0,35.0,0,0,0.64,-1.69,-0.65,0.27,-2.08,-1.43,0.85
3317,401242996,35.0,35.0,0,0,-0.04,-0.3,-0.72,-0.38,-1.4,-1.43,0.85
11099,401242996,2.0,2.0,1,0,0.25,0.41,1.82,0.09,2.31,2.57,0.025
9780,401242996,7.0,7.0,1,0,0.25,0.94,-0.1,0.22,1.06,1.32,0.15
4848,401242996,3.0,3.0,1,0,0.21,0.68,1.9,-0.47,2.11,2.32,0.05
2552,401242996,24.0,24.0,0,1,0.76,0.33,-0.41,-0.87,-0.94,-0.18,0.575
318,401242996,38.0,38.0,0,0,-0.73,-0.07,-1.13,-0.5,-1.71,-2.43,0.925
5962,401242996,13.0,13.0,0,1,1.56,-0.77,0.01,-0.23,-1.0,0.57,0.3
6931,401242996,41.0,41.0,0,0,-1.62,0.23,-0.71,-0.58,-1.06,-2.68,1.0
2571,401242996,17.0,17.0,0,1,0.74,0.32,-1.06,0.32,-0.43,0.32,0.4
3351,401242996,24.0,24.0,0,1,-1.27,0.37,0.95,-0.23,1.09,-0.18,0.575
3688,401242996,21.0,21.0,0,1,1.7,-0.95,0.55,-1.23,-1.63,0.07,0.5
3792,401242996,29.0,29.0,0,1,0.49,0.37,-1.02,-0.27,-0.92,-0.43,0.7
6007,401242996,13.0,13.0,0,1,0.74,0.18,-0.7,0.34,-0.18,0.57,0.3
5579,401242996,21.0,21.0,0,1,0.93,-0.11,-1.06,0.31,-0.86,0.07,0.5
962,401242996,4.0,4.0,1,0,0.15,0.19,1.51,0.23,1.92,2.07,0.075
5619,401242996,38.0,38.0,0,0,-0.83,0.0,-0.41,-1.21,-1.61,-2.43,0.925
9804,401242996,24.0,24.0,0,1,-0.49,0.34,-0.3,0.27,0.3,-0.18,0.575
78,401242996,31.0,31.0,0,0,0.1,-0.31,0.0,-0.73,-1.04,-0.93,0.75
158,401242996,11.0,11.0,0,1,-1.18,1.15,-0.16,1.01,2.0,0.82,0.25
11382,401242996,5.0,5.0,1,0,-0.81,0.43,1.28,0.67,2.38,1.57,0.1
10404,401242996,17.0,17.0,0,1,-0.29,0.33,-0.23,0.5,0.61,0.32,0.4
9478,401242996,13.0,13.0,0,1,0.36,0.47,-0.11,-0.16,0.2,0.57,0.3
2230,401242996,31.0,31.0,0,0,-0.15,-0.35,-0.98,0.55,-0.78,-0.93,0.75
4364873,401242996,31.0,31.0,0,0,-1.13,-0.1,-0.43,0.72,0.19,-0.93,0.75
1614,401242996,17.0,17.0,0,1,0.14,0.42,1.4,-1.64,0.18,0.32,0.4
10140,401242996,5.0,5.0,1,0,0.47,0.04,0.23,0.84,1.1,1.57,0.1
16,401219801,57.0,57.0,0,0,-0.2,1.07,-1.81,-0.84,-1.58,-1.78,0.875
4682,401219801,4.0,4.0,1,0,0.02,0.4,1.52,0.62,2.54,2.55,0.046875
6015,401219801,30.0,30.0,0,1,-1.95,0.02,1.18,0.64,1.83,-0.11,0.453125
3832,401219801,18.0,18.0,0,1,0.7,0.78,0.43,0.39,1.59,2.29,0.265625
5502,401219801,37.0,37.0,0,0,0.39,-0.33,1.04,-0.81,-0.1,0.29,0.5625
10372,401219801,48.0,48.0,0,0,0.17,-0.15,-0.08,0.95,0.72,0.89,0.734375
1626,401219801,15.0,15.0,0,1,-0.1,0.26,-0.58,0.38,0.06,-0.04,0.21875
4383,401219801,30.0,30.0,0,1,0.29,-0.6,0.43,0.5,0.33,0.62,0.453125
4780,401219801,30.0,30.0,0,1,1.44,0.26,0.0,-0.07,0.19,1.62,0.453125
3599,401219801,50.0,50.0,0,0,-0.61,0.06,1.58,-0.15,1.49,0.89,0.765625
3454,401219801,37.0,37.0,0,0,1.53,1.19,-1.47,-0.29,-0.57,0.96,0.5625
4317,401219801,4.0,4.0,1,0,0.4,0.24,1.21,1.1,2.55,2.96,0.046875
9126,401219801,10.0,10.0,1,0,0.05,0.08,1.9,0.94,2.9,2.96,0.140625
5704,401219801,23.0,23.0,0,1,2.57,-0.01,-0.01,-0.33,-0.35,2.22,0.34375
205,401219801,23.0,23.0,0,1,0.65,-0.1,0.5,0.23,0.64,1.29,0.34375
208,401219801,30.0,30.0,0,1,-0.56,-0.17,0.06,0.89,0.78,0.22,0.453125
3449,401219801,18.0,18.0,0,1,0.48,0.28,-0.75,0.94,0.47,0.96,0.265625
4645,401219801,3.0,3.0,1,0,0.58,-0.19,1.55,0.61,1.97,2.55,0.03125
1264,401219801,6.0,6.0,1,0,1.11,0.55,0.4,-0.1,0.85,1.96,0.078125
11456,401219801,18.0,18.0,0,1,-0.33,-0.36,1.74,-0.49,0.89,0.55,0.265625
5882,401219801,18.0,18.0,0,1,0.09,-0.35,0.89,0.66,1.2,1.29,0.265625
301,401219801,59.0,59.0,0,0,0.4,-0.83,-1.2,-0.14,-2.18,-1.78,0.90625
5408,401219801,6.0,6.0,1,0,0.7,0.22,0.77,0.27,1.26,1.96,0.078125
576,401219801,23.0,23.0,0,1,0.31,0.47,0.47,-0.3,0.64,0.96,0.34375
619,401219801,50.0,50.0,0,0,0.25,0.02,-0.93,0.28,-0.63,-0.38,0.765625
6196,401219801,50.0,50.0,0,0,0.57,-0.33,0.08,0.57,0.32,0.89,0.765625
1680,401219801,12.0,12.0,0,1,1.75,-0.11,0.16,-0.18,-0.13,1.62,0.171875
3598,401219801,30.0,30.0,0,1,-0.12,-0.1,0.23,0.28,0.41,0.29,0.453125
5797,401219801,12.0,12.0,0,1,1.8,-0.08,0.02,0.14,0.08,1.89,0.171875
11099,401219801,44.0,44.0,0,0,0.17,0.48,0.01,0.57,1.06,1.22,0.671875
10166,401219801,59.0,59.0,0,0,-0.3,0.02,-0.54,-0.89,-1.41,-1.71,0.90625
1568,401219801,54.0,54.0,0,0,1.16,-0.17,-0.9,0.14,-0.94,0.22,0.828125
4513,401219801,15.0,15.0,0,1,-1.54,0.09,1.34,0.99,2.43,0.89,0.21875
3857,401219801,65.0,65.0,0,0,-0.99,-0.81,-0.91,-0.41,-2.13,-3.11,1.0
2552,401219801,2.0,2.0,1,0,1.54,0.63,0.28,0.77,1.68,3.22,0.015625
8906,401219801,44.0,44.0,0,0,-0.43,-1.07,0.04,0.75,-0.28,-0.71,0.671875
1778,401219801,6.0,6.0,1,0,-0.08,-0.17,2.72,-0.84,1.7,1.62,0.078125
1077,401219801,54.0,54.0,0,0,-1.04,-0.31,1.61,-0.7,0.59,-0.45,0.828125
676,401219801,23.0,23.0,0,1,-0.3,0.72,0.33,0.21,1.26,0.96,0.34375
1367,401219801,44.0,44.0,0,0,0.73,-0.26,-0.09,0.57,0.23,0.96,0.671875
257,401219801,37.0,37.0,0,0,1.66,-0.03,-0.95,-0.13,-1.11,0.55,0.5625
6954,401219801,15.0,15.0,0,1,0.74,0.24,0.44,1.13,1.81,2.55,0.21875
10548,401219801,37.0,37.0,0,0,1.46,-0.57,0.89,-0.49,-0.17,1.29,0.5625
1600,401219801,37.0,37.0,0,0,0.63,-0.41,0.13,-0.39,-0.67,-0.04,0.5625
3980,401219801,10.0,10.0,1,0,2.74,0.49,-1.54,-0.07,-1.12,1.62,0.140625
5692,401219801,48.0,48.0,0,0,-0.26,0.32,0.03,0.2,0.55,0.29,0.734375
1548,401219801,63.0,63.0,0,0,0.78,-1.01,-1.68,-0.2,-2.89,-2.11,0.96875
4321,401219801,54.0,54.0,0,0,-0.57,0.2,0.43,-0.51,0.12,-0.45,0.828125
5409,401219801,30.0,30.0,0,1,-0.02,0.32,0.73,-0.14,0.91,0.89,0.453125
1733,401219801,59.0,59.0,0,0,0.52,-0.2,-0.74,-0.35,-1.3,-0.78,0.90625
377,401219801,12.0,12.0,0,1,1.32,1.33,0.49,0.16,1.97,3.29,0.171875
6090,401219801,23.0,23.0,0,1,0.23,0.69,0.43,-0.06,1.06,1.29,0.34375
5619,401219801,1.0,1.0,1,0,1.5,0.17,0.12,0.17,0.45,1.96,0.0
9564,401219801,57.0,57.0,0,0,0.19,0.01,-0.54,-0.04,-0.57,-0.38,0.875
4587,401219801,50.0,50.0,0,0,0.01,0.37,-0.53,0.43,0.28,0.29,0.765625
1359,401219801,59.0,59.0,0,0,0.44,-0.63,-0.24,-1.35,-2.22,-1.78,0.90625
1037,401219801,18.0,18.0,0,1,0.05,1.39,-0.06,0.17,1.51,1.55,0.265625
3378,401219801,63.0,63.0,0,0,-2.11,0.08,-1.13,0.05,-1.0,-3.11,0.96875
8961,401219801,44.0,44.0,0,0,-1.81,0.8,1.3,-1.34,0.76,-1.04,0.671875
5539,401219801,37.0,37.0,0,0,0.44,0.57,0.18,0.43,1.18,1.62,0.5625
5553,401219801,23.0,23.0,0,1,0.14,-0.12,1.02,-0.09,0.81,0.96,0.34375
1185,401219801,30.0,30.0,0,1,-0.02,0.02,0.31,0.58,0.91,0.89,0.453125
11119,401219801,23.0,23.0,0,1,0.5,0.76,-0.07,0.03,0.72,1.22,0.34375
1614,401219801,37.0,37.0,0,0,0.09,-0.03,0.26,0.97,1.2,1.29,0.5625
686,401219801,6.0,6.0,1,0,2.0,0.17,0.33,-0.2,0.29,2.29,0.078125
9261,401219795,4.0,4.0,1,0,2.08,-0.03,-0.15,0.59,0.41,2.49,0.42857142857142855
9517,401219795,2.0,2.0,1,0,0.98,0.56,1.27,0.43,2.26,3.24,0.14285714285714285
10046,401219795,8.0,8.0,1,0,-0.04,0.0,0.77,1.26,2.04,1.99,1.0
5025,401219795,5.0,5.0,1,0,-0.24,0.2,1.67,0.62,2.48,2.24,0.5714285714285714
10583,401219795,8.0,8.0,1,0,0.77,-0.5,1.61,0.11,1.22,1.99,1.0
2571,401219795,1.0,1.0,1,0,0.81,0.48,1.62,0.32,2.43,3.24,0.0
6954,401219795,8.0,8.0,1,0,0.86,-0.13,1.14,0.11,1.13,1.99,1.0
4412121,401219795,2.0,2.0,1,0,1.0,0.41,1.53,0.31,2.24,3.24,0.14285714285714285
6007,401219795,8.0,8.0,1,0,1.02,0.78,0.15,0.05,0.98,1.99,1.0
5692,401219795,5.0,5.0,1,0,0.69,0.08,1.42,0.06,1.55,2.24,0.5714285714285714
7081,401219795,8.0,8.0,1,0,0.52,1.29,-0.72,0.89,1.47,1.99,1.0
9877,401219795,5.0,5.0,1,0,0.1,0.36,1.16,0.61,2.14,2.24,0.5714285714285714
10863,401219794,6.0,6.0,1,0,0.97,0.51,0.26,0.73,1.5,2.47,1.0
205,401219794,6.0,6.0,1,0,1.68,-0.13,-0.11,1.03,0.79,2.47,1.0
10054,401219794,6.0,6.0,1,0,1.08,0.71,0.32,0.36,1.39,2.47,1.0
5573,401219794,4.0,4.0,1,0,1.78,0.27,-0.17,0.85,0.94,2.72,0.6
10505,401219794,3.0,3.0,1,0,2.12,-0.02,0.87,0.0,0.85,2.97,0.4
4513,401219794,4.0,4.0,1,0,0.75,0.58,0.62,0.78,1.97,2.72,0.6
4351896,401219794,6.0,6.0,1,0,1.04,0.05,0.17,1.21,1.43,2.47,1.0
5692,401219794,2.0,2.0,1,0,2.29,0.08,1.11,-0.02,1.18,3.47,0.2
158,401219794,1.0,1.0,1,0,0.71,-0.11,1.75,1.37,3.01,3.72,0.0
3378,401219794,6.0,6.0,1,0,0.11,0.19,1.38,0.79,2.36,2.47,1.0
9002,401219794,6.0,6.0,1,0,0.13,-0.03,1.7,0.67,2.33,2.47,1.0
9261,401219333,56.0,56.0,0,0,-1.35,0.35,0.52,-0.71,0.16,-1.18,0.9166666666666666
5548,401219333,54.0,54.0,0,0,-0.26,1.04,-0.93,-0.53,-0.42,-0.68,0.8833333333333333
6015,401219333,13.0,13.0,0,1,0.97,0.89,0.15,0.3,1.34,2.32,0.2
3832,401219333,17.0,17.0,0,1,1.61,0.03,0.97,-0.54,0.45,2.07,0.26666666666666666
388,401219333,38.0,38.0,0,0,0.78,-0.27,-0.29,0.35,-0.21,0.57,0.6166666666666667
10046,401219333,1.0,1.0,1,0,1.09,1.24,1.9,1.33,4.48,5.57,0.0
1225,401219333,38.0,38.0,0,0,0.63,0.86,-0.71,-0.21,-0.06,0.57,0.6166666666666667
1651,401219333,38.0,38.0,0,0,0.9,-0.01,-0.37,0.05,-0.33,0.57,0.6166666666666667
3454,401219333,23.0,23.0,0,1,1.58,-0.14,0.44,-0.31,-0.01,1.57,0.36666666666666664
780,401219333,31.0,31.0,0,0,-1.68,0.06,1.57,1.12,2.75,1.07,0.5
4317,401219333,43.0,43.0,0,0,-0.08,0.42,0.33,-0.36,0.4,0.32,0.7
9243,401219333,55.0,55.0,0,0,-0.4,1.18,-0.77,-0.94,-0.53,-0.93,0.9
5704,401219333,51.0,51.0,0,0,-0.37,-0.36,0.01,0.29,-0.06,-0.43,0.8333333333333334
208,401219333,30.0,30.0,0,1,1.51,0.62,-1.22,0.4,-0.19,1.32,0.48333333333333334
9131,401219333,38.0,38.0,0,0,1.08,-0.47,0.03,-0.08,-0.52,0.57,0.6166666666666667
9025,401219333,34.0,34.0,0,0,1.42,-0.4,0.4,-0.6,-0.6,0.82,0.55
3448,401219333,6.0,6.0,1,0,0.06,0.45,1.85,0.45,2.76,2.82,0.08333333333333333
9364,401219333,23.0,23.0,0,1,0.07,0.49,1.36,-0.36,1.49,1.57,0.36666666666666664
5408,401219333,4.0,4.0,1,0,1.23,1.55,0.28,0.25,2.08,3.32,0.05
5860,401219333,17.0,17.0,0,1,-1.1,0.51,1.76,0.9,3.16,2.07,0.26666666666666666
1680,401219333,38.0,38.0,0,0,1.36,0.39,-1.28,0.1,-0.79,0.57,0.6166666666666667
3317,401219333,17.0,17.0,0,1,1.58,-0.5,0.12,0.87,0.49,2.07,0.26666666666666666
11099,401219333,23.0,23.0,0,1,1.74,0.01,-0.45,0.27,-0.17,1.57,0.36666666666666664
9780,401219333,23.0,23.0,0,1,0.22,-0.27,0.62,1.0,1.35,1.57,0.36666666666666664
4848,401219333,8.0,8.0,1,0,1.15,1.2,0.47,-0.24,1.42,2.57,0.11666666666666667
676,401219333,17.0,17.0,0,1,1.73,-0.64,0.51,0.46,0.34,2.07,0.26666666666666666
5962,401219333,43.0,43.0,0,0,0.18,-0.01,0.25,-0.1,0.14,0.32,0.7
10343,401219333,31.0,31.0,0,0,1.24,0.27,-0.2,-0.25,-0.18,1.07,0.5
1293,401219333,3.0,3.0,1,0,1.51,0.86,1.09,0.11,2.06,3.57,0.03333333333333333
455,401219333,13.0,13.0,0,1,0.34,0.66,0.48,0.84,1.98,2.32,0.2
3688,401219333,48.0,48.0,0,0,-1.01,0.98,0.34,-0.25,1.08,0.07,0.7833333333333333
10548,401219333,43.0,43.0,0,0,-0.28,-0.59,1.11,0.08,0.6,0.32,0.7
4412121,401219333,2.0,2.0,1,0,0.61,0.87,1.79,0.79,3.46,4.07,0.016666666666666666
6007,401219333,43.0,43.0,0,0,-0.45,0.35,0.44,-0.02,0.77,0.32,0.7
72,401219333,17.0,17.0,0,1,0.0,0.23,1.18,0.65,2.07,2.07,0.26666666666666666
5579,401219333,13.0,13.0,0,1,1.25,0.08,1.64,-0.65,1.06,2.32,0.2
4321,401219333,23.0,23.0,0,1,2.03,0.37,-0.38,-0.45,-0.46,1.57,0.36666666666666664
3702,401219333,49.0,49.0,0,0,-1.72,0.11,0.89,0.54,1.54,-0.18,0.8
4047,401219333,51.0,51.0,0,0,-0.1,0.37,-0.24,-0.45,-0.33,-0.43,0.8333333333333334
10099,401219333,34.0,34.0,0,0,0.47,-0.69,1.0,0.03,0.35,0.82,0.55
11378,401219333,56.0,56.0,0,0,-0.87,-0.5,0.1,0.09,-0.31,-1.18,0.9166666666666666
3470,401219333,8.0,8.0,1,0,0.71,0.38,0.02,1.46,1.85,2.57,0.11666666666666667
377,401219333,59.0,59.0,0,0,0.36,-1.3,-0.46,-0.52,-2.29,-1.93,0.9666666666666667
11382,401219333,22.0,22.0,0,1,-0.14,-0.1,1.45,0.61,1.96,1.82,0.35
10630,401219333,61.0,61.0,0,0,-1.36,-0.5,0.87,-1.2,-0.83,-2.18,1.0
6937,401219333,34.0,34.0,0,0,0.83,1.12,-0.53,-0.6,-0.01,0.82,0.55
4587,401219333,43.0,43.0,0,0,0.62,-0.76,0.43,0.02,-0.3,0.32,0.7
10404,401219333,59.0,59.0,0,0,-0.46,0.13,-0.99,-0.6,-1.47,-1.93,0.9666666666666667
4837,401219333,49.0,49.0,0,0,-0.18,0.47,-0.12,-0.35,0.0,-0.18,0.8
9569,401219333,34.0,34.0,0,0,-0.97,0.5,1.7,-0.4,1.79,0.82,0.55
2230,401219333,8.0,8.0,1,0,-0.62,0.7,1.84,0.65,3.19,2.57,0.11666666666666667
3970,401219333,58.0,58.0,0,0,0.73,-1.44,-0.32,-0.41,-2.16,-1.43,0.95
9031,401219333,23.0,23.0,0,1,-1.08,0.56,1.36,0.73,2.65,1.57,0.36666666666666664
4364873,401219333,13.0,13.0,0,1,0.17,0.58,1.08,0.48,2.15,2.32,0.2
1614,401219333,8.0,8.0,1,0,1.79,1.16,-0.51,0.13,0.78,2.57,0.11666666666666667
9877,401219333,6.0,6.0,1,0,0.07,0.38,1.65,0.71,2.74,2.82,0.08333333333333333
10140,401219333,5.0,5.0,1,0,1.48,1.44,0.16,-0.01,1.58,3.07,0.06666666666666667
686,401219333,8.0,8.0,1,0,2.37,0.3,0.15,-0.25,0.2,2.57,0.11666666666666667
9261,401155476,18.0,18.0,0,1,0.12,-0.07,-0.12,-0.01,-0.2,-0.08,0.5862068965517241
10046,401155476,22.0,22.0,0,1,-0.75,0.3,-1.02,0.14,-0.58,-1.33,0.7241379310344828
1651,401155476,30.0,30.0,0,1,-0.45,-0.26,-0.86,-0.52,-1.64,-2.08,1.0
3454,401155476,20.0,20.0,0,1,0.25,-0.83,-0.21,-0.04,-1.08,-0.83,0.6551724137931034
11098,401155476,24.0,24.0,0,1,-1.56,-0.8,0.15,1.12,0.47,-1.08,0.7931034482758621
10592,401155476,6.0,6.0,1,0,-0.02,-0.06,0.61,0.39,0.93,0.92,0.1724137931034483
9131,401155476,24.0,24.0,0,1,-0.22,-0.36,0.64,-1.15,-0.87,-1.08,0.7931034482758621
9025,401155476,15.0,15.0,0,1,-0.25,0.82,-0.06,-0.83,-0.08,-0.33,0.4827586206896552
3448,401155476,1.0,1.0,1,0,0.24,0.64,0.31,0.48,1.43,1.67,0.0
5408,401155476,12.0,12.0,0,1,-0.15,0.73,0.68,-1.09,0.32,0.17,0.3793103448275862
5860,401155476,15.0,15.0,0,1,-0.42,-0.06,0.33,-0.18,0.09,-0.33,0.4827586206896552
11099,401155476,27.0,27.0,0,1,0.21,-1.03,-1.72,0.71,-2.04,-1.83,0.896551724137931
9780,401155476,4.0,4.0,1,0,-0.12,0.64,0.24,0.41,1.29,1.17,0.10344827586206896
4848,401155476,2.0,2.0,1,0,-0.4,0.65,0.88,0.54,2.07,1.67,0.034482758620689655
2552,401155476,23.0,23.0,0,1,0.41,-0.56,-0.02,-0.92,-1.5,-1.08,0.7586206896551724
318,401155476,27.0,27.0,0,1,0.61,-0.27,-1.16,-0.76,-2.19,-1.58,0.896551724137931
5962,401155476,18.0,18.0,0,1,0.31,0.06,-1.12,0.42,-0.64,-0.33,0.5862068965517241
6931,401155476,14.0,14.0,0,1,2.24,0.04,-0.64,-0.72,-1.33,0.92,0.4482758620689655
3351,401155476,29.0,29.0,0,1,0.27,-0.38,-0.67,-1.05,-2.11,-1.83,0.9655172413793104
5579,401155476,8.0,8.0,1,0,0.3,0.49,-0.61,0.73,0.61,0.92,0.2413793103448276
3470,401155476,8.0,8.0,1,0,0.24,0.43,-0.33,0.56,0.67,0.92,0.2413793103448276
962,401155476,24.0,24.0,0,1,-1.07,-0.07,-0.21,0.02,-0.26,-1.33,0.7931034482758621
11382,401155476,11.0,11.0,0,1,-0.47,-0.06,0.87,0.08,0.88,0.42,0.3448275862068966
10404,401155476,8.0,8.0,1,0,0.32,-0.39,0.73,0.26,0.59,0.92,0.2413793103448276
9478,401155476,5.0,5.0,1,0,-0.66,0.47,1.83,0.28,2.58,1.92,0.13793103448275862
2230,401155476,17.0,17.0,0,1,-0.05,0.53,-0.12,-0.44,-0.03,-0.08,0.5517241379310345
5553,401155476,7.0,7.0,1,0,0.55,-0.31,0.73,0.44,0.87,1.42,0.20689655172413793
4364873,401155476,20.0,20.0,0,1,-1.48,0.02,1.03,0.34,1.4,-0.08,0.6551724137931034
1614,401155476,12.0,12.0,0,1,-0.14,-0.4,-0.05,0.25,-0.2,-0.33,0.3793103448275862
10140,401155476,2.0,2.0,1,0,2.13,0.08,-0.09,0.55,0.54,2.67,0.034482758620689655
9261,401155475,33.0,33.0,0,0,0.86,-1.03,0.09,0.15,-0.79,0.07,0.47058823529411764
5548,401155475,40.0,40.0,0,0,-0.59,0.01,0.29,0.1,0.4,-0.18,0.5735294117647058
4682,401155475,68.0,68.0,0,0,-0.4,-1.82,0.12,-1.33,-3.03,-3.43,0.9852941176470589
6015,401155475,56.0,56.0,0,0,0.12,-0.62,-1.2,0.51,-1.31,-1.18,0.8088235294117647
3832,401155475,40.0,40.0,0,0,0.17,0.28,0.32,-0.96,-0.36,-0.18,0.5735294117647058
388,401155475,25.0,25.0,0,1,0.33,0.56,0.08,-0.64,-0.01,0.32,0.35294117647058826
5285,401155475,12.0,12.0,0,1,-0.27,0.19,1.11,0.04,1.34,1.07,0.16176470588235295
10046,401155475,50.0,50.0,0,0,1.11,-0.57,-1.35,0.12,-1.79,-0.68,0.7205882352941176
1225,401155475,12.0,12.0,0,1,1.27,0.03,-0.07,-0.16,-0.2,1.07,0.16176470588235295
1651,401155475,33.0,33.0,0,0,-0.67,0.0,0.69,0.05,0.74,0.07,0.47058823529411764
3596,401155475,33.0,33.0,0,0,-0.1,0.07,1.19,-1.1,0.17,0.07,0.47058823529411764
3454,401155475,8.0,8.0,1,0,1.74,0.14,-0.31,0.0,-0.17,1.57,0.10294117647058823
780,401155475,16.0,16.0,0,1,-0.37,0.17,0.22,0.8,1.19,0.82,0.22058823529411764
11098,401155475,65.0,65.0,0,0,-0.93,-0.95,-0.55,0.49,-1.01,-1.93,0.9411764705882353
9126,401155475,33.0,33.0,0,0,-1.95,0.52,0.87,0.62,2.01,0.07,0.47058823529411764
208,401155475,48.0,48.0,0,0,1.12,-0.35,-0.25,-0.95,-1.56,-0.43,0.6911764705882353
10592,401155475,20.0,20.0,0,1,0.35,0.29,0.25,-0.31,0.22,0.57,0.27941176470588236
5532,401155475,25.0,25.0,0,1,0.6,0.5,-0.32,-0.46,-0.29,0.32,0.35294117647058826
9131,401155475,20.0,20.0,0,1,-0.06,1.02,0.02,-0.41,0.63,0.57,0.27941176470588236
9025,401155475,25.0,25.0,0,1,-0.2,0.16,-0.23,0.58,0.51,0.32,0.35294117647058826
5167,401155475,33.0,33.0,0,0,-0.8,0.18,0.32,0.37,0.86,0.07,0.47058823529411764
3448,401155475,2.0,2.0,1,0,0.76,-0.27,1.46,0.87,2.06,2.82,0.014705882352941176
3950,401155475,33.0,33.0,0,0,-1.1,0.11,1.34,-0.29,1.17,0.07,0.47058823529411764
3550,401155475,33.0,33.0,0,0,0.24,-0.87,0.52,0.17,-0.18,0.07,0.47058823529411764
5408,401155475,40.0,40.0,0,0,-0.02,0.27,-0.62,0.18,-0.16,-0.18,0.5735294117647058
4844,401155475,56.0,56.0,0,0,-0.18,-0.03,-1.0,0.02,-1.01,-1.18,0.8088235294117647
5860,401155475,3.0,3.0,1,0,0.14,1.52,0.08,0.58,2.18,2.32,0.029411764705882353
6196,401155475,20.0,20.0,0,1,0.57,0.18,-0.03,-0.15,-0.01,0.57,0.27941176470588236
1680,401155475,64.0,64.0,0,0,0.18,0.87,-1.92,-0.81,-1.87,-1.68,0.9264705882352942
3598,401155475,40.0,40.0,0,0,-0.56,0.54,0.04,-0.2,0.38,-0.18,0.5735294117647058
3317,401155475,6.0,6.0,1,0,0.53,-0.08,0.46,0.9,1.29,1.82,0.07352941176470588
11099,401155475,3.0,3.0,1,0,0.1,0.19,1.25,0.77,2.21,2.32,0.029411764705882353
10505,401155475,59.0,59.0,0,0,0.31,-0.81,-0.13,-0.81,-1.75,-1.43,0.8529411764705882
9780,401155475,1.0,1.0,1,0,0.97,0.35,0.75,0.75,1.85,2.82,0.0
4848,401155475,25.0,25.0,0,1,0.19,-0.4,0.16,0.36,0.13,0.32,0.35294117647058826
2552,401155475,25.0,25.0,0,1,0.06,-0.08,0.43,-0.09,0.26,0.32,0.35294117647058826
318,401155475,51.0,51.0,0,0,-0.28,-0.29,0.19,-0.55,-0.65,-0.93,0.7352941176470589
1077,401155475,51.0,51.0,0,0,-1.33,-0.36,1.21,-0.45,0.4,-0.93,0.7352941176470589
5962,401155475,10.0,10.0,1,0,0.19,0.22,0.73,0.18,1.12,1.32,0.1323529411764706
1293,401155475,25.0,25.0,0,1,0.15,-0.01,0.13,0.04,0.16,0.32,0.35294117647058826
9037,401155475,6.0,6.0,1,0,0.67,-0.25,0.99,0.41,1.15,1.82,0.07352941176470588
8973,401155475,59.0,59.0,0,0,-0.96,-0.07,-0.53,0.14,-0.47,-1.43,0.8529411764705882
9143,401155475,51.0,51.0,0,0,0.01,0.31,-0.58,-0.68,-0.94,-0.93,0.7352941176470589
6931,401155475,10.0,10.0,1,0,0.74,0.32,0.46,-0.21,0.58,1.32,0.1323529411764706
257,401155475,59.0,59.0,0,0,-0.37,-0.19,-0.56,-0.31,-1.06,-1.43,0.8529411764705882
3351,401155475,69.0,69.0,0,0,-2.67,-0.57,-1.73,-0.71,-3.02,-5.68,1.0
9530,401155475,40.0,40.0,0,0,0.68,-0.07,-1.01,0.21,-0.87,-0.18,0.5735294117647058
3688,401155475,59.0,59.0,0,0,0.04,0.11,-1.23,-0.37,-1.48,-1.43,0.8529411764705882
4412121,401155475,16.0,16.0,0,1,-0.42,0.34,0.08,0.82,1.23,0.82,0.22058823529411764
3792,401155475,51.0,51.0,0,0,-0.31,-0.53,-0.13,0.03,-0.62,-0.93,0.7352941176470589
6007,401155475,12.0,12.0,0,1,0.8,0.71,-1.29,0.85,0.27,1.07,0.16176470588235295
72,401155475,16.0,16.0,0,1,0.74,-0.61,0.3,0.39,0.08,0.82,0.22058823529411764
5579,401155475,40.0,40.0,0,0,0.59,-0.7,-0.18,0.11,-0.78,-0.18,0.5735294117647058
5409,401155475,25.0,25.0,0,1,-0.1,0.89,0.44,-0.91,0.42,0.32,0.35294117647058826
3470,401155475,12.0,12.0,0,1,-0.03,0.15,0.21,0.74,1.1,1.07,0.16176470588235295
962,401155475,40.0,40.0,0,0,-0.49,0.24,0.27,-0.19,0.31,-0.18,0.5735294117647058
9531,401155475,59.0,59.0,0,0,-0.62,0.11,-0.5,-0.44,-0.82,-1.43,0.8529411764705882
9804,401155475,20.0,20.0,0,1,0.33,0.3,-0.04,-0.03,0.23,0.57,0.27941176470588236
11382,401155475,56.0,56.0,0,0,-0.27,0.08,-0.99,-0.01,-0.92,-1.18,0.8088235294117647
10404,401155475,8.0,8.0,1,0,-0.35,1.3,0.34,0.29,1.92,1.57,0.10294117647058823
9478,401155475,20.0,20.0,0,1,-0.49,-0.09,0.65,0.49,1.05,0.57,0.27941176470588236
9569,401155475,48.0,48.0,0,0,0.38,-1.24,-0.08,0.5,-0.81,-0.43,0.6911764705882353
2230,401155475,5.0,5.0,1,0,1.15,0.49,0.15,0.27,0.92,2.07,0.058823529411764705
9513,401155475,65.0,65.0,0,0,-0.46,-0.09,-1.7,0.32,-1.47,-1.93,0.9411764705882353
5553,401155475,16.0,16.0,0,1,-0.35,0.58,0.3,0.28,1.16,0.82,0.22058823529411764
6086,401155475,65.0,65.0,0,0,-0.18,-0.97,-0.45,-0.33,-1.76,-1.93,0.9411764705882353
462,401155475,51.0,51.0,0,0,-0.88,0.08,0.6,-0.74,-0.06,-0.93,0.7352941176470589
4364873,401155475,40.0,40.0,0,0,0.36,-0.22,-0.36,0.02,-0.55,-0.18,0.5735294117647058
10140,401155475,25.0,25.0,0,1,0.23,-0.28,0.28,0.09,0.09,0.32,0.35294117647058826
4682,401155474,67.0,67.0,0,0,-1.6,0.06,-0.37,0.54,0.23,-1.37,0.9565217391304348
6015,401155474,49.0,49.0,0,0,-0.69,0.61,1.09,-0.88,0.83,0.13,0.6956521739130435
3832,401155474,8.0,8.0,1,0,1.3,1.02,0.17,-0.37,0.83,2.13,0.10144927536231885
10372,401155474,39.0,39.0,0,0,0.38,-0.37,1.06,-0.43,0.25,0.63,0.5507246376811594
388,401155474,58.0,58.0,0,0,-0.47,-0.38,0.54,0.2,0.35,-0.12,0.8260869565217391
1225,401155474,11.0,11.0,0,1,0.27,0.16,0.72,0.73,1.61,1.88,0.14492753623188406
6011,401155474,49.0,49.0,0,0,1.26,-0.37,-0.95,0.19,-1.13,0.13,0.6956521739130435
3596,401155474,44.0,44.0,0,0,0.15,-0.56,0.5,0.29,0.24,0.38,0.6231884057971014
3454,401155474,64.0,64.0,0,0,-0.35,1.23,-1.02,-0.48,-0.26,-0.62,0.9130434782608695
780,401155474,18.0,18.0,0,1,0.06,0.69,0.26,0.37,1.32,1.38,0.2463768115942029
9126,401155474,25.0,25.0,0,1,-0.09,0.22,0.26,0.75,1.22,1.13,0.34782608695652173
10863,401155474,29.0,29.0,0,1,1.01,-0.27,-0.02,0.17,-0.12,0.88,0.4057971014492754
205,401155474,13.0,13.0,0,1,0.24,-0.15,1.69,-0.14,1.39,1.63,0.17391304347826086
208,401155474,44.0,44.0,0,0,-0.42,0.96,-0.3,0.14,0.8,0.38,0.6231884057971014
769,401155474,49.0,49.0,0,0,-0.53,-0.32,0.75,0.23,0.66,0.13,0.6956521739130435
9131,401155474,18.0,18.0,0,1,-0.46,0.17,1.62,0.05,1.84,1.38,0.2463768115942029
4645,401155474,29.0,29.0,0,1,0.05,0.27,1.35,-0.79,0.83,0.88,0.4057971014492754
9025,401155474,3.0,3.0,1,0,1.5,0.07,0.47,0.84,1.38,2.88,0.028985507246376812
3448,401155474,1.0,1.0,1,0,1.35,0.55,3.03,0.95,4.53,5.88,0.0
3950,401155474,18.0,18.0,0,1,1.16,-0.14,0.26,0.11,0.22,1.38,0.2463768115942029
10054,401155474,49.0,49.0,0,0,-0.51,-0.43,0.73,0.34,0.65,0.13,0.6956521739130435
5882,401155474,44.0,44.0,0,0,-0.59,-0.11,0.51,0.57,0.97,0.38,0.6231884057971014
5408,401155474,2.0,2.0,1,0,1.14,1.04,0.95,0.01,1.99,3.13,0.014492753623188406
4844,401155474,11.0,11.0,0,1,1.44,0.22,0.1,0.13,0.44,1.88,0.14492753623188406
5860,401155474,29.0,29.0,0,1,0.69,-0.2,0.71,-0.31,0.2,0.88,0.4057971014492754
619,401155474,39.0,39.0,0,0,1.49,-0.57,-0.31,0.02,-0.86,0.63,0.5507246376811594
3317,401155474,13.0,13.0,0,1,-0.32,0.53,1.13,0.29,1.95,1.63,0.17391304347826086
10505,401155474,39.0,39.0,0,0,0.81,-0.2,-0.19,0.21,-0.17,0.63,0.5507246376811594
9780,401155474,6.0,6.0,1,0,1.13,0.41,-0.4,1.24,1.25,2.38,0.07246376811594203
569,401155474,25.0,25.0,0,1,-0.35,-0.21,1.25,0.45,1.48,1.13,0.34782608695652173
4848,401155474,49.0,49.0,0,0,-1.0,0.36,0.47,0.3,1.13,0.13,0.6956521739130435
4513,401155474,29.0,29.0,0,1,-1.13,0.47,1.52,0.02,2.01,0.88,0.4057971014492754
2552,401155474,4.0,4.0,1,0,1.43,0.14,0.89,0.17,1.2,2.63,0.043478260869565216
7083,401155474,29.0,29.0,0,1,1.39,0.33,-0.94,0.11,-0.51,0.88,0.4057971014492754
8906,401155474,61.0,61.0,0,0,-0.47,-0.25,0.14,0.22,0.11,-0.37,0.8695652173913043
318,401155474,39.0,39.0,0,0,-0.18,0.14,0.58,0.09,0.81,0.63,0.5507246376811594
1077,401155474,61.0,61.0,0,0,-0.96,-0.28,0.9,-0.04,0.59,-0.37,0.8695652173913043
5962,401155474,58.0,58.0,0,0,0.2,-0.11,0.21,-0.42,-0.32,-0.12,0.8260869565217391
1293,401155474,13.0,13.0,0,1,1.29,-0.11,0.01,0.44,0.34,1.63,0.17391304347826086
9143,401155474,29.0,29.0,0,1,0.12,-0.37,1.56,-0.42,0.77,0.88,0.4057971014492754
6931,401155474,13.0,13.0,0,1,0.61,0.76,0.33,-0.07,1.02,1.63,0.17391304347826086
1367,401155474,69.0,69.0,0,0,-0.33,-0.69,-0.88,-0.22,-1.79,-2.12,0.9855072463768116
257,401155474,18.0,18.0,0,1,0.56,0.06,0.36,0.4,0.82,1.38,0.2463768115942029
9530,401155474,61.0,61.0,0,0,2.41,-1.6,-1.08,-0.1,-2.77,-0.37,0.8695652173913043
4412121,401155474,44.0,44.0,0,0,0.06,0.14,-0.48,0.66,0.32,0.38,0.6231884057971014
72,401155474,49.0,49.0,0,0,0.57,-0.63,-0.21,0.4,-0.43,0.13,0.6956521739130435
5579,401155474,49.0,49.0,0,0,-0.27,0.46,-0.26,0.2,0.4,0.13,0.6956521739130435
6825,401155474,70.0,70.0,0,0,0.5,-0.3,-2.05,-1.51,-3.86,-3.37,1.0
3702,401155474,49.0,49.0,0,0,0.42,0.44,-0.29,-0.44,-0.29,0.13,0.6956521739130435
5409,401155474,8.0,8.0,1,0,0.85,0.04,1.2,0.04,1.28,2.13,0.10144927536231885
3470,401155474,65.0,65.0,0,0,-1.62,-0.56,1.29,-0.22,0.5,-1.12,0.927536231884058
962,401155474,8.0,8.0,1,0,1.21,1.47,-0.4,-0.15,0.92,2.13,0.10144927536231885
9531,401155474,13.0,13.0,0,1,0.28,0.54,1.17,-0.36,1.35,1.63,0.17391304347826086
9804,401155474,68.0,68.0,0,0,0.94,-1.17,-0.81,-0.83,-2.81,-1.87,0.9710144927536232
1210,401155474,65.0,65.0,0,0,-0.08,-0.48,-0.38,-0.18,-1.03,-1.12,0.927536231884058
7081,401155474,39.0,39.0,0,0,-1.35,0.87,0.96,0.15,1.98,0.63,0.5507246376811594
10404,401155474,18.0,18.0,0,1,0.5,0.09,0.49,0.3,0.89,1.38,0.2463768115942029
1037,401155474,29.0,29.0,0,1,0.61,-0.14,-0.04,0.46,0.27,0.88,0.4057971014492754
9478,401155474,4.0,4.0,1,0,0.24,0.61,1.06,0.72,2.39,2.63,0.043478260869565216
9569,401155474,29.0,29.0,0,1,-0.17,0.13,1.2,-0.27,1.05,0.88,0.4057971014492754
5539,401155474,44.0,44.0,0,0,1.56,0.13,-1.65,0.34,-1.18,0.38,0.6231884057971014
9513,401155474,18.0,18.0,0,1,1.49,0.35,-0.24,-0.22,-0.11,1.38,0.2463768115942029
5553,401155474,25.0,25.0,0,1,0.01,0.46,0.3,0.35,1.12,1.13,0.34782608695652173
3970,401155474,29.0,29.0,0,1,1.07,-0.17,0.23,-0.25,-0.19,0.88,0.4057971014492754
462,401155474,58.0,58.0,0,0,-0.44,-0.69,0.53,0.48,0.33,-0.12,0.8260869565217391
4364873,401155474,18.0,18.0,0,1,1.3,-0.72,0.6,0.2,0.08,1.38,0.2463768115942029
11119,401155474,29.0,29.0,0,1,0.67,0.12,0.4,-0.32,0.21,0.88,0.4057971014492754
1614,401155474,6.0,6.0,1,0,1.02,0.81,0.56,0.0,1.36,2.38,0.07246376811594203
10140,401155474,25.0,25.0,0,1,-0.06,0.64,0.15,0.41,1.2,1.13,0.34782608695652173
686,401155474,49.0,49.0,0,0,-0.13,-0.04,-0.08,0.38,0.26,0.13,0.6956521739130435
9517,401155473,74.0,74.0,0,0,0.67,-1.35,-0.85,-0.07,-2.26,-1.59,0.9605263157894737
4682,401155473,42.0,42.0,0,0,-0.67,0.16,0.27,0.65,1.07,0.41,0.5394736842105263
6015,401155473,31.0,31.0,0,0,0.3,0.45,0.16,0.0,0.61,0.91,0.39473684210526316
10372,401155473,51.0,51.0,0,0,-0.16,0.26,0.27,-0.21,0.32,0.16,0.6578947368421053
5338,401155473,15.0,15.0,0,1,1.34,0.37,0.74,-0.29,0.82,2.16,0.18421052631578946
1225,401155473,27.0,27.0,0,1,0.83,0.64,-0.69,0.38,0.33,1.16,0.34210526315789475
4780,401155473,42.0,42.0,0,0,0.36,0.55,-0.39,-0.11,0.05,0.41,0.5394736842105263
1651,401155473,2.0,2.0,1,0,1.73,-0.08,1.07,0.94,1.92,3.66,0.013157894736842105
4638,401155473,59.0,59.0,0,0,-0.92,-0.38,0.5,0.71,0.83,-0.09,0.7631578947368421
9130,401155473,69.0,69.0,0,0,-0.08,-0.24,0.94,-1.21,-0.51,-0.59,0.8947368421052632
1222,401155473,42.0,42.0,0,0,0.49,0.41,-1.03,0.54,-0.08,0.41,0.5394736842105263
3599,401155473,51.0,51.0,0,0,-0.51,0.12,0.29,0.26,0.67,0.16,0.6578947368421053
4628,401155473,20.0,20.0,0,1,0.26,0.16,1.06,0.42,1.65,1.91,0.25
9243,401155473,37.0,37.0,0,0,1.4,-0.54,0.1,-0.3,-0.75,0.66,0.47368421052631576
10863,401155473,15.0,15.0,0,1,1.3,0.24,0.26,0.36,0.86,2.16,0.18421052631578946
5704,401155473,51.0,51.0,0,0,1.31,-0.94,0.42,-0.63,-1.15,0.16,0.6578947368421053
3449,401155473,51.0,51.0,0,0,-0.64,-0.43,0.46,0.77,0.79,0.16,0.6578947368421053
6017,401155473,69.0,69.0,0,0,0.26,-0.54,0.09,-0.41,-0.85,-0.59,0.8947368421052632
5167,401155473,20.0,20.0,0,1,0.8,0.35,0.74,0.02,1.11,1.91,0.25
278,401155473,51.0,51.0,0,0,-0.34,-0.28,0.4,0.38,0.5,0.16,0.6578947368421053
10054,401155473,9.0,9.0,1,0,0.95,-0.03,1.74,0.0,1.71,2.66,0.10526315789473684
11448,401155473,3.0,3.0,1,0,0.49,0.35,1.06,1.25,2.67,3.16,0.02631578947368421
5408,401155473,23.0,23.0,0,1,0.23,0.48,0.96,-0.01,1.43,1.66,0.2894736842105263
11387,401155473,42.0,42.0,0,0,-1.69,1.46,0.59,0.06,2.1,0.41,0.5394736842105263
5573,401155473,59.0,59.0,0,0,-0.11,-0.66,0.79,-0.11,0.02,-0.09,0.7631578947368421
6991,401155473,7.0,7.0,1,0,0.42,0.84,0.81,0.84,2.48,2.91,0.07894736842105263
110,401155473,31.0,31.0,0,0,-0.27,0.3,0.79,0.09,1.18,0.91,0.39473684210526316
3598,401155473,1.0,1.0,1,0,1.56,-0.19,1.46,1.07,2.35,3.91,0.0
3317,401155473,15.0,15.0,0,1,0.09,0.84,0.49,0.7,2.07,2.16,0.18421052631578946
11099,401155473,42.0,42.0,0,0,-0.41,0.03,-0.11,0.89,0.81,0.41,0.5394736842105263
5467,401155473,72.0,72.0,0,0,-1.0,0.36,0.33,-0.53,0.15,-0.84,0.9342105263157895
1568,401155473,59.0,59.0,0,0,-0.94,-0.11,0.77,0.2,0.85,-0.09,0.7631578947368421
10363,401155473,51.0,51.0,0,0,0.14,0.04,-0.16,0.14,0.02,0.16,0.6578947368421053
2552,401155473,3.0,3.0,1,0,1.24,-0.23,1.33,0.81,1.92,3.16,0.02631578947368421
4351896,401155473,37.0,37.0,0,0,-0.25,-0.71,1.11,0.51,0.9,0.66,0.47368421052631576
1059,401155473,66.0,66.0,0,0,-1.93,-0.02,0.6,1.01,1.59,-0.34,0.8552631578947368
1411,401155473,59.0,59.0,0,0,0.88,-0.91,-0.38,0.32,-0.97,-0.09,0.7631578947368421
4859,401155473,59.0,59.0,0,0,-0.23,0.5,-0.55,0.18,0.14,-0.09,0.7631578947368421
9143,401155473,15.0,15.0,0,1,0.66,0.28,1.12,0.1,1.5,2.16,0.18421052631578946
1367,401155473,37.0,37.0,0,0,0.4,0.58,0.07,-0.39,0.26,0.66,0.47368421052631576
6954,401155473,42.0,42.0,0,0,0.04,0.12,0.11,0.15,0.37,0.41,0.5394736842105263
5729,401155473,42.0,42.0,0,0,-0.39,0.82,-0.15,0.12,0.79,0.41,0.5394736842105263
1600,401155473,77.0,77.0,0,0,-0.89,-0.35,-1.48,-0.12,-1.95,-2.84,1.0
72,401155473,31.0,31.0,0,0,0.38,0.28,-0.24,0.49,0.53,0.91,0.39473684210526316
3980,401155473,51.0,51.0,0,0,1.36,-0.08,0.29,-1.42,-1.2,0.16,0.6578947368421053
5692,401155473,20.0,20.0,0,1,1.21,0.78,-0.09,0.0,0.69,1.91,0.25
5579,401155473,9.0,9.0,1,0,0.98,-0.57,1.04,1.21,1.68,2.66,0.10526315789473684
6825,401155473,66.0,66.0,0,0,0.06,0.07,-1.18,0.7,-0.41,-0.34,0.8552631578947368
1674,401155473,74.0,74.0,0,0,1.23,-0.22,-1.08,-1.52,-2.82,-1.59,0.9605263157894737
1750,401155473,25.0,25.0,0,1,0.53,-0.27,1.01,0.14,0.88,1.41,0.3157894736842105
1548,401155473,31.0,31.0,0,0,0.99,-0.78,-0.33,1.02,-0.09,0.91,0.39473684210526316
4321,401155473,37.0,37.0,0,0,1.08,-0.12,-0.39,0.09,-0.42,0.66,0.47368421052631576
5409,401155473,9.0,9.0,1,0,0.89,0.19,0.79,0.79,1.76,2.66,0.10526315789473684
4483,401155473,72.0,72.0,0,0,-1.15,-0.03,0.4,-0.07,0.31,-0.84,0.9342105263157895
1733,401155473,15.0,15.0,0,1,1.48,0.93,0.19,-0.43,0.68,2.16,0.18421052631578946
6090,401155473,31.0,31.0,0,0,1.19,-0.15,0.25,-0.38,-0.28,0.91,0.39473684210526316
4591,401155473,42.0,42.0,0,0,-0.01,0.03,-0.01,0.4,0.42,0.41,0.5394736842105263
9938,401155473,13.0,13.0,0,1,0.81,0.09,0.34,1.16,1.6,2.41,0.15789473684210525
158,401155473,66.0,66.0,0,0,-0.57,-0.45,0.09,0.59,0.23,-0.34,0.8552631578947368
11382,401155473,9.0,9.0,1,0,0.66,0.26,0.54,1.19,2.0,2.66,0.10526315789473684
7081,401155473,3.0,3.0,1,0,0.68,0.06,1.64,0.78,2.48,3.16,0.02631578947368421
4587,401155473,23.0,23.0,0,1,0.74,0.09,1.09,-0.26,0.92,1.66,0.2894736842105263
10404,401155473,74.0,74.0,0,0,-0.43,0.39,-1.44,-0.12,-1.17,-1.59,0.9605263157894737
1037,401155473,69.0,69.0,0,0,-0.22,-0.64,0.37,-0.1,-0.37,-0.59,0.8947368421052632
6001,401155473,27.0,27.0,0,1,-0.31,1.28,-0.42,0.6,1.46,1.16,0.34210526315789475
3378,401155473,42.0,42.0,0,0,0.89,0.18,0.74,-1.4,-0.48,0.41,0.5394736842105263
9569,401155473,13.0,13.0,0,1,0.7,0.33,0.42,0.96,1.71,2.41,0.15789473684210525
5539,401155473,59.0,59.0,0,0,1.21,-0.15,-1.58,0.43,-1.3,-0.09,0.7631578947368421
9513,401155473,25.0,25.0,0,1,0.04,-0.31,1.14,0.53,1.37,1.41,0.3157894736842105
6086,401155473,27.0,27.0,0,1,-0.97,1.44,0.31,0.38,2.13,1.16,0.34210526315789475
5868,401155473,51.0,51.0,0,0,0.47,-0.35,0.84,-0.8,-0.31,0.16,0.6578947368421053
3970,401155473,59.0,59.0,0,0,0.33,-0.11,-0.65,0.34,-0.42,-0.09,0.7631578947368421
4408315,401155473,37.0,37.0,0,0,1.88,-0.16,-1.88,0.82,-1.22,0.66,0.47368421052631576
10360,401155473,31.0,31.0,0,0,-0.69,0.41,0.92,0.27,1.6,0.91,0.39473684210526316
4565482,401155473,27.0,27.0,0,1,-0.43,0.16,0.43,1.0,1.59,1.16,0.34210526315789475
1614,401155473,3.0,3.0,1,0,1.32,0.23,1.24,0.36,1.83,3.16,0.02631578947368421
686,401155473,7.0,7.0,1,0,0.94,-0.06,1.65,0.38,1.96,2.91,0.07894736842105263
9261,401219481,43.0,43.0,0,0,0.24,-0.66,0.24,0.71,0.28,0.53,0.5384615384615384
5548,401219481,58.0,58.0,0,0,0.14,-0.22,-0.16,0.26,-0.11,0.03,0.7307692307692307
6015,401219481,51.0,51.0,0,0,0.3,-0.05,0.39,-0.36,-0.02,0.28,0.6410256410256411
3832,401219481,22.0,22.0,0,1,0.88,0.9,-0.31,0.07,0.65,1.53,0.2692307692307692
388,401219481,22.0,22.0,0,1,1.12,0.46,-0.21,0.16,0.41,1.53,0.2692307692307692
5285,401219481,22.0,22.0,0,1,0.99,0.48,0.91,-0.84,0.54,1.53,0.2692307692307692
5338,401219481,37.0,37.0,0,0,-0.45,1.26,0.01,-0.04,1.22,0.78,0.46153846153846156
10046,401219481,4.0,4.0,1,0,1.2,-0.33,0.33,1.83,1.83,3.03,0.038461538461538464
1225,401219481,58.0,58.0,0,0,-0.08,1.45,-0.89,-0.46,0.11,0.03,0.7307692307692307
1651,401219481,43.0,43.0,0,0,0.63,-0.61,0.66,-0.15,-0.1,0.53,0.5384615384615384
6798,401219481,29.0,29.0,0,1,0.14,-0.18,1.5,-0.18,1.14,1.28,0.358974358974359
1222,401219481,51.0,51.0,0,0,0.86,0.34,-0.71,-0.21,-0.58,0.28,0.6410256410256411
3596,401219481,22.0,22.0,0,1,0.74,-0.33,0.85,0.28,0.79,1.53,0.2692307692307692
3454,401219481,17.0,17.0,0,1,1.78,0.1,0.21,-0.06,0.25,2.03,0.20512820512820512
780,401219481,71.0,71.0,0,0,-1.02,-0.66,0.39,0.81,0.55,-0.47,0.8974358974358975
4317,401219481,43.0,43.0,0,0,-1.38,1.14,0.71,0.06,1.91,0.53,0.5384615384615384
11098,401219481,10.0,10.0,1,0,0.47,0.47,0.02,1.57,2.06,2.53,0.11538461538461539
10592,401219481,1.0,1.0,1,0,2.02,0.15,0.91,0.7,1.76,3.78,0.0
769,401219481,75.0,75.0,0,0,-0.19,-0.38,0.19,-0.59,-0.78,-0.97,0.9487179487179487
1097,401219481,58.0,58.0,0,0,-0.22,0.22,0.41,-0.38,0.25,0.03,0.7307692307692307
9131,401219481,43.0,43.0,0,0,0.22,0.14,0.47,-0.3,0.31,0.53,0.5384615384615384
9025,401219481,13.0,13.0,0,1,-0.06,0.57,0.29,1.48,2.34,2.28,0.15384615384615385
5167,401219481,33.0,33.0,0,0,-0.8,0.31,0.8,0.72,1.83,1.03,0.41025641025641024
3448,401219481,2.0,2.0,1,0,1.7,0.34,0.87,0.37,1.57,3.28,0.01282051282051282
3950,401219481,71.0,71.0,0,0,1.25,-0.51,-0.45,-0.76,-1.72,-0.47,0.8974358974358975
10054,401219481,58.0,58.0,0,0,0.29,-0.58,0.29,0.02,-0.26,0.03,0.7307692307692307
11448,401219481,29.0,29.0,0,1,1.26,-0.22,-0.18,0.42,0.02,1.28,0.358974358974359
5882,401219481,66.0,66.0,0,0,-0.66,-0.46,0.45,0.44,0.44,-0.22,0.8333333333333334
9364,401219481,51.0,51.0,0,0,-0.46,0.33,-0.27,0.68,0.74,0.28,0.6410256410256411
3550,401219481,58.0,58.0,0,0,-0.42,0.35,-0.26,0.37,0.45,0.03,0.7307692307692307
5408,401219481,19.0,19.0,0,1,1.26,0.36,0.24,-0.09,0.52,1.78,0.23076923076923078
5934,401219481,17.0,17.0,0,1,0.65,0.48,1.21,-0.31,1.38,2.03,0.20512820512820512
5860,401219481,22.0,22.0,0,1,0.35,1.29,-0.24,0.13,1.18,1.53,0.2692307692307692
6991,401219481,29.0,29.0,0,1,-0.59,0.98,0.71,0.18,1.87,1.28,0.358974358974359
619,401219481,22.0,22.0,0,1,1.17,-0.5,1.15,-0.3,0.36,1.53,0.2692307692307692
6196,401219481,10.0,10.0,1,0,1.44,0.48,0.22,0.4,1.09,2.53,0.11538461538461539
1680,401219481,4.0,4.0,1,0,0.64,0.28,1.96,0.15,2.39,3.03,0.038461538461538464
3598,401219481,77.0,77.0,0,0,-0.43,0.16,-0.4,-0.55,-0.79,-1.22,0.9743589743589743
4831,401219481,51.0,51.0,0,0,-0.11,0.08,-0.13,0.43,0.39,0.28,0.6410256410256411
10505,401219481,75.0,75.0,0,0,-0.28,-0.05,-1.23,0.59,-0.69,-0.97,0.9487179487179487
9780,401219481,13.0,13.0,0,1,-0.1,0.84,0.44,1.1,2.37,2.28,0.15384615384615385
569,401219481,9.0,9.0,1,0,1.78,0.16,1.02,-0.19,1.0,2.78,0.10256410256410256
5467,401219481,71.0,71.0,0,0,-0.55,0.14,0.03,-0.1,0.08,-0.47,0.8974358974358975
4848,401219481,37.0,37.0,0,0,-0.89,0.17,1.69,-0.19,1.66,0.78,0.46153846153846156
2552,401219481,19.0,19.0,0,1,1.28,-0.73,1.22,0.01,0.5,1.78,0.23076923076923078
10364,401219481,51.0,51.0,0,0,1.0,-0.45,-0.45,0.17,-0.73,0.28,0.6410256410256411
8906,401219481,43.0,43.0,0,0,-0.39,-0.17,0.24,0.86,0.92,0.53,0.5384615384615384
1077,401219481,58.0,58.0,0,0,0.22,0.46,-0.17,-0.48,-0.2,0.03,0.7307692307692307
5962,401219481,19.0,19.0,0,1,-0.02,0.69,1.37,-0.26,1.8,1.78,0.23076923076923078
1059,401219481,51.0,51.0,0,0,-1.87,0.41,1.36,0.38,2.15,0.28,0.6410256410256411
1293,401219481,33.0,33.0,0,0,-0.85,0.62,0.31,0.95,1.87,1.03,0.41025641025641024
9143,401219481,51.0,51.0,0,0,0.08,-0.27,0.97,-0.51,0.2,0.28,0.6410256410256411
6931,401219481,58.0,58.0,0,0,0.39,0.64,-0.08,-0.92,-0.36,0.03,0.7307692307692307
4272,401219481,43.0,43.0,0,0,0.97,-0.07,0.07,-0.44,-0.44,0.53,0.5384615384615384
10548,401219481,77.0,77.0,0,0,-0.95,-0.33,0.01,0.04,-0.27,-1.22,0.9743589743589743
4412121,401219481,4.0,4.0,1,0,-0.5,-0.13,1.84,1.82,3.53,3.03,0.038461538461538464
1600,401219481,37.0,37.0,0,0,0.44,0.31,0.5,-0.47,0.33,0.78,0.46153846153846156
6007,401219481,43.0,43.0,0,0,0.19,-0.22,0.1,0.46,0.34,0.53,0.5384615384615384
72,401219481,2.0,2.0,1,0,0.23,0.52,1.81,0.73,3.05,3.28,0.01282051282051282
308,401219481,71.0,71.0,0,0,-0.52,0.56,0.0,-0.5,0.05,-0.47,0.8974358974358975
5579,401219481,13.0,13.0,0,1,0.02,1.63,0.38,0.25,2.26,2.28,0.15384615384615385
5409,401219481,37.0,37.0,0,0,-1.06,0.41,1.78,-0.34,1.84,0.78,0.46153846153846156
11378,401219481,66.0,66.0,0,0,0.11,-0.32,-0.56,0.55,-0.33,-0.22,0.8333333333333334
3470,401219481,33.0,33.0,0,0,-0.34,-0.1,0.6,0.86,1.36,1.03,0.41025641025641024
962,401219481,43.0,43.0,0,0,-0.03,-0.11,1.19,-0.52,0.56,0.53,0.5384615384615384
377,401219481,66.0,66.0,0,0,0.07,0.04,0.51,-0.85,-0.3,-0.22,0.8333333333333334
4449,401219481,79.0,79.0,0,0,-0.9,-0.43,-0.59,-0.04,-1.07,-1.97,1.0
7081,401219481,13.0,13.0,0,1,0.09,0.61,1.01,0.56,2.18,2.28,0.15384615384615385
4587,401219481,66.0,66.0,0,0,-0.28,-0.78,0.63,0.2,0.06,-0.22,0.8333333333333334
9478,401219481,4.0,4.0,1,0,1.2,0.7,0.17,0.96,1.83,3.03,0.038461538461538464
8961,401219481,66.0,66.0,0,0,0.05,-1.05,-0.05,0.83,-0.27,-0.22,0.8333333333333334
2230,401219481,4.0,4.0,1,0,0.41,-0.05,1.9,0.77,2.62,3.03,0.038461538461538464
5539,401219481,29.0,29.0,0,1,0.73,0.46,-0.85,0.94,0.55,1.28,0.358974358974359
6086,401219481,58.0,58.0,0,0,1.19,-0.17,-1.03,0.04,-1.16,0.03,0.7307692307692307
462,401219481,37.0,37.0,0,0,-0.02,0.06,0.64,0.09,0.79,0.78,0.46153846153846156
4364873,401219481,33.0,33.0,0,0,1.22,0.27,-0.33,-0.13,-0.19,1.03,0.41025641025641024
11340,401219481,22.0,22.0,0,1,1.83,-0.47,-0.38,0.55,-0.3,1.53,0.2692307692307692
1614,401219481,37.0,37.0,0,0,0.4,0.71,-0.31,-0.02,0.38,0.78,0.46153846153846156
10140,401219481,10.0,10.0,1,0,0.78,0.6,0.0,1.16,1.75,2.53,0.11538461538461539
9261,401155467,15.0,15.0,0,1,0.65,0.17,0.15,0.34,0.66,1.3,0.18181818181818182
5548,401155467,72.0,72.0,0,0,-2.04,0.25,0.16,-0.82,-0.41,-2.45,0.922077922077922
4682,401155467,30.0,30.0,0,1,0.33,0.55,-0.02,-0.31,0.23,0.55,0.37662337662337664
5285,401155467,12.0,12.0,0,1,0.65,0.32,0.56,0.03,0.91,1.55,0.14285714285714285
10046,401155467,30.0,30.0,0,1,2.5,-0.85,-1.79,0.69,-1.94,0.55,0.37662337662337664
1651,401155467,25.0,25.0,0,1,0.85,0.7,-0.8,0.05,-0.05,0.8,0.3116883116883117
6798,401155467,2.0,2.0,1,0,-0.68,0.42,2.11,0.21,2.74,2.05,0.012987012987012988
1222,401155467,67.0,67.0,0,0,-0.93,-0.15,-0.13,-0.48,-0.77,-1.7,0.8571428571428571
3454,401155467,15.0,15.0,0,1,1.51,0.28,-0.09,-0.4,-0.21,1.3,0.18181818181818182
780,401155467,25.0,25.0,0,1,0.69,-0.18,-0.77,1.06,0.11,0.8,0.3116883116883117
4317,401155467,74.0,74.0,0,0,-0.87,-0.46,-1.29,-0.07,-1.82,-2.7,0.948051948051948
9243,401155467,20.0,20.0,0,1,0.93,-0.07,0.64,-0.44,0.12,1.05,0.24675324675324675
11098,401155467,25.0,25.0,0,1,0.78,-0.34,-0.54,0.9,0.02,0.8,0.3116883116883117
9126,401155467,30.0,30.0,0,1,-0.09,0.5,-0.6,0.75,0.65,0.55,0.37662337662337664
10592,401155467,20.0,20.0,0,1,0.13,-0.27,0.45,0.75,0.93,1.05,0.24675324675324675
6017,401155467,72.0,72.0,0,0,-1.14,-1.1,-0.39,0.18,-1.3,-2.45,0.922077922077922
769,401155467,6.0,6.0,1,0,-1.22,0.72,1.81,0.5,3.02,1.8,0.06493506493506493
9131,401155467,59.0,59.0,0,0,-0.04,-0.14,-0.25,-0.76,-1.16,-1.2,0.7532467532467533
9025,401155467,2.0,2.0,1,0,0.4,0.35,1.26,0.04,1.66,2.05,0.012987012987012988
3448,401155467,12.0,12.0,0,1,-0.1,0.54,0.57,0.55,1.65,1.55,0.14285714285714285
4304,401155467,69.0,69.0,0,0,0.1,-0.73,-1.15,-0.42,-2.3,-2.2,0.8831168831168831
9364,401155467,20.0,20.0,0,1,0.19,-0.09,0.12,0.83,0.86,1.05,0.24675324675324675
301,401155467,35.0,35.0,0,0,-0.75,0.79,0.52,-0.25,1.05,0.3,0.44155844155844154
3550,401155467,57.0,57.0,0,0,0.22,-0.77,-0.37,-0.03,-1.17,-0.95,0.7272727272727273
5934,401155467,75.0,75.0,0,0,0.12,-0.31,-2.13,-0.62,-3.06,-2.95,0.961038961038961
5860,401155467,20.0,20.0,0,1,-0.14,0.08,0.77,0.35,1.2,1.05,0.24675324675324675
576,401155467,35.0,35.0,0,0,0.09,0.19,0.48,-0.44,0.22,0.3,0.44155844155844154
619,401155467,69.0,69.0,0,0,-1.32,-0.24,0.24,-0.88,-0.87,-2.2,0.8831168831168831
6196,401155467,20.0,20.0,0,1,-0.33,-0.75,1.37,0.76,1.38,1.05,0.24675324675324675
1680,401155467,6.0,6.0,1,0,0.06,0.3,0.98,0.46,1.75,1.8,0.06493506493506493
9413,401155467,59.0,59.0,0,0,-1.92,0.24,0.11,0.38,0.72,-1.2,0.7532467532467533
3317,401155467,44.0,44.0,0,0,-0.98,-0.48,0.63,0.88,1.03,0.05,0.5584415584415584
11099,401155467,52.0,52.0,0,0,-0.48,-1.34,0.89,0.23,-0.22,-0.7,0.6623376623376623
10505,401155467,30.0,30.0,0,1,0.59,0.64,-0.45,-0.23,-0.04,0.55,0.37662337662337664
9780,401155467,52.0,52.0,0,0,0.09,-0.61,-0.64,0.47,-0.78,-0.7,0.6623376623376623
5467,401155467,30.0,30.0,0,1,0.12,0.45,0.67,-0.69,0.43,0.55,0.37662337662337664
4848,401155467,1.0,1.0,1,0,-0.47,0.78,1.92,0.58,3.27,2.8,0.0
4513,401155467,52.0,52.0,0,0,-0.74,0.14,-0.26,0.17,0.05,-0.7,0.6623376623376623
2552,401155467,25.0,25.0,0,1,2.02,-0.41,-0.37,-0.43,-1.21,0.8,0.3116883116883117
318,401155467,35.0,35.0,0,0,0.96,-0.51,0.1,-0.24,-0.65,0.3,0.44155844155844154
1077,401155467,35.0,35.0,0,0,-0.56,-0.07,0.39,0.54,0.87,0.3,0.44155844155844154
10343,401155467,49.0,49.0,0,0,0.49,-0.42,0.04,-0.55,-0.93,-0.45,0.6233766233766234
1293,401155467,6.0,6.0,1,0,0.53,0.05,0.52,0.71,1.27,1.8,0.06493506493506493
9037,401155467,6.0,6.0,1,0,2.5,0.08,-0.88,0.09,-0.7,1.8,0.06493506493506493
8973,401155467,52.0,52.0,0,0,0.36,-0.26,-0.64,-0.16,-1.06,-0.7,0.6623376623376623
6931,401155467,44.0,44.0,0,0,1.31,0.13,-0.33,-1.06,-1.26,0.05,0.5584415584415584
1367,401155467,59.0,59.0,0,0,0.66,-0.32,-2.27,0.74,-1.85,-1.2,0.7532467532467533
257,401155467,25.0,25.0,0,1,1.16,-0.21,0.26,-0.41,-0.35,0.8,0.3116883116883117
3351,401155467,52.0,52.0,0,0,0.32,-0.07,-0.69,-0.25,-1.01,-0.7,0.6623376623376623
3688,401155467,57.0,57.0,0,0,-0.99,0.24,0.63,-0.81,0.05,-0.95,0.7272727272727273
10548,401155467,59.0,59.0,0,0,-0.84,0.69,-0.22,-0.82,-0.35,-1.2,0.7532467532467533
4412121,401155467,49.0,49.0,0,0,-0.02,-0.69,0.48,-0.22,-0.43,-0.45,0.6233766233766234
3792,401155467,35.0,35.0,0,0,-0.97,0.24,0.56,0.48,1.27,0.3,0.44155844155844154
6007,401155467,35.0,35.0,0,0,-0.34,-0.01,0.67,-0.01,0.65,0.3,0.44155844155844154
72,401155467,67.0,67.0,0,0,-1.11,-0.93,0.22,0.13,-0.58,-1.7,0.8571428571428571
308,401155467,2.0,2.0,1,0,0.98,0.02,0.45,0.6,1.07,2.05,0.012987012987012988
5579,401155467,47.0,47.0,0,0,0.13,0.13,-0.5,0.04,-0.33,-0.2,0.5974025974025974
4321,401155467,78.0,78.0,0,0,-1.68,-0.72,-0.72,-1.09,-2.52,-4.2,1.0
3702,401155467,15.0,15.0,0,1,0.11,0.7,0.47,0.02,1.2,1.3,0.18181818181818182
11378,401155467,59.0,59.0,0,0,-0.07,0.13,-1.09,-0.16,-1.12,-1.2,0.7532467532467533
3470,401155467,47.0,47.0,0,0,-0.39,-0.07,-0.54,0.81,0.2,-0.2,0.5974025974025974
962,401155467,15.0,15.0,0,1,-1.11,0.63,1.23,0.55,2.41,1.3,0.18181818181818182
158,401155467,35.0,35.0,0,0,-0.3,0.12,-0.49,0.98,0.61,0.3,0.44155844155844154
11382,401155467,35.0,35.0,0,0,2.0,-0.2,-1.35,-0.15,-1.7,0.3,0.44155844155844154
4449,401155467,44.0,44.0,0,0,-0.21,0.04,0.75,-0.54,0.26,0.05,0.5584415584415584
4587,401155467,6.0,6.0,1,0,0.0,0.98,0.59,0.24,1.81,1.8,0.06493506493506493
5057,401155467,75.0,75.0,0,0,0.77,-1.54,-0.51,-1.67,-3.72,-2.95,0.961038961038961
9478,401155467,15.0,15.0,0,1,-0.77,0.65,1.05,0.38,2.08,1.3,0.18181818181818182
9569,401155467,49.0,49.0,0,0,-0.69,0.22,0.09,-0.06,0.25,-0.45,0.6233766233766234
2230,401155467,65.0,65.0,0,0,0.21,0.18,-1.89,0.05,-1.65,-1.45,0.8311688311688312
5539,401155467,35.0,35.0,0,0,0.06,0.35,0.71,-0.82,0.24,0.3,0.44155844155844154
5553,401155467,69.0,69.0,0,0,-0.92,-0.15,-0.42,-0.7,-1.27,-2.2,0.8831168831168831
5868,401155467,2.0,2.0,1,0,0.6,-0.44,1.31,0.59,1.46,2.05,0.012987012987012988
4364873,401155467,59.0,59.0,0,0,-1.22,-0.14,0.38,-0.22,0.02,-1.2,0.7532467532467533
11340,401155467,65.0,65.0,0,0,-0.22,-0.16,-1.14,0.07,-1.23,-1.45,0.8311688311688312
1614,401155467,12.0,12.0,0,1,0.1,0.47,1.04,-0.05,1.45,1.55,0.14285714285714285
10140,401155467,6.0,6.0,1,0,0.86,1.57,-1.39,0.76,0.94,1.8,0.06493506493506493
824,401155472,53.0,53.0,0,0,0.46,0.75,-0.78,-0.12,-0.15,0.3,0.7761194029850746
16,401155472,23.0,23.0,0,1,1.71,0.0,0.54,-0.69,-0.16,1.55,0.3283582089552239
512,401155472,46.0,46.0,0,0,0.49,0.89,-0.61,-0.21,0.07,0.55,0.6716417910447762
9517,401155472,56.0,56.0,0,0,-1.2,0.05,0.85,0.35,1.25,0.05,0.8208955223880597
6015,401155472,2.0,2.0,1,0,0.74,0.15,1.11,0.8,2.06,2.8,0.014925373134328358
3832,401155472,3.0,3.0,1,0,1.71,-0.01,0.4,0.44,0.84,2.55,0.029850746268656716
10372,401155472,41.0,41.0,0,0,-0.19,-0.01,0.49,0.51,0.99,0.8,0.5970149253731343
1626,401155472,41.0,41.0,0,0,0.38,-0.02,0.15,0.29,0.42,0.8,0.5970149253731343
2283,401155472,26.0,26.0,0,1,-0.42,0.5,0.8,0.43,1.72,1.3,0.373134328358209
774,401155472,58.0,58.0,0,0,-0.96,0.2,0.12,0.45,0.77,-0.2,0.8507462686567164
9584,401155472,46.0,46.0,0,0,0.41,0.63,-0.53,0.04,0.15,0.55,0.6716417910447762
1225,401155472,41.0,41.0,0,0,1.26,0.56,-1.29,0.28,-0.45,0.8,0.5970149253731343
4780,401155472,12.0,12.0,0,1,1.04,-0.01,0.45,0.57,1.02,2.05,0.16417910447761194
712,401155472,65.0,65.0,0,0,-0.49,0.16,-1.33,-0.28,-1.45,-1.95,0.9552238805970149
4317,401155472,26.0,26.0,0,1,1.38,0.24,0.34,-0.66,-0.07,1.3,0.373134328358209
4628,401155472,41.0,41.0,0,0,-0.4,-0.64,1.62,0.23,1.21,0.8,0.5970149253731343
10863,401155472,12.0,12.0,0,1,0.48,-0.18,1.19,0.55,1.57,2.05,0.16417910447761194
208,401155472,3.0,3.0,1,0,1.12,0.29,0.14,1.0,1.43,2.55,0.029850746268656716
3449,401155472,41.0,41.0,0,0,0.18,0.07,0.11,0.44,0.62,0.8,0.5970149253731343
10714,401155472,26.0,26.0,0,1,0.86,0.63,-0.28,0.1,0.44,1.3,0.373134328358209
1097,401155472,3.0,3.0,1,0,0.99,0.59,0.02,0.95,1.56,2.55,0.029850746268656716
4645,401155472,3.0,3.0,1,0,1.36,-0.27,1.13,0.34,1.2,2.55,0.029850746268656716
5167,401155472,18.0,18.0,0,1,-0.24,0.53,0.57,0.94,2.04,1.8,0.2537313432835821
11456,401155472,18.0,18.0,0,1,0.53,0.56,0.04,0.68,1.28,1.8,0.2537313432835821
3950,401155472,26.0,26.0,0,1,0.29,0.19,0.64,0.18,1.01,1.3,0.373134328358209
10054,401155472,32.0,32.0,0,0,0.63,0.08,0.44,-0.1,0.42,1.05,0.4626865671641791
5882,401155472,3.0,3.0,1,0,0.44,0.44,0.64,1.03,2.11,2.55,0.029850746268656716
808,401155472,64.0,64.0,0,0,-0.21,1.39,-1.67,-1.21,-1.49,-1.7,0.9402985074626866
5408,401155472,18.0,18.0,0,1,1.16,0.13,0.31,0.2,0.65,1.8,0.2537313432835821
11387,401155472,26.0,26.0,0,1,-0.51,0.43,1.91,-0.53,1.81,1.3,0.373134328358209
5573,401155472,23.0,23.0,0,1,-0.31,-0.11,1.46,0.52,1.86,1.55,0.3283582089552239
110,401155472,32.0,32.0,0,0,-0.67,0.18,1.57,-0.03,1.72,1.05,0.4626865671641791
1422,401155472,58.0,58.0,0,0,-0.07,0.08,0.19,-0.4,-0.13,-0.2,0.8507462686567164
1568,401155472,56.0,56.0,0,0,-0.18,-0.68,0.94,-0.03,0.23,0.05,0.8208955223880597
77,401155472,61.0,61.0,0,0,0.36,-0.36,0.09,-0.53,-0.8,-0.45,0.8955223880597015
10363,401155472,58.0,58.0,0,0,-0.85,-0.94,0.45,1.13,0.65,-0.2,0.8507462686567164
7083,401155472,66.0,66.0,0,0,0.03,0.14,-2.69,0.33,-2.23,-2.2,0.9701492537313433
1778,401155472,32.0,32.0,0,0,-0.59,0.0,0.63,1.01,1.64,1.05,0.4626865671641791
1059,401155472,32.0,32.0,0,0,0.2,0.39,0.42,0.04,0.85,1.05,0.4626865671641791
1411,401155472,68.0,68.0,0,0,-0.64,-0.32,-1.94,-1.29,-3.55,-4.2,1.0
10065,401155472,46.0,46.0,0,0,1.1,0.04,-0.01,-0.58,-0.54,0.55,0.6716417910447762
4859,401155472,26.0,26.0,0,1,0.15,0.27,1.08,-0.19,1.16,1.3,0.373134328358209
8973,401155472,3.0,3.0,1,0,0.38,0.64,1.3,0.23,2.17,2.55,0.029850746268656716
5729,401155472,32.0,32.0,0,0,-1.7,0.01,2.05,0.7,2.76,1.05,0.4626865671641791
3688,401155472,1.0,1.0,1,0,1.82,-0.26,1.86,-0.11,1.48,3.3,0.0
4412121,401155472,12.0,12.0,0,1,1.29,-0.25,0.93,0.08,0.76,2.05,0.16417910447761194
1042,401155472,12.0,12.0,0,1,0.82,0.1,1.37,-0.23,1.24,2.05,0.16417910447761194
3980,401155472,46.0,46.0,0,0,0.25,-0.53,0.58,0.25,0.3,0.55,0.6716417910447762
707,401155472,23.0,23.0,0,1,0.23,0.65,0.29,0.38,1.32,1.55,0.3283582089552239
6825,401155472,32.0,32.0,0,0,0.55,0.01,-0.01,0.5,0.5,1.05,0.4626865671641791
1674,401155472,62.0,62.0,0,0,-0.17,-0.06,-0.49,0.03,-0.52,-0.7,0.9104477611940298
4321,401155472,32.0,32.0,0,0,-0.22,-0.14,0.84,0.57,1.28,1.05,0.4626865671641791
1254,401155472,53.0,53.0,0,0,0.1,-0.68,0.83,0.05,0.2,0.3,0.7761194029850746
809,401155472,12.0,12.0,0,1,-0.03,-0.29,1.83,0.55,2.09,2.05,0.16417910447761194
9531,401155472,3.0,3.0,1,0,-0.1,0.1,1.42,1.13,2.66,2.55,0.029850746268656716
9804,401155472,3.0,3.0,1,0,1.75,-0.1,0.95,-0.04,0.81,2.55,0.029850746268656716
9938,401155472,32.0,32.0,0,0,-0.16,-0.38,0.59,1.01,1.22,1.05,0.4626865671641791
78,401155472,46.0,46.0,0,0,-0.65,-0.26,0.89,0.58,1.21,0.55,0.6716417910447762
7081,401155472,46.0,46.0,0,0,-0.05,0.28,0.5,-0.18,0.6,0.55,0.6716417910447762
3378,401155472,62.0,62.0,0,0,-0.53,-0.38,0.53,-0.31,-0.16,-0.7,0.9104477611940298
8961,401155472,18.0,18.0,0,1,0.7,-1.48,1.27,1.31,1.1,1.8,0.2537313432835821
2230,401155472,3.0,3.0,1,0,0.18,-0.41,2.43,0.35,2.37,2.55,0.029850746268656716
1798,401155472,67.0,67.0,0,0,-1.47,0.07,-1.28,0.23,-0.97,-2.45,0.9850746268656716
9513,401155472,18.0,18.0,0,1,0.93,-0.06,1.24,-0.3,0.88,1.8,0.2537313432835821
6086,401155472,46.0,46.0,0,0,-1.17,-0.28,1.37,0.63,1.73,0.55,0.6716417910447762
5868,401155472,32.0,32.0,0,0,-0.21,0.24,0.16,0.87,1.27,1.05,0.4626865671641791
1157,401155472,53.0,53.0,0,0,0.64,-0.17,-0.02,-0.14,-0.34,0.3,0.7761194029850746
4479,401155472,12.0,12.0,0,1,1.11,0.63,-0.78,1.1,0.95,2.05,0.16417910447761194
824,401155460,45.0,45.0,0,0,-0.11,0.5,0.12,0.02,0.64,0.53,0.6376811594202898
9517,401155460,39.0,39.0,0,0,0.52,-0.23,-0.07,0.56,0.26,0.78,0.5507246376811594
5548,401155460,4.0,4.0,1,0,0.66,0.46,0.7,0.21,1.37,2.03,0.043478260869565216
10372,401155460,30.0,30.0,0,1,-0.01,0.02,0.16,0.86,1.04,1.03,0.42028985507246375
10046,401155460,1.0,1.0,1,0,1.96,0.27,-0.12,1.67,1.82,3.78,0.0
9584,401155460,39.0,39.0,0,0,1.2,0.44,-1.19,0.32,-0.42,0.78,0.5507246376811594
3599,401155460,30.0,30.0,0,1,0.53,0.4,0.9,-0.8,0.49,1.03,0.42028985507246375
3454,401155460,57.0,57.0,0,0,0.55,-0.32,0.13,-0.33,-0.52,0.03,0.8115942028985508
712,401155460,68.0,68.0,0,0,-0.53,0.2,-1.1,0.21,-0.69,-1.22,0.9710144927536232
4628,401155460,45.0,45.0,0,0,0.16,-0.54,0.82,0.09,0.37,0.53,0.6376811594202898
11098,401155460,12.0,12.0,0,1,0.25,-0.1,-0.05,1.42,1.28,1.53,0.15942028985507245
3449,401155460,21.0,21.0,0,1,0.73,1.33,-0.84,0.07,0.55,1.28,0.2898550724637681
1352,401155460,30.0,30.0,0,1,1.24,-0.47,0.61,-0.34,-0.21,1.03,0.42028985507246375
4645,401155460,30.0,30.0,0,1,-0.18,0.99,0.75,-0.53,1.21,1.03,0.42028985507246375
11448,401155460,21.0,21.0,0,1,0.86,-0.08,0.6,-0.11,0.42,1.28,0.2898550724637681
4304,401155460,4.0,4.0,1,0,0.42,0.4,0.75,0.46,1.6,2.03,0.043478260869565216
5882,401155460,39.0,39.0,0,0,-0.09,0.24,0.22,0.41,0.87,0.78,0.5507246376811594
3375,401155460,30.0,30.0,0,1,1.05,-0.12,0.51,-0.41,-0.02,1.03,0.42028985507246375
808,401155460,39.0,39.0,0,0,0.54,-0.14,0.55,-0.17,0.24,0.78,0.5507246376811594
4844,401155460,70.0,70.0,0,0,-1.68,-1.32,0.23,0.31,-0.79,-2.47,1.0
5860,401155460,21.0,21.0,0,1,-0.58,-0.09,1.25,0.7,1.86,1.28,0.2898550724637681
5573,401155460,12.0,12.0,0,1,-0.61,-0.5,2.07,0.57,2.14,1.53,0.15942028985507245
5504,401155460,30.0,30.0,0,1,-0.39,0.44,1.44,-0.46,1.42,1.03,0.42028985507246375
6991,401155460,30.0,30.0,0,1,-0.53,0.29,0.57,0.7,1.56,1.03,0.42028985507246375
508,401155460,12.0,12.0,0,1,0.77,0.74,0.29,-0.27,0.75,1.53,0.15942028985507245
2883,401155460,66.0,66.0,0,0,-0.34,0.11,0.24,-0.74,-0.38,-0.72,0.9420289855072463
10166,401155460,30.0,30.0,0,1,0.2,0.16,0.88,-0.22,0.83,1.03,0.42028985507246375
1568,401155460,62.0,62.0,0,0,-0.34,0.16,-0.06,0.01,0.11,-0.22,0.8840579710144928
1265,401155460,57.0,57.0,0,0,0.19,-0.38,0.35,-0.13,-0.17,0.03,0.8115942028985508
4513,401155460,45.0,45.0,0,0,-0.29,0.4,0.5,-0.08,0.82,0.53,0.6376811594202898
3857,401155460,62.0,62.0,0,0,0.0,-0.53,-0.42,0.74,-0.22,-0.22,0.8840579710144928
2552,401155460,3.0,3.0,1,0,1.14,-0.09,1.06,0.41,1.38,2.53,0.028985507246376812
7083,401155460,45.0,45.0,0,0,-1.02,0.59,1.48,-0.52,1.55,0.53,0.6376811594202898
4351896,401155460,21.0,21.0,0,1,0.34,0.11,-0.19,1.02,0.94,1.28,0.2898550724637681
601,401155460,53.0,53.0,0,0,0.06,1.22,-0.16,-0.84,0.22,0.28,0.7536231884057971
676,401155460,21.0,21.0,0,1,-0.32,-0.73,1.25,1.08,1.6,1.28,0.2898550724637681
5962,401155460,21.0,21.0,0,1,0.56,-0.44,0.43,0.72,0.72,1.28,0.2898550724637681
1059,401155460,21.0,21.0,0,1,0.27,-0.01,0.37,0.65,1.01,1.28,0.2898550724637681
6648,401155460,64.0,64.0,0,0,0.43,-0.25,-0.4,-0.25,-0.9,-0.47,0.9130434782608695
10065,401155460,45.0,45.0,0,0,0.99,0.3,-0.2,-0.57,-0.46,0.53,0.6376811594202898
9143,401155460,12.0,12.0,0,1,1.09,-0.29,0.57,0.16,0.44,1.53,0.15942028985507245
9530,401155460,8.0,8.0,1,0,1.61,0.45,0.37,-0.66,0.16,1.78,0.10144927536231885
3688,401155460,64.0,64.0,0,0,-0.28,-0.22,-0.08,0.1,-0.19,-0.47,0.9130434782608695
10548,401155460,12.0,12.0,0,1,0.7,0.2,0.46,0.17,0.83,1.53,0.15942028985507245
4412121,401155460,2.0,2.0,1,0,1.52,0.1,0.74,0.68,1.51,3.03,0.014492753623188406
707,401155460,45.0,45.0,0,0,1.33,-0.04,-0.23,-0.53,-0.8,0.53,0.6376811594202898
6825,401155460,45.0,45.0,0,0,1.14,-0.66,-0.11,0.16,-0.61,0.53,0.6376811594202898
1750,401155460,4.0,4.0,1,0,0.36,0.69,1.32,-0.33,1.67,2.03,0.043478260869565216
3702,401155460,12.0,12.0,0,1,0.31,0.12,0.65,0.45,1.22,1.53,0.15942028985507245
3948,401155460,45.0,45.0,0,0,0.68,0.89,-0.27,-0.77,-0.15,0.53,0.6376811594202898
9804,401155460,21.0,21.0,0,1,0.58,0.02,-0.15,0.83,0.7,1.28,0.2898550724637681
9938,401155460,30.0,30.0,0,1,0.88,0.31,-0.02,-0.13,0.15,1.03,0.42028985507246375
1210,401155460,39.0,39.0,0,0,1.65,-0.39,-0.94,0.45,-0.87,0.78,0.5507246376811594
11382,401155460,53.0,53.0,0,0,0.41,0.43,-0.47,-0.09,-0.13,0.28,0.7536231884057971
7081,401155460,57.0,57.0,0,0,0.82,-0.31,-0.05,-0.44,-0.8,0.03,0.8115942028985508
4267,401155460,57.0,57.0,0,0,-0.54,0.36,0.65,-0.44,0.57,0.03,0.8115942028985508
6001,401155460,12.0,12.0,0,1,0.42,0.28,-0.36,1.19,1.11,1.53,0.15942028985507245
3378,401155460,39.0,39.0,0,0,0.71,-0.02,-0.12,0.21,0.06,0.78,0.5507246376811594
8961,401155460,8.0,8.0,1,0,0.6,0.22,0.41,0.55,1.18,1.78,0.10144927536231885
412,401155460,67.0,67.0,0,0,-0.52,0.24,0.02,-0.71,-0.45,-0.97,0.9565217391304348
9569,401155460,53.0,53.0,0,0,0.29,0.33,-0.64,0.3,-0.01,0.28,0.7536231884057971
2230,401155460,53.0,53.0,0,0,-0.18,0.04,0.32,0.1,0.46,0.28,0.7536231884057971
5553,401155460,4.0,4.0,1,0,1.48,0.37,0.47,-0.3,0.55,2.03,0.043478260869565216
5868,401155460,12.0,12.0,0,1,1.58,0.0,-0.72,0.68,-0.05,1.53,0.15942028985507245
3970,401155460,8.0,8.0,1,0,1.33,0.59,-0.89,0.75,0.45,1.78,0.10144927536231885
4364873,401155460,12.0,12.0,0,1,-0.88,0.41,1.37,0.63,2.41,1.53,0.15942028985507245
10360,401155460,21.0,21.0,0,1,0.8,-0.82,1.24,0.05,0.48,1.28,0.2898550724637681
1614,401155460,8.0,8.0,1,0,0.34,-0.19,1.16,0.48,1.44,1.78,0.10144927536231885
9040,401155460,57.0,57.0,0,0,0.61,-0.11,0.14,-0.61,-0.58,0.03,0.8115942028985508
4708,401155460,68.0,68.0,0,0,-0.12,-0.04,-1.19,0.13,-1.1,-1.22,0.9710144927536232
9261,401219498,2.0,2.0,1,0,-0.22,-0.37,2.96,0.83,3.41,3.19,0.0136986301369863
5548,401219498,41.0,41.0,0,0,0.67,-0.12,0.2,-0.06,0.02,0.69,0.547945205479452
4682,401219498,33.0,33.0,0,0,0.61,0.59,-0.59,0.34,0.34,0.94,0.4383561643835616
3832,401219498,21.0,21.0,0,1,1.32,0.86,-0.34,-0.4,0.12,1.44,0.273972602739726
10046,401219498,8.0,8.0,1,0,0.26,-0.48,1.47,0.94,1.94,2.19,0.0958904109589041
2283,401219498,17.0,17.0,0,1,-0.05,0.03,1.41,0.31,1.75,1.69,0.2191780821917808
4383,401219498,61.0,61.0,0,0,0.78,0.25,0.05,-1.39,-1.09,-0.31,0.821917808219178
774,401219498,48.0,48.0,0,0,0.51,1.07,-0.54,-0.6,-0.07,0.44,0.6438356164383562
1225,401219498,28.0,28.0,0,1,0.62,0.51,0.42,-0.36,0.58,1.19,0.3698630136986301
6798,401219498,7.0,7.0,1,0,0.94,-0.23,0.0,1.73,1.5,2.44,0.0821917808219178
261,401219498,58.0,58.0,0,0,0.79,0.66,-0.76,-0.74,-0.85,-0.06,0.7808219178082192
3599,401219498,52.0,52.0,0,0,0.66,-0.42,-0.03,-0.02,-0.47,0.19,0.6986301369863014
780,401219498,52.0,52.0,0,0,-0.18,-0.69,0.67,0.4,0.38,0.19,0.6986301369863014
9243,401219498,28.0,28.0,0,1,1.05,0.43,0.18,-0.46,0.15,1.19,0.3698630136986301
9126,401219498,21.0,21.0,0,1,-0.16,0.01,0.85,0.75,1.6,1.44,0.273972602739726
5704,401219498,58.0,58.0,0,0,-0.34,-0.91,0.65,0.54,0.28,-0.06,0.7808219178082192
10592,401219498,64.0,64.0,0,0,-0.62,-0.37,-0.24,0.42,-0.18,-0.81,0.863013698630137
5532,401219498,33.0,33.0,0,0,1.06,0.24,0.22,-0.57,-0.11,0.94,0.4383561643835616
6017,401219498,52.0,52.0,0,0,-0.59,0.17,0.46,0.16,0.79,0.19,0.6986301369863014
769,401219498,74.0,74.0,0,0,-0.78,0.23,-0.57,-0.43,-0.77,-1.56,1.0
1097,401219498,41.0,41.0,0,0,0.13,0.64,0.3,-0.37,0.57,0.69,0.547945205479452
1352,401219498,28.0,28.0,0,1,0.72,0.74,0.32,-0.58,0.48,1.19,0.3698630136986301
9025,401219498,3.0,3.0,1,0,1.32,0.81,0.52,0.3,1.63,2.94,0.0273972602739726
5167,401219498,8.0,8.0,1,0,0.98,0.56,0.48,0.18,1.22,2.19,0.0958904109589041
3448,401219498,17.0,17.0,0,1,-0.04,-0.39,0.79,1.35,1.74,1.69,0.2191780821917808
3950,401219498,70.0,70.0,0,0,-0.8,-0.78,0.06,0.21,-0.51,-1.31,0.9452054794520548
11448,401219498,21.0,21.0,0,1,-0.12,-0.93,1.95,0.54,1.56,1.44,0.273972602739726
123,401219498,48.0,48.0,0,0,0.85,-0.61,0.48,-0.27,-0.4,0.44,0.6438356164383562
9364,401219498,21.0,21.0,0,1,0.1,0.29,0.02,1.04,1.35,1.44,0.273972602739726
3550,401219498,62.0,62.0,0,0,0.5,-0.54,0.69,-1.21,-1.06,-0.56,0.8356164383561644
5408,401219498,17.0,17.0,0,1,0.66,0.11,0.94,-0.02,1.03,1.69,0.2191780821917808
4844,401219498,52.0,52.0,0,0,1.03,-0.16,-1.31,0.64,-0.84,0.19,0.6986301369863014
619,401219498,14.0,14.0,0,1,0.75,0.77,0.48,-0.06,1.2,1.94,0.1780821917808219
6196,401219498,48.0,48.0,0,0,-0.06,-0.92,0.95,0.47,0.5,0.44,0.6438356164383562
110,401219498,41.0,41.0,0,0,-0.03,-0.11,0.8,0.03,0.73,0.69,0.547945205479452
3598,401219498,33.0,33.0,0,0,0.68,0.19,-0.53,0.61,0.27,0.94,0.4383561643835616
11099,401219498,5.0,5.0,1,0,-0.1,0.29,1.84,0.67,2.8,2.69,0.0547945205479452
10505,401219498,8.0,8.0,1,0,1.19,1.8,-0.98,0.19,1.0,2.19,0.0958904109589041
9780,401219498,33.0,33.0,0,0,0.23,-0.27,0.23,0.76,0.72,0.94,0.4383561643835616
569,401219498,14.0,14.0,0,1,-0.24,0.59,0.86,0.74,2.18,1.94,0.1780821917808219
5467,401219498,68.0,68.0,0,0,-0.42,-0.49,0.07,-0.22,-0.64,-1.06,0.9178082191780822
4848,401219498,8.0,8.0,1,0,0.71,0.32,0.98,0.18,1.48,2.19,0.0958904109589041
1030,401219498,17.0,17.0,0,1,0.78,0.49,0.33,0.09,0.92,1.69,0.2191780821917808
676,401219498,21.0,21.0,0,1,0.38,-0.11,0.76,0.42,1.07,1.44,0.273972602739726
9037,401219498,14.0,14.0,0,1,1.48,-0.91,0.67,0.7,0.46,1.94,0.1780821917808219
8973,401219498,41.0,41.0,0,0,-0.89,-0.71,1.54,0.75,1.59,0.69,0.547945205479452
9143,401219498,33.0,33.0,0,0,1.11,-0.22,-0.05,0.11,-0.16,0.94,0.4383561643835616
6931,401219498,70.0,70.0,0,0,0.28,-0.71,-0.74,-0.14,-1.59,-1.31,0.9452054794520548
1367,401219498,52.0,52.0,0,0,0.05,-0.24,-0.33,0.72,0.14,0.19,0.6986301369863014
257,401219498,41.0,41.0,0,0,0.5,0.05,0.09,0.06,0.19,0.69,0.547945205479452
9530,401219498,58.0,58.0,0,0,0.96,-0.41,-1.07,0.46,-1.01,-0.06,0.7808219178082192
6954,401219498,33.0,33.0,0,0,-0.56,0.0,1.53,-0.02,1.5,0.94,0.4383561643835616
3688,401219498,8.0,8.0,1,0,1.0,0.03,1.0,0.17,1.2,2.19,0.0958904109589041
10548,401219498,64.0,64.0,0,0,-0.36,0.21,-1.62,0.97,-0.45,-0.81,0.863013698630137
5692,401219498,70.0,70.0,0,0,0.06,-0.63,0.27,-1.0,-1.37,-1.31,0.9452054794520548
1750,401219498,74.0,74.0,0,0,0.19,-0.55,-0.79,-0.41,-1.75,-1.56,1.0
3470,401219498,41.0,41.0,0,0,-0.22,0.11,0.25,0.56,0.91,0.69,0.547945205479452
962,401219498,8.0,8.0,1,0,0.2,0.67,0.78,0.55,1.99,2.19,0.0958904109589041
377,401219498,21.0,21.0,0,1,0.39,0.66,0.21,0.19,1.05,1.44,0.273972602739726
78,401219498,62.0,62.0,0,0,-1.27,0.0,0.47,0.24,0.72,-0.56,0.8356164383561644
158,401219498,5.0,5.0,1,0,-0.77,0.61,2.47,0.39,3.47,2.69,0.0547945205479452
10404,401219498,28.0,28.0,0,1,0.02,0.92,0.05,0.2,1.17,1.19,0.3698630136986301
7001,401219498,41.0,41.0,0,0,0.17,0.29,0.02,0.21,0.52,0.69,0.547945205479452
3378,401219498,48.0,48.0,0,0,-0.09,0.36,0.68,-0.5,0.54,0.44,0.6438356164383562
8961,401219498,33.0,33.0,0,0,0.0,0.14,0.92,-0.12,0.94,0.94,0.4383561643835616
9569,401219498,28.0,28.0,0,1,0.26,0.04,0.51,0.38,0.93,1.19,0.3698630136986301
2230,401219498,33.0,33.0,0,0,-0.27,1.01,-0.22,0.42,1.21,0.94,0.4383561643835616
5553,401219498,3.0,3.0,1,0,2.31,-0.03,0.75,-0.09,0.63,2.94,0.0273972602739726
3970,401219498,70.0,70.0,0,0,0.26,-0.16,-0.36,-1.04,-1.56,-1.31,0.9452054794520548
4364873,401219498,21.0,21.0,0,1,-0.07,-0.29,0.98,0.82,1.51,1.44,0.273972602739726
1185,401219498,52.0,52.0,0,0,0.1,0.12,-0.43,0.4,0.09,0.19,0.6986301369863014
10360,401219498,68.0,68.0,0,0,-1.27,0.18,0.63,-0.6,0.21,-1.06,0.9178082191780822
11119,401219498,64.0,64.0,0,0,0.14,0.27,-1.3,0.09,-0.94,-0.81,0.863013698630137
1614,401219498,1.0,1.0,1,0,1.65,0.15,1.42,0.22,1.79,3.44,0.0
10140,401219498,64.0,64.0,0,0,-0.08,-0.29,-0.58,0.15,-0.73,-0.81,0.863013698630137
9261,401155459,14.0,14.0,0,1,0.27,-0.33,1.17,0.82,1.66,1.94,0.19696969696969696
5548,401155459,43.0,43.0,0,0,0.42,-0.66,0.66,0.02,0.02,0.44,0.6363636363636364
4682,401155459,49.0,49.0,0,0,-0.17,0.8,-0.32,-0.12,0.36,0.19,0.7272727272727273
3832,401155459,60.0,60.0,0,0,-0.25,-0.18,-0.51,0.13,-0.57,-0.81,0.8939393939393939
10372,401155459,43.0,43.0,0,0,0.06,-0.02,-0.18,0.57,0.38,0.44,0.6363636363636364
5285,401155459,60.0,60.0,0,0,-0.83,-0.01,-0.21,0.24,0.02,-0.81,0.8939393939393939
1626,401155459,38.0,38.0,0,0,-0.04,0.47,0.6,-0.34,0.73,0.69,0.5606060606060606
5338,401155459,29.0,29.0,0,1,0.01,1.06,-0.29,0.4,1.18,1.19,0.42424242424242425
10046,401155459,3.0,3.0,1,0,0.29,-0.37,1.19,1.83,2.65,2.94,0.030303030303030304
4383,401155459,19.0,19.0,0,1,0.88,0.55,0.84,-0.58,0.8,1.69,0.2727272727272727
1225,401155459,23.0,23.0,0,1,0.55,0.92,0.96,-0.99,0.89,1.44,0.3333333333333333
1651,401155459,38.0,38.0,0,0,-0.08,0.45,-0.56,0.87,0.76,0.69,0.5606060606060606
6798,401155459,32.0,32.0,0,0,1.18,0.67,-1.23,0.31,-0.24,0.94,0.4696969696969697
3599,401155459,43.0,43.0,0,0,-0.05,1.25,0.08,-0.85,0.48,0.44,0.6363636363636364
780,401155459,7.0,7.0,1,0,1.23,0.19,0.63,0.63,1.45,2.69,0.09090909090909091
11098,401155459,14.0,14.0,0,1,0.71,-0.2,0.75,0.68,1.23,1.94,0.19696969696969696
9126,401155459,19.0,19.0,0,1,0.57,-0.12,0.91,0.32,1.11,1.69,0.2727272727272727
5704,401155459,23.0,23.0,0,1,0.54,-0.48,1.02,0.36,0.9,1.44,0.3333333333333333
208,401155459,49.0,49.0,0,0,0.55,-0.09,0.32,-0.59,-0.37,0.19,0.7272727272727273
3449,401155459,60.0,60.0,0,0,-1.01,0.48,-0.15,-0.14,0.2,-0.81,0.8939393939393939
10592,401155459,2.0,2.0,1,0,0.84,0.42,1.58,0.35,2.35,3.19,0.015151515151515152
9025,401155459,1.0,1.0,1,0,1.29,0.25,1.36,0.28,1.9,3.19,0.0
10054,401155459,66.0,66.0,0,0,0.84,0.01,-1.21,-0.95,-2.15,-1.31,0.9848484848484849
11448,401155459,58.0,58.0,0,0,-0.71,-0.48,1.18,-0.55,0.15,-0.56,0.8636363636363636
3550,401155459,9.0,9.0,1,0,0.89,-0.11,2.2,-0.54,1.55,2.44,0.12121212121212122
4844,401155459,38.0,38.0,0,0,0.53,0.7,-0.04,-0.5,0.16,0.69,0.5606060606060606
6991,401155459,19.0,19.0,0,1,-0.09,-0.3,1.43,0.71,1.78,1.69,0.2727272727272727
619,401155459,29.0,29.0,0,1,0.83,0.32,0.16,-0.13,0.36,1.19,0.42424242424242425
6196,401155459,19.0,19.0,0,1,0.54,-0.35,1.31,0.19,1.15,1.69,0.2727272727272727
110,401155459,67.0,67.0,0,0,-1.16,0.51,-1.17,0.0,-0.66,-1.81,1.0
153,401155459,49.0,49.0,0,0,0.69,-0.15,-0.28,-0.06,-0.5,0.19,0.7272727272727273
3317,401155459,3.0,3.0,1,0,1.29,0.39,0.41,0.85,1.64,2.94,0.030303030303030304
11099,401155459,32.0,32.0,0,0,0.58,-0.35,0.6,0.1,0.35,0.94,0.4696969696969697
10505,401155459,10.0,10.0,1,0,0.92,0.64,-0.24,0.87,1.27,2.19,0.13636363636363635
569,401155459,3.0,3.0,1,0,1.34,0.36,0.62,0.61,1.59,2.94,0.030303030303030304
5467,401155459,10.0,10.0,1,0,2.15,0.0,-0.35,0.38,0.04,2.19,0.13636363636363635
4848,401155459,10.0,10.0,1,0,0.32,0.51,1.75,-0.4,1.86,2.19,0.13636363636363635
1030,401155459,60.0,60.0,0,0,-0.5,-0.19,-0.82,0.69,-0.31,-0.81,0.8939393939393939
4513,401155459,32.0,32.0,0,0,0.93,-0.36,0.34,0.03,0.01,0.94,0.4696969696969697
2552,401155459,29.0,29.0,0,1,-0.16,0.47,0.28,0.6,1.35,1.19,0.42424242424242425
8906,401155459,64.0,64.0,0,0,-0.4,-0.3,-0.7,0.34,-0.66,-1.06,0.9545454545454546
676,401155459,23.0,23.0,0,1,-0.1,-0.33,1.31,0.55,1.54,1.44,0.3333333333333333
1293,401155459,55.0,55.0,0,0,-0.57,-0.05,-0.56,0.87,0.26,-0.31,0.8181818181818182
9037,401155459,32.0,32.0,0,0,1.35,0.35,0.02,-0.78,-0.41,0.94,0.4696969696969697
9143,401155459,43.0,43.0,0,0,0.52,0.4,-0.07,-0.42,-0.09,0.44,0.6363636363636364
1367,401155459,38.0,38.0,0,0,0.47,-0.09,-0.04,0.35,0.22,0.69,0.5606060606060606
9530,401155459,32.0,32.0,0,0,0.41,0.26,0.4,-0.13,0.53,0.94,0.4696969696969697
6954,401155459,49.0,49.0,0,0,0.51,-0.55,0.38,-0.17,-0.33,0.19,0.7272727272727273
4412121,401155459,54.0,54.0,0,0,-0.06,0.04,-0.63,0.58,-0.01,-0.06,0.803030303030303
707,401155459,49.0,49.0,0,0,0.56,-0.2,0.92,-1.1,-0.37,0.19,0.7272727272727273
5579,401155459,7.0,7.0,1,0,1.76,0.78,0.16,-0.02,0.92,2.69,0.09090909090909091
6825,401155459,14.0,14.0,0,1,1.07,0.17,0.0,0.7,0.87,1.94,0.19696969696969696
1674,401155459,14.0,14.0,0,1,0.56,0.13,1.07,0.18,1.38,1.94,0.19696969696969696
4321,401155459,23.0,23.0,0,1,1.2,0.58,0.0,-0.35,0.23,1.44,0.3333333333333333
3470,401155459,32.0,32.0,0,0,-0.32,0.04,0.23,0.98,1.25,0.94,0.4696969696969697
377,401155459,14.0,14.0,0,1,1.39,0.05,0.64,-0.14,0.55,1.94,0.19696969696969696
9804,401155459,58.0,58.0,0,0,1.85,-0.7,-1.09,-0.63,-2.42,-0.56,0.8636363636363636
11382,401155459,10.0,10.0,1,0,0.78,0.45,0.32,0.64,1.4,2.19,0.13636363636363635
1037,401155459,64.0,64.0,0,0,-1.05,-0.06,-0.08,0.13,-0.01,-1.06,0.9545454545454546
9478,401155459,55.0,55.0,0,0,-0.79,-0.83,0.73,0.57,0.47,-0.31,0.8181818181818182
9569,401155459,38.0,38.0,0,0,0.14,0.16,1.07,-0.69,0.54,0.69,0.5606060606060606
2230,401155459,23.0,23.0,0,1,0.6,0.15,-0.38,1.08,0.84,1.44,0.3333333333333333
9513,401155459,43.0,43.0,0,0,0.11,0.51,-0.11,-0.07,0.32,0.44,0.6363636363636364
4364873,401155459,23.0,23.0,0,1,0.0,0.18,0.87,0.38,1.43,1.44,0.3333333333333333
10140,401155459,3.0,3.0,1,0,0.91,-0.04,0.83,1.24,2.03,2.94,0.030303030303030304
9040,401155459,55.0,55.0,0,0,-0.14,0.46,-0.29,-0.34,-0.17,-0.31,0.8181818181818182
686,401155459,43.0,43.0,0,0,0.52,-0.24,0.42,-0.27,-0.09,0.44,0.6363636363636364
9261,401155427,56.0,56.0,0,0,-0.71,0.63,-0.62,0.35,0.36,-0.35,0.8088235294117647
6015,401155427,24.0,24.0,0,1,0.36,0.92,-0.14,0.01,0.79,1.15,0.3382352941176471
5285,401155427,56.0,56.0,0,0,-2.29,0.1,1.56,0.29,1.94,-0.35,0.8088235294117647
5338,401155427,32.0,32.0,0,0,0.03,0.27,0.98,-0.38,0.87,0.9,0.45588235294117646
10046,401155427,4.0,4.0,1,0,0.28,-0.3,0.87,1.8,2.37,2.65,0.04411764705882353
159,401155427,62.0,62.0,0,0,0.75,-0.42,-0.38,-0.56,-1.35,-0.6,0.8970588235294118
1651,401155427,36.0,36.0,0,0,-0.2,0.4,0.32,0.13,0.85,0.65,0.5147058823529411
6011,401155427,24.0,24.0,0,1,2.07,-0.42,-0.38,-0.12,-0.92,1.15,0.3382352941176471
6798,401155427,47.0,47.0,0,0,-0.02,0.41,0.05,-0.29,0.17,0.15,0.6764705882352942
3454,401155427,18.0,18.0,0,1,0.8,0.61,-0.36,0.35,0.6,1.4,0.25
9243,401155427,18.0,18.0,0,1,0.99,0.18,0.69,-0.46,0.42,1.4,0.25
205,401155427,13.0,13.0,0,1,-0.17,0.86,1.02,0.19,2.08,1.9,0.17647058823529413
10592,401155427,9.0,9.0,1,0,-0.6,-0.88,2.64,1.0,2.76,2.15,0.11764705882352941
5167,401155427,18.0,18.0,0,1,0.25,0.6,0.82,-0.27,1.15,1.4,0.25
3950,401155427,5.0,5.0,1,0,1.25,-0.28,0.81,0.62,1.16,2.4,0.058823529411764705
278,401155427,66.0,66.0,0,0,-0.8,0.59,0.64,-1.28,-0.05,-0.85,0.9558823529411765
11448,401155427,62.0,62.0,0,0,0.95,-1.24,0.14,-0.45,-1.55,-0.6,0.8970588235294118
4304,401155427,18.0,18.0,0,1,0.48,-0.68,1.56,0.04,0.92,1.4,0.25
301,401155427,32.0,32.0,0,0,0.29,-0.16,1.41,-0.64,0.62,0.9,0.45588235294117646
5408,401155427,9.0,9.0,1,0,0.99,1.08,0.35,-0.27,1.16,2.15,0.11764705882352941
4844,401155427,42.0,42.0,0,0,0.85,0.46,-1.3,0.39,-0.44,0.4,0.6029411764705882
5860,401155427,56.0,56.0,0,0,-1.5,0.17,0.25,0.74,1.15,-0.35,0.8088235294117647
6991,401155427,36.0,36.0,0,0,-0.14,0.32,0.66,-0.19,0.79,0.65,0.5147058823529411
619,401155427,32.0,32.0,0,0,0.5,0.4,0.54,-0.54,0.4,0.9,0.45588235294117646
6196,401155427,5.0,5.0,1,0,-0.4,0.4,1.8,0.61,2.8,2.4,0.058823529411764705
3317,401155427,18.0,18.0,0,1,0.56,-0.45,0.23,1.07,0.85,1.4,0.25
446,401155427,24.0,24.0,0,1,-0.56,0.16,1.69,-0.13,1.72,1.15,0.3382352941176471
4513,401155427,42.0,42.0,0,0,-0.93,0.34,0.65,0.35,1.33,0.4,0.6029411764705882
3857,401155427,52.0,52.0,0,0,-0.2,-0.28,0.5,-0.13,0.1,-0.1,0.75
7083,401155427,42.0,42.0,0,0,-0.22,0.74,-0.26,0.14,0.62,0.4,0.6029411764705882
8906,401155427,5.0,5.0,1,0,1.58,-0.58,0.3,1.1,0.82,2.4,0.058823529411764705
318,401155427,36.0,36.0,0,0,0.2,0.26,0.42,-0.22,0.46,0.65,0.5147058823529411
5962,401155427,36.0,36.0,0,0,0.17,0.15,-0.3,0.62,0.48,0.65,0.5147058823529411
9037,401155427,9.0,9.0,1,0,0.41,0.49,0.38,0.88,1.74,2.15,0.11764705882352941
8973,401155427,24.0,24.0,0,1,0.54,-1.07,1.57,0.11,0.61,1.15,0.3382352941176471
1367,401155427,47.0,47.0,0,0,-0.44,0.92,-0.6,0.28,0.59,0.15,0.6764705882352942
3351,401155427,2.0,2.0,1,0,1.52,0.5,1.15,-0.02,1.63,3.15,0.014705882352941176
10548,401155427,24.0,24.0,0,1,0.15,1.41,0.1,-0.51,1.0,1.15,0.3382352941176471
4412121,401155427,52.0,52.0,0,0,0.18,-0.42,0.14,0.01,-0.27,-0.1,0.75
3792,401155427,56.0,56.0,0,0,-0.24,-0.39,-0.32,0.61,-0.1,-0.35,0.8088235294117647
5579,401155427,15.0,15.0,0,1,0.63,0.24,0.31,0.47,1.02,1.65,0.20588235294117646
6825,401155427,24.0,24.0,0,1,0.74,0.11,0.29,0.0,0.41,1.15,0.3382352941176471
3702,401155427,18.0,18.0,0,1,0.25,0.42,0.28,0.45,1.15,1.4,0.25
3470,401155427,5.0,5.0,1,0,-0.13,0.35,1.57,0.61,2.53,2.4,0.058823529411764705
809,401155427,52.0,52.0,0,0,-1.12,0.91,-0.52,0.63,1.02,-0.1,0.75
1733,401155427,69.0,69.0,0,0,-0.42,-0.27,-2.26,-0.89,-3.43,-3.85,1.0
667,401155427,62.0,62.0,0,0,0.01,0.15,-0.78,0.01,-0.61,-0.6,0.8970588235294118
377,401155427,47.0,47.0,0,0,-0.7,0.25,0.15,0.46,0.85,0.15,0.6764705882352942
9531,401155427,56.0,56.0,0,0,1.26,0.16,0.39,-2.16,-1.61,-0.35,0.8088235294117647
4591,401155427,56.0,56.0,0,0,0.0,0.96,-1.82,0.51,-0.35,-0.35,0.8088235294117647
9938,401155427,36.0,36.0,0,0,1.15,-0.9,0.06,0.34,-0.5,0.65,0.5147058823529411
78,401155427,47.0,47.0,0,0,0.12,-0.93,0.81,0.15,0.03,0.15,0.6764705882352942
1210,401155427,47.0,47.0,0,0,2.28,-0.18,-2.31,0.36,-2.12,0.15,0.6764705882352942
11382,401155427,3.0,3.0,1,0,0.27,1.31,0.4,0.91,2.63,2.9,0.029411764705882353
4449,401155427,9.0,9.0,1,0,0.8,-0.05,0.69,0.71,1.35,2.15,0.11764705882352941
1613,401155427,62.0,62.0,0,0,0.28,-0.5,-0.03,-0.35,-0.88,-0.6,0.8970588235294118
9478,401155427,15.0,15.0,0,1,-1.21,1.51,0.26,1.09,2.86,1.65,0.20588235294117646
412,401155427,42.0,42.0,0,0,-0.42,0.54,0.65,-0.37,0.83,0.4,0.6029411764705882
9513,401155427,13.0,13.0,0,1,1.4,0.35,0.08,0.07,0.5,1.9,0.17647058823529413
5553,401155427,1.0,1.0,1,0,0.84,0.37,1.82,0.38,2.56,3.4,0.0
6086,401155427,15.0,15.0,0,1,0.18,-0.86,1.51,0.81,1.47,1.65,0.20588235294117646
3970,401155427,24.0,24.0,0,1,0.6,0.5,-0.95,1.0,0.55,1.15,0.3382352941176471
4364873,401155427,42.0,42.0,0,0,-0.38,-0.97,0.72,1.03,0.78,0.4,0.6029411764705882
1185,401155427,67.0,67.0,0,0,0.01,-0.74,0.31,-0.68,-1.11,-1.1,0.9705882352941176
11119,401155427,68.0,68.0,0,0,-0.33,-0.93,-0.03,-1.31,-2.27,-2.6,0.9852941176470589
10140,401155427,24.0,24.0,0,1,1.42,-0.57,0.07,0.24,-0.27,1.15,0.3382352941176471
4479,401155427,52.0,52.0,0,0,-0.79,1.16,0.16,-0.63,0.69,-0.1,0.75
9040,401155427,36.0,36.0,0,0,-0.44,2.18,-0.62,-0.46,1.09,0.65,0.5147058823529411
686,401155427,32.0,32.0,0,0,1.03,0.02,-0.49,0.34,-0.13,0.9,0.45588235294117646
9517,401155426,61.0,61.0,0,0,-1.15,0.02,-0.24,0.69,0.47,-0.68,0.8955223880597015
6015,401155426,27.0,27.0,0,1,-0.36,0.1,1.77,-0.2,1.68,1.32,0.3880597014925373
10577,401155426,35.0,35.0,0,0,0.26,-0.23,1.13,-0.09,0.81,1.07,0.5074626865671642
5285,401155426,4.0,4.0,1,0,0.29,1.34,0.34,0.6,2.28,2.57,0.04477611940298507
5338,401155426,42.0,42.0,0,0,-0.39,0.24,0.63,0.09,0.96,0.57,0.6119402985074627
2283,401155426,11.0,11.0,0,1,1.23,-0.01,1.01,-0.17,0.84,2.07,0.14925373134328357
9584,401155426,21.0,21.0,0,1,1.23,-0.07,0.63,-0.23,0.33,1.57,0.29850746268656714
1225,401155426,47.0,47.0,0,0,0.16,0.29,-0.44,0.31,0.16,0.32,0.6865671641791045
1651,401155426,42.0,42.0,0,0,0.02,-0.15,0.37,0.33,0.54,0.57,0.6119402985074627
6011,401155426,38.0,38.0,0,0,0.87,0.05,-0.08,-0.02,-0.05,0.82,0.5522388059701493
3596,401155426,4.0,4.0,1,0,0.33,-0.09,1.21,1.12,2.24,2.57,0.04477611940298507
3599,401155426,66.0,66.0,0,0,0.1,1.02,-2.13,-0.18,-1.28,-1.18,0.9701492537313433
4628,401155426,42.0,42.0,0,0,-0.15,-0.1,0.33,0.49,0.72,0.57,0.6119402985074627
10863,401155426,8.0,8.0,1,0,0.01,0.49,1.54,0.29,2.31,2.32,0.1044776119402985
1121,401155426,61.0,61.0,0,0,-0.17,0.1,-0.7,0.09,-0.51,-0.68,0.8955223880597015
1097,401155426,17.0,17.0,0,1,2.25,-0.27,1.21,-1.37,-0.43,1.82,0.23880597014925373
4645,401155426,27.0,27.0,0,1,0.44,0.08,1.18,-0.38,0.88,1.32,0.3880597014925373
9025,401155426,4.0,4.0,1,0,0.87,-0.05,1.54,0.21,1.7,2.57,0.04477611940298507
5167,401155426,58.0,58.0,0,0,0.25,1.35,-1.59,-0.44,-0.68,-0.43,0.8507462686567164
3950,401155426,47.0,47.0,0,0,-0.73,-0.04,0.58,0.51,1.05,0.32,0.6865671641791045
3375,401155426,64.0,64.0,0,0,0.37,0.28,-1.59,0.01,-1.31,-0.93,0.9402985074626866
5462,401155426,53.0,53.0,0,0,-0.91,-0.3,0.67,0.6,0.97,0.07,0.7761194029850746
3550,401155426,8.0,8.0,1,0,0.06,-0.25,1.9,0.6,2.25,2.32,0.1044776119402985
5408,401155426,17.0,17.0,0,1,0.94,0.7,-0.31,0.48,0.88,1.82,0.23880597014925373
4844,401155426,58.0,58.0,0,0,-1.4,-0.09,0.79,0.27,0.97,-0.43,0.8507462686567164
5504,401155426,21.0,21.0,0,1,0.48,0.17,0.67,0.24,1.09,1.57,0.29850746268656714
6991,401155426,42.0,42.0,0,0,-0.9,0.47,0.45,0.55,1.47,0.57,0.6119402985074627
619,401155426,27.0,27.0,0,1,0.45,0.21,0.47,0.18,0.86,1.32,0.3880597014925373
110,401155426,27.0,27.0,0,1,0.79,-0.71,1.51,-0.28,0.52,1.32,0.3880597014925373
1676,401155426,27.0,27.0,0,1,1.18,-0.12,1.0,-0.75,0.13,1.32,0.3880597014925373
10505,401155426,35.0,35.0,0,0,0.99,-0.42,0.28,0.22,0.07,1.07,0.5074626865671642
1030,401155426,27.0,27.0,0,1,-0.32,0.32,0.44,0.89,1.64,1.32,0.3880597014925373
446,401155426,21.0,21.0,0,1,0.39,0.87,0.66,-0.36,1.18,1.57,0.29850746268656714
10363,401155426,21.0,21.0,0,1,0.4,-0.07,1.11,0.12,1.17,1.57,0.29850746268656714
10364,401155426,47.0,47.0,0,0,-0.07,0.37,-0.63,0.65,0.38,0.32,0.6865671641791045
7083,401155426,38.0,38.0,0,0,0.13,0.84,-0.22,0.07,0.69,0.82,0.5522388059701493
1077,401155426,47.0,47.0,0,0,-0.78,0.29,0.42,0.39,1.1,0.32,0.6865671641791045
601,401155426,11.0,11.0,0,1,0.7,0.4,1.72,-0.75,1.37,2.07,0.14925373134328357
455,401155426,4.0,4.0,1,0,1.74,0.03,0.03,0.77,0.83,2.57,0.04477611940298507
6648,401155426,61.0,61.0,0,0,-0.09,-0.22,-0.54,0.17,-0.59,-0.68,0.8955223880597015
9143,401155426,11.0,11.0,0,1,0.36,0.61,1.03,0.08,1.71,2.07,0.14925373134328357
6931,401155426,2.0,2.0,1,0,1.18,1.61,1.11,-0.83,1.88,3.07,0.014925373134328358
1367,401155426,47.0,47.0,0,0,-0.11,0.18,0.37,-0.13,0.42,0.32,0.6865671641791045
9530,401155426,11.0,11.0,0,1,0.26,-0.15,1.27,0.68,1.81,2.07,0.14925373134328357
6954,401155426,38.0,38.0,0,0,-0.73,-0.08,1.49,0.14,1.55,0.82,0.5522388059701493
3688,401155426,57.0,57.0,0,0,0.27,-0.01,-0.8,0.35,-0.46,-0.18,0.835820895522388
4412121,401155426,58.0,58.0,0,0,0.06,-0.18,-0.29,-0.03,-0.5,-0.43,0.8507462686567164
1042,401155426,27.0,27.0,0,1,0.06,0.14,0.64,0.48,1.26,1.32,0.3880597014925373
3980,401155426,68.0,68.0,0,0,1.32,-0.88,-1.39,-0.74,-3.01,-1.68,1.0
6825,401155426,21.0,21.0,0,1,0.66,0.06,0.86,-0.02,0.91,1.57,0.29850746268656714
5409,401155426,8.0,8.0,1,0,-0.03,-0.14,2.65,-0.17,2.35,2.32,0.1044776119402985
962,401155426,17.0,17.0,0,1,0.1,0.73,0.41,0.57,1.72,1.82,0.23880597014925373
377,401155426,35.0,35.0,0,0,0.18,0.22,-0.07,0.73,0.89,1.07,0.5074626865671642
9531,401155426,11.0,11.0,0,1,0.9,0.45,0.85,-0.13,1.17,2.07,0.14925373134328357
9804,401155426,17.0,17.0,0,1,0.88,0.66,-0.22,0.5,0.94,1.82,0.23880597014925373
9938,401155426,64.0,64.0,0,0,1.35,-0.71,-2.08,0.51,-2.28,-0.93,0.9402985074626866
78,401155426,53.0,53.0,0,0,0.4,0.13,-0.78,0.32,-0.33,0.07,0.7761194029850746
11382,401155426,1.0,1.0,1,0,0.25,0.89,1.55,0.63,3.07,3.32,0.0
4587,401155426,21.0,21.0,0,1,0.31,0.75,-0.32,0.83,1.26,1.57,0.29850746268656714
7001,401155426,53.0,53.0,0,0,-0.86,0.03,0.8,0.09,0.92,0.07,0.7761194029850746
3378,401155426,53.0,53.0,0,0,1.65,-1.21,-0.28,-0.09,-1.58,0.07,0.7761194029850746
8961,401155426,27.0,27.0,0,1,0.4,-0.09,-0.05,1.05,0.92,1.32,0.3880597014925373
5539,401155426,3.0,3.0,1,0,0.56,0.45,0.99,0.81,2.26,2.82,0.029850746268656716
9513,401155426,38.0,38.0,0,0,0.28,-0.3,0.84,0.01,0.54,0.82,0.5522388059701493
5868,401155426,47.0,47.0,0,0,-0.56,0.59,0.31,-0.02,0.88,0.32,0.6865671641791045
1185,401155426,42.0,42.0,0,0,1.45,0.23,-0.97,-0.14,-0.88,0.57,0.6119402985074627
11119,401155426,11.0,11.0,0,1,1.15,0.34,0.74,-0.16,0.92,2.07,0.14925373134328357
686,401155426,67.0,67.0,0,0,0.22,-0.17,-0.96,-0.52,-1.65,-1.43,0.9850746268656716
9261,401155424,12.0,12.0,0,1,0.85,-0.31,0.34,0.87,0.91,1.75,0.15492957746478872
388,401155424,26.0,26.0,0,1,-0.43,0.19,-0.15,0.9,0.94,0.5,0.352112676056338
5285,401155424,29.0,29.0,0,1,-1.5,0.9,0.0,0.85,1.76,0.25,0.39436619718309857
10046,401155424,2.0,2.0,1,0,1.59,0.09,0.58,1.5,2.17,3.75,0.014084507042253521
4383,401155424,42.0,42.0,0,0,-0.3,0.09,-0.25,0.22,0.06,-0.25,0.5774647887323944
3824,401155424,18.0,18.0,0,1,0.19,0.65,0.61,-0.44,0.81,1.0,0.23943661971830985
1651,401155424,9.0,9.0,1,0,0.78,-0.29,0.52,1.5,1.72,2.5,0.11267605633802817
1222,401155424,22.0,22.0,0,1,0.05,1.36,-0.63,-0.03,0.71,0.75,0.29577464788732394
3454,401155424,37.0,37.0,0,0,-0.42,0.16,1.04,-0.77,0.43,0.0,0.5070422535211268
780,401155424,18.0,18.0,0,1,1.52,-0.27,-0.94,0.69,-0.52,1.0,0.23943661971830985
4317,401155424,37.0,37.0,0,0,0.95,0.05,-0.42,-0.58,-0.95,0.0,0.5070422535211268
9243,401155424,29.0,29.0,0,1,0.15,-0.5,0.97,-0.36,0.11,0.25,0.39436619718309857
9126,401155424,50.0,50.0,0,0,-1.52,-0.1,0.88,-0.01,0.77,-0.75,0.6901408450704225
208,401155424,53.0,53.0,0,0,-0.39,0.41,-0.55,-0.71,-0.85,-1.25,0.7323943661971831
10592,401155424,42.0,42.0,0,0,-1.42,0.56,0.05,0.56,1.17,-0.25,0.5774647887323944
5532,401155424,16.0,16.0,0,1,0.01,0.45,0.89,-0.09,1.25,1.25,0.2112676056338028
769,401155424,29.0,29.0,0,1,-0.25,-0.31,0.8,0.02,0.5,0.25,0.39436619718309857
9131,401155424,22.0,22.0,0,1,0.95,0.3,-0.64,0.14,-0.2,0.75,0.29577464788732394
3448,401155424,48.0,48.0,0,0,-1.54,0.19,-0.32,1.17,1.05,-0.5,0.6619718309859155
4304,401155424,42.0,42.0,0,0,0.24,0.51,-0.96,-0.04,-0.49,-0.25,0.5774647887323944
9364,401155424,3.0,3.0,1,0,1.03,1.06,0.99,0.17,2.22,3.25,0.028169014084507043
1483,401155424,53.0,53.0,0,0,-0.45,0.42,-0.72,-0.49,-0.8,-1.25,0.7323943661971831
301,401155424,69.0,69.0,0,0,-1.0,-0.84,-0.83,-1.08,-2.75,-3.75,0.9577464788732394
3550,401155424,12.0,12.0,0,1,0.19,-0.32,0.39,1.5,1.57,1.75,0.15492957746478872
5860,401155424,6.0,6.0,1,0,0.17,-0.3,2.25,0.63,2.58,2.75,0.07042253521126761
4691,401155424,67.0,67.0,0,0,-0.6,-0.93,-0.68,-1.03,-2.64,-3.25,0.9295774647887324
5825,401155424,29.0,29.0,0,1,0.28,-0.46,0.43,0.01,-0.03,0.25,0.39436619718309857
9413,401155424,53.0,53.0,0,0,0.81,0.01,-0.88,-1.18,-2.06,-1.25,0.7323943661971831
3317,401155424,51.0,51.0,0,0,-1.27,-0.32,0.58,0.01,0.27,-1.0,0.704225352112676
9780,401155424,3.0,3.0,1,0,1.34,0.06,0.75,1.1,1.91,3.25,0.028169014084507043
5467,401155424,58.0,58.0,0,0,1.59,-0.73,-1.39,-0.95,-3.08,-1.5,0.8028169014084507
4848,401155424,6.0,6.0,1,0,0.89,0.17,0.82,0.87,1.87,2.75,0.07042253521126761
2552,401155424,18.0,18.0,0,1,0.99,0.25,-0.33,0.1,0.01,1.0,0.23943661971830985
10364,401155424,53.0,53.0,0,0,-1.37,-0.07,0.33,-0.15,0.12,-1.25,0.7323943661971831
318,401155424,9.0,9.0,1,0,1.47,0.58,0.78,-0.32,1.03,2.5,0.11267605633802817
676,401155424,61.0,61.0,0,0,-0.8,-0.36,-1.5,0.92,-0.95,-1.75,0.8450704225352113
5962,401155424,29.0,29.0,0,1,-1.31,-0.12,1.45,0.24,1.57,0.25,0.39436619718309857
10343,401155424,58.0,58.0,0,0,0.02,-0.27,-2.14,0.88,-1.52,-1.5,0.8028169014084507
1293,401155424,51.0,51.0,0,0,2.22,-1.3,-0.67,-1.24,-3.21,-1.0,0.704225352112676
455,401155424,22.0,22.0,0,1,0.52,-0.02,-0.51,0.76,0.23,0.75,0.29577464788732394
9037,401155424,37.0,37.0,0,0,-0.2,0.16,-0.31,0.36,0.2,0.0,0.5070422535211268
9496,401155424,69.0,69.0,0,0,-0.5,-0.22,-2.23,-0.8,-3.25,-3.75,0.9577464788732394
257,401155424,22.0,22.0,0,1,0.89,0.3,0.12,-0.56,-0.14,0.75,0.29577464788732394
3351,401155424,42.0,42.0,0,0,-0.84,0.5,0.2,-0.1,0.59,-0.25,0.5774647887323944
4272,401155424,66.0,66.0,0,0,-0.51,0.34,-1.98,-0.85,-2.49,-3.0,0.9154929577464789
5729,401155424,42.0,42.0,0,0,-0.78,0.47,0.48,-0.42,0.54,-0.25,0.5774647887323944
10548,401155424,58.0,58.0,0,0,-0.37,-0.1,-1.53,0.5,-1.13,-1.5,0.8028169014084507
72,401155424,11.0,11.0,0,1,0.41,0.09,1.42,0.33,1.84,2.25,0.14084507042253522
5579,401155424,1.0,1.0,1,0,2.96,0.8,0.5,-0.25,1.05,4.0,0.0
4321,401155424,16.0,16.0,0,1,0.5,-0.05,1.12,-0.32,0.76,1.25,0.2112676056338028
4251,401155424,29.0,29.0,0,1,0.66,-0.2,-0.69,0.5,-0.4,0.25,0.39436619718309857
4047,401155424,68.0,68.0,0,0,-2.31,0.6,-1.24,-0.54,-1.18,-3.5,0.9436619718309859
11378,401155424,42.0,42.0,0,0,0.62,0.59,-0.06,-1.4,-0.87,-0.25,0.5774647887323944
3470,401155424,5.0,5.0,1,0,0.51,0.04,1.0,1.44,2.49,3.0,0.056338028169014086
158,401155424,37.0,37.0,0,0,0.15,-0.49,-1.19,1.53,-0.15,0.0,0.5070422535211268
1178,401155424,65.0,65.0,0,0,0.42,-0.73,-1.53,-0.66,-2.92,-2.5,0.9014084507042254
11382,401155424,29.0,29.0,0,1,-0.08,-0.4,0.73,0.0,0.33,0.25,0.39436619718309857
10630,401155424,61.0,61.0,0,0,-1.06,0.57,-0.75,-0.51,-0.68,-1.75,0.8450704225352113
4449,401155424,71.0,71.0,0,0,-3.27,-1.15,0.35,-0.18,-0.97,-4.25,0.9859154929577465
4587,401155424,29.0,29.0,0,1,-0.37,-0.47,0.65,0.44,0.62,0.25,0.39436619718309857
10404,401155424,14.0,14.0,0,1,0.48,-0.41,1.73,-0.29,1.02,1.5,0.18309859154929578
5057,401155424,37.0,37.0,0,0,0.62,-0.34,0.72,-0.99,-0.61,0.0,0.5070422535211268
9478,401155424,26.0,26.0,0,1,0.51,-0.16,-0.37,0.53,0.0,0.5,0.352112676056338
5539,401155424,18.0,18.0,0,1,0.2,-0.4,0.48,0.73,0.81,1.0,0.23943661971830985
5553,401155424,6.0,6.0,1,0,0.11,0.72,1.01,0.92,2.65,2.75,0.07042253521126761
4264,401155424,72.0,72.0,0,0,-1.82,0.38,-2.56,-1.24,-3.43,-5.25,1.0
11340,401155424,53.0,53.0,0,0,-0.51,-0.97,1.79,-1.56,-0.74,-1.25,0.7323943661971831
1614,401155424,61.0,61.0,0,0,-0.26,0.36,-0.47,-1.38,-1.49,-1.75,0.8450704225352113
10140,401155424,14.0,14.0,0,1,-0.73,-0.02,2.55,-0.3,2.24,1.5,0.18309859154929578
7056,401155424,26.0,26.0,0,1,1.06,-0.88,0.08,0.24,-0.56,0.5,0.352112676056338
16,401155422,25.0,25.0,0,1,-0.13,1.08,0.9,-1.07,0.91,0.78,0.3582089552238806
512,401155422,32.0,32.0,0,0,0.44,1.93,0.21,0.1,2.24,2.68,0.4626865671641791
3832,401155422,32.0,32.0,0,0,2.11,0.82,-0.92,0.28,0.17,2.28,0.4626865671641791
10372,401155422,50.0,50.0,0,0,-1.44,-0.8,2.51,0.52,2.23,0.78,0.7313432835820896
10577,401155422,62.0,62.0,0,0,-2.33,-0.23,-0.2,0.04,-0.39,-2.72,0.9104477611940298
159,401155422,38.0,38.0,0,0,0.18,0.45,0.31,-0.24,0.51,0.69,0.5522388059701493
6011,401155422,38.0,38.0,0,0,0.45,-0.23,-1.78,0.84,-1.17,-0.72,0.5522388059701493
4638,401155422,25.0,25.0,0,1,0.22,0.48,-0.28,0.27,0.47,0.68,0.3582089552238806
4355673,401155422,38.0,38.0,0,0,0.23,-0.26,-1.21,-0.57,-2.04,-1.81,0.5522388059701493
4628,401155422,38.0,38.0,0,0,3.03,-0.87,0.82,-0.2,-0.25,2.78,0.5522388059701493
11098,401155422,55.0,55.0,0,0,-0.52,-0.68,0.91,0.57,0.8,0.28,0.8059701492537313
10863,401155422,38.0,38.0,0,0,-1.82,0.62,0.67,0.81,2.1,0.28,0.5522388059701493
5704,401155422,18.0,18.0,0,1,-1.17,0.22,1.29,0.86,2.36,1.19,0.2537313432835821
769,401155422,25.0,25.0,0,1,-1.7,1.95,1.16,-0.13,2.98,1.28,0.3582089552238806
1097,401155422,5.0,5.0,1,0,1.23,0.91,1.19,0.45,2.55,3.78,0.05970149253731343
8975,401155422,50.0,50.0,0,0,1.08,-0.71,1.85,0.46,1.61,2.68,0.7313432835820896
4645,401155422,64.0,64.0,0,0,0.4,0.08,-0.67,-1.03,-1.62,-1.22,0.9402985074626866
9025,401155422,5.0,5.0,1,0,0.89,1.14,1.41,0.26,2.8,3.69,0.05970149253731343
3448,401155422,32.0,32.0,0,0,-0.68,-1.12,-0.22,0.21,-1.13,-1.81,0.4626865671641791
11448,401155422,50.0,50.0,0,0,-1.61,0.73,0.31,0.76,1.8,0.19,0.7313432835820896
4844,401155422,18.0,18.0,0,1,2.11,-0.93,-0.2,0.8,-0.33,1.78,0.2537313432835821
5573,401155422,25.0,25.0,0,1,1.17,1.22,0.06,0.74,2.02,3.18,0.3582089552238806
5902,401155422,18.0,18.0,0,1,0.19,0.35,1.49,-0.25,1.59,1.78,0.2537313432835821
6196,401155422,14.0,14.0,0,1,-0.45,-0.81,1.5,1.03,1.73,1.28,0.19402985074626866
1680,401155422,4.0,4.0,1,0,0.08,2.11,0.45,0.64,3.2,3.28,0.04477611940298507
110,401155422,62.0,62.0,0,0,-0.49,0.71,0.22,-0.25,0.69,0.19,0.9104477611940298
3598,401155422,55.0,55.0,0,0,-0.47,0.69,-2.83,0.4,-1.75,-2.22,0.8059701492537313
1067,401155422,14.0,14.0,0,1,1.52,-0.58,1.0,0.25,0.66,2.18,0.19402985074626866
710,401155422,67.0,67.0,0,0,-0.35,-0.08,-0.89,-0.49,-1.46,-1.81,0.9850746268656716
5467,401155422,9.0,9.0,1,0,0.32,1.19,2.61,0.08,3.88,4.19,0.11940298507462686
3857,401155422,25.0,25.0,0,1,-0.39,0.02,-0.07,-0.37,-0.42,-0.81,0.3582089552238806
2552,401155422,38.0,38.0,0,0,0.5,-0.06,-0.21,0.46,0.19,0.69,0.5522388059701493
10364,401155422,18.0,18.0,0,1,-1.17,1.09,0.17,1.1,2.36,1.19,0.2537313432835821
8906,401155422,32.0,32.0,0,0,1.75,-1.11,2.24,0.4,1.53,3.28,0.4626865671641791
318,401155422,14.0,14.0,0,1,2.47,-0.04,1.86,-0.6,1.22,3.69,0.19402985074626866
1077,401155422,2.0,2.0,1,0,1.82,0.08,2.19,1.09,3.37,5.19,0.014925373134328358
601,401155422,55.0,55.0,0,0,1.63,0.7,-0.73,-0.41,-0.44,1.19,0.8059701492537313
676,401155422,50.0,50.0,0,0,1.46,-1.2,0.79,0.14,-0.27,1.18,0.7313432835820896
5962,401155422,9.0,9.0,1,0,1.68,-0.12,0.14,-0.5,-0.48,1.19,0.11940298507462686
1411,401155422,32.0,32.0,0,0,0.62,-2.28,-0.95,0.8,-2.43,-1.82,0.4626865671641791
9037,401155422,60.0,60.0,0,0,0.33,-0.56,-1.83,0.24,-2.15,-1.82,0.8805970149253731
4859,401155422,55.0,55.0,0,0,-0.85,0.48,1.24,0.32,2.04,1.19,0.8059701492537313
8973,401155422,14.0,14.0,0,1,0.15,-0.24,0.03,0.75,0.54,0.69,0.19402985074626866
1367,401155422,5.0,5.0,1,0,1.65,0.6,0.47,0.46,1.53,3.18,0.05970149253731343
257,401155422,38.0,38.0,0,0,0.09,-0.35,0.1,0.35,0.09,0.18,0.5522388059701493
9530,401155422,5.0,5.0,1,0,1.94,0.4,0.87,-0.03,1.24,3.18,0.05970149253731343
6954,401155422,11.0,11.0,0,1,0.85,0.59,0.89,0.85,2.33,3.18,0.14925373134328357
3792,401155422,1.0,1.0,1,0,2.95,0.84,1.26,-0.26,1.83,4.78,0.0
6007,401155422,11.0,11.0,0,1,-0.04,0.19,0.54,0.0,0.73,0.69,0.14925373134328357
72,401155422,64.0,64.0,0,0,-2.9,-0.78,-0.52,0.4,-0.9,-3.81,0.9402985074626866
5692,401155422,11.0,11.0,0,1,1.75,0.99,-1.95,-0.1,-1.07,0.68,0.14925373134328357
308,401155422,3.0,3.0,1,0,0.89,2.15,-1.04,0.69,1.8,2.69,0.029850746268656716
1548,401155422,68.0,68.0,0,0,-0.84,-0.2,-1.02,-2.25,-3.47,-4.31,1.0
1733,401155422,38.0,38.0,0,0,-2.63,1.27,0.29,0.34,1.91,-0.72,0.5522388059701493
78,401155422,38.0,38.0,0,0,-0.39,0.76,1.4,-0.08,2.08,1.68,0.5522388059701493
1359,401155422,50.0,50.0,0,0,-1.26,-0.57,0.66,0.37,0.45,-0.81,0.7313432835820896
1037,401155422,18.0,18.0,0,1,2.19,-0.06,0.29,-0.64,-0.41,1.78,0.2537313432835821
6001,401155422,38.0,38.0,0,0,0.92,0.42,-0.85,-0.31,-0.74,0.18,0.5522388059701493
6086,401155422,60.0,60.0,0,0,-0.22,-1.48,-0.6,0.08,-2.0,-2.22,0.8805970149253731
9002,401155422,32.0,32.0,0,0,1.36,-0.38,0.59,-0.89,-0.68,0.68,0.4626865671641791
3970,401155422,25.0,25.0,0,1,1.6,-1.41,0.29,0.7,-0.41,1.19,0.3582089552238806
1157,401155422,25.0,25.0,0,1,-0.81,0.03,2.4,0.06,2.5,1.68,0.3582089552238806
4364873,401155422,38.0,38.0,0,0,-0.64,-0.95,0.52,0.76,0.33,-0.31,0.5522388059701493
4408315,401155422,38.0,38.0,0,0,2.18,-0.44,-0.21,-0.85,-1.5,0.68,0.5522388059701493
11119,401155422,18.0,18.0,0,1,0.95,0.0,1.03,-0.3,0.74,1.69,0.2537313432835821
6185,401155422,55.0,55.0,0,0,-0.89,0.5,1.15,0.43,2.08,1.18,0.8059701492537313
4479,401155422,64.0,64.0,0,0,0.57,-1.22,-0.61,-0.05,-1.89,-1.32,0.9402985074626866
9040,401155422,18.0,18.0,0,1,1.74,-0.18,-1.67,1.3,-0.55,1.19,0.2537313432835821
16,401155421,40.0,40.0,0,0,-0.37,1.67,-0.49,-0.09,1.09,0.72,0.6
5548,401155421,40.0,40.0,0,0,0.15,0.85,-0.43,0.14,0.56,0.72,0.6
4682,401155421,45.0,45.0,0,0,0.41,0.19,-0.55,0.42,0.06,0.47,0.676923076923077
6015,401155421,8.0,8.0,1,0,1.23,-0.6,1.23,0.36,0.99,2.22,0.1076923076923077
5285,401155421,9.0,9.0,1,0,-0.35,1.19,0.6,0.52,2.31,1.97,0.12307692307692308
5338,401155421,25.0,25.0,0,1,0.51,1.03,0.54,-0.62,0.95,1.47,0.36923076923076925
10046,401155421,52.0,52.0,0,0,0.21,-0.63,-1.22,1.35,-0.5,-0.28,0.7846153846153846
2283,401155421,52.0,52.0,0,0,0.55,-0.4,-0.22,-0.21,-0.83,-0.28,0.7846153846153846
4383,401155421,9.0,9.0,1,0,0.16,0.16,1.24,0.4,1.8,1.97,0.12307692307692308
9584,401155421,16.0,16.0,0,1,1.17,0.34,-0.2,0.4,0.54,1.72,0.23076923076923078
1225,401155421,49.0,49.0,0,0,-0.26,0.69,-0.92,0.46,0.23,-0.03,0.7384615384615385
1651,401155421,9.0,9.0,1,0,1.29,0.79,0.08,-0.19,0.68,1.97,0.12307692307692308
6011,401155421,66.0,66.0,0,0,0.58,-0.83,-1.19,-0.6,-2.62,-2.03,1.0
780,401155421,3.0,3.0,1,0,0.89,0.08,0.94,0.81,1.83,2.72,0.03076923076923077
9126,401155421,45.0,45.0,0,0,-0.79,-0.41,0.63,1.04,1.26,0.47,0.676923076923077
5704,401155421,59.0,59.0,0,0,0.8,0.02,-1.43,-0.18,-1.58,-0.78,0.8923076923076924
205,401155421,40.0,40.0,0,0,-0.04,-0.18,0.78,0.15,0.75,0.72,0.6
10592,401155421,25.0,25.0,0,1,-1.22,0.55,1.71,0.43,2.69,1.47,0.36923076923076925
5532,401155421,25.0,25.0,0,1,-0.07,0.71,0.23,0.59,1.53,1.47,0.36923076923076925
6017,401155421,63.0,63.0,0,0,-0.04,0.04,-0.4,-1.14,-1.5,-1.53,0.9538461538461539
9025,401155421,9.0,9.0,1,0,1.89,0.02,-0.13,0.18,0.07,1.97,0.12307692307692308
5167,401155421,63.0,63.0,0,0,0.27,0.33,-0.8,-1.34,-1.81,-1.53,0.9538461538461539
3950,401155421,25.0,25.0,0,1,-0.35,0.58,0.43,0.79,1.81,1.47,0.36923076923076925
10054,401155421,59.0,59.0,0,0,0.08,-0.66,-0.22,0.02,-0.87,-0.78,0.8923076923076924
11448,401155421,34.0,34.0,0,0,0.29,0.62,0.26,0.04,0.92,1.22,0.5076923076923077
5462,401155421,55.0,55.0,0,0,-0.96,-0.57,0.23,0.76,0.42,-0.53,0.8307692307692308
3550,401155421,40.0,40.0,0,0,0.98,-0.46,1.07,-0.87,-0.26,0.72,0.6
5408,401155421,16.0,16.0,0,1,0.92,0.09,-0.03,0.73,0.8,1.72,0.23076923076923078
4844,401155421,25.0,25.0,0,1,2.05,0.54,-1.47,0.35,-0.59,1.47,0.36923076923076925
5860,401155421,16.0,16.0,0,1,-0.21,0.84,1.5,-0.41,1.93,1.72,0.23076923076923078
5504,401155421,9.0,9.0,1,0,0.78,0.17,1.18,-0.16,1.18,1.97,0.12307692307692308
5025,401155421,25.0,25.0,0,1,0.62,0.11,1.01,-0.27,0.85,1.47,0.36923076923076925
1067,401155421,16.0,16.0,0,1,0.58,0.24,0.61,0.29,1.14,1.72,0.23076923076923078
5797,401155421,40.0,40.0,0,0,1.28,0.13,-1.12,0.42,-0.56,0.72,0.6
10505,401155421,37.0,37.0,0,0,1.06,-0.44,0.45,-0.11,-0.09,0.97,0.5538461538461539
9780,401155421,9.0,9.0,1,0,0.57,-0.12,1.0,0.51,1.39,1.97,0.12307692307692308
10166,401155421,47.0,47.0,0,0,-0.89,-0.71,1.68,0.14,1.1,0.22,0.7076923076923077
4848,401155421,3.0,3.0,1,0,1.0,0.28,0.9,0.53,1.71,2.72,0.03076923076923077
446,401155421,63.0,63.0,0,0,-0.65,0.28,0.25,-1.41,-0.88,-1.53,0.9538461538461539
4513,401155421,49.0,49.0,0,0,-0.12,-0.12,-0.29,0.5,0.08,-0.03,0.7384615384615385
77,401155421,55.0,55.0,0,0,0.47,0.82,-1.09,-0.73,-1.0,-0.53,0.8307692307692308
8906,401155421,16.0,16.0,0,1,0.53,-0.83,0.22,1.8,1.19,1.72,0.23076923076923078
3793,401155421,37.0,37.0,0,0,-0.15,-0.37,0.94,0.55,1.12,0.97,0.5538461538461539
1059,401155421,25.0,25.0,0,1,0.22,0.65,-0.16,0.76,1.24,1.47,0.36923076923076925
8973,401155421,6.0,6.0,1,0,0.91,0.32,0.45,0.78,1.55,2.47,0.07692307692307693
9143,401155421,9.0,9.0,1,0,1.07,0.2,0.23,0.46,0.89,1.97,0.12307692307692308
257,401155421,16.0,16.0,0,1,-0.09,0.5,0.92,0.38,1.8,1.72,0.23076923076923078
2571,401155421,55.0,55.0,0,0,-1.07,0.33,0.15,0.05,0.53,-0.53,0.8307692307692308
1600,401155421,3.0,3.0,1,0,1.2,0.92,0.73,-0.14,1.52,2.72,0.03076923076923077
3792,401155421,49.0,49.0,0,0,-0.55,0.79,-0.52,0.24,0.52,-0.03,0.7384615384615385
3980,401155421,61.0,61.0,0,0,0.69,-0.09,-1.01,-0.63,-1.73,-1.03,0.9230769230769231
6825,401155421,16.0,16.0,0,1,0.85,-0.48,-0.17,1.51,0.86,1.72,0.23076923076923078
3702,401155421,37.0,37.0,0,0,1.22,-0.44,0.72,-0.54,-0.26,0.97,0.5538461538461539
4483,401155421,16.0,16.0,0,1,0.82,0.4,1.11,-0.62,0.89,1.72,0.23076923076923078
11382,401155421,34.0,34.0,0,0,0.09,0.0,0.34,0.78,1.12,1.22,0.5076923076923077
4449,401155421,52.0,52.0,0,0,-1.31,-0.12,0.08,1.06,1.02,-0.28,0.7846153846153846
10404,401155421,47.0,47.0,0,0,-0.14,-0.24,0.14,0.45,0.35,0.22,0.7076923076923077
1037,401155421,6.0,6.0,1,0,0.49,-0.17,1.4,0.73,1.97,2.47,0.07692307692307693
7001,401155421,55.0,55.0,0,0,1.15,-0.74,-0.07,-0.87,-1.68,-0.53,0.8307692307692308
2230,401155421,2.0,2.0,1,0,1.24,0.73,1.3,0.18,2.22,3.47,0.015384615384615385
9513,401155421,61.0,61.0,0,0,-0.64,-0.34,0.28,-0.34,-0.4,-1.03,0.9230769230769231
6086,401155421,25.0,25.0,0,1,1.17,0.39,0.0,-0.09,0.3,1.47,0.36923076923076925
11119,401155421,34.0,34.0,0,0,1.02,0.43,0.2,-0.42,0.2,1.22,0.5076923076923077
1614,401155421,1.0,1.0,1,0,1.1,-0.02,1.87,0.52,2.37,3.47,0.0
10140,401155421,16.0,16.0,0,1,-0.25,0.85,0.09,1.02,1.96,1.72,0.23076923076923078
4479,401155421,25.0,25.0,0,1,0.82,0.16,0.84,-0.36,0.64,1.47,0.36923076923076925
9261,401155419,2.0,2.0,1,0,2.38,0.89,1.74,0.69,3.32,5.7,0.0136986301369863
4989,401155419,73.0,73.0,0,0,-0.42,-0.42,-1.75,-0.53,-2.69,-3.11,0.9863013698630136
4682,401155419,1.0,1.0,1,0,1.81,-0.9,1.94,1.18,2.22,4.03,0.0
3832,401155419,14.0,14.0,0,1,-0.1,1.02,0.91,0.56,2.48,2.39,0.1780821917808219
5502,401155419,10.0,10.0,1,0,2.5,0.02,1.34,-0.66,0.71,3.2,0.1232876712328767
10372,401155419,14.0,14.0,0,1,2.29,0.11,-0.81,0.3,-0.4,1.89,0.1780821917808219
1626,401155419,43.0,43.0,0,0,-1.82,1.53,0.03,0.28,1.85,0.03,0.5753424657534246
5338,401155419,4.0,4.0,1,0,1.1,-0.11,0.62,0.59,1.1,2.2,0.0410958904109589
9584,401155419,48.0,48.0,0,0,-0.28,1.02,-3.03,0.32,-1.69,-1.97,0.6438356164383562
1225,401155419,21.0,21.0,0,1,-1.54,1.41,0.28,0.55,2.24,0.7,0.273972602739726
4638,401155419,29.0,29.0,0,1,1.77,0.46,2.1,0.56,3.12,4.89,0.3835616438356164
3596,401155419,43.0,43.0,0,0,2.22,-0.32,-0.84,-0.85,-2.02,0.2,0.5753424657534246
3599,401155419,72.0,72.0,0,0,-0.97,0.51,-0.76,-0.89,-1.14,-2.11,0.9726027397260274
3454,401155419,37.0,37.0,0,0,0.95,-0.48,-0.35,-0.23,-1.06,-0.11,0.4931506849315068
11098,401155419,21.0,21.0,0,1,1.18,-1.77,0.81,1.17,0.21,1.39,0.273972602739726
10863,401155419,29.0,29.0,0,1,0.69,1.59,-0.48,0.59,1.7,2.39,0.3835616438356164
5704,401155419,29.0,29.0,0,1,1.99,-0.18,1.29,0.1,1.21,3.2,0.3835616438356164
205,401155419,61.0,61.0,0,0,-0.94,-0.19,1.81,-1.48,0.14,-0.8,0.821917808219178
5532,401155419,48.0,48.0,0,0,0.83,0.35,-0.12,-1.03,-0.8,0.03,0.6438356164383562
8975,401155419,21.0,21.0,0,1,0.39,-0.39,0.28,0.75,0.64,1.03,0.273972602739726
4645,401155419,43.0,43.0,0,0,-0.07,1.09,-0.85,0.36,0.6,0.53,0.5753424657534246
9025,401155419,29.0,29.0,0,1,-0.51,-0.15,1.93,0.44,2.22,1.7,0.3835616438356164
928,401155419,37.0,37.0,0,0,0.84,-0.23,1.67,-0.07,1.36,2.2,0.4931506849315068
10054,401155419,48.0,48.0,0,0,0.4,-1.29,0.25,-0.83,-1.87,-1.47,0.6438356164383562
11448,401155419,29.0,29.0,0,1,1.44,-0.4,0.91,0.59,1.09,2.53,0.3835616438356164
431,401155419,68.0,68.0,0,0,-1.96,-0.51,0.71,0.79,0.99,-0.97,0.9178082191780822
3375,401155419,55.0,55.0,0,0,0.46,-0.42,-0.24,0.22,-0.43,0.03,0.7397260273972602
5462,401155419,10.0,10.0,1,0,1.5,1.76,1.2,1.08,4.03,5.53,0.1232876712328767
5408,401155419,48.0,48.0,0,0,-0.57,0.3,-1.01,0.67,-0.04,-0.61,0.6438356164383562
11387,401155419,17.0,17.0,0,1,-0.55,-0.33,0.53,0.24,0.44,-0.11,0.2191780821917808
5573,401155419,68.0,68.0,0,0,-0.15,-0.61,-1.57,-1.64,-3.82,-3.97,0.9178082191780822
110,401155419,55.0,55.0,0,0,-1.22,0.45,1.58,0.72,2.75,1.53,0.7397260273972602
5797,401155419,48.0,48.0,0,0,-0.25,0.44,-0.39,0.09,0.14,-0.11,0.6438356164383562
10505,401155419,37.0,37.0,0,0,0.17,-0.78,0.88,0.61,0.71,0.89,0.4931506849315068
2883,401155419,37.0,37.0,0,0,-1.03,0.05,1.54,0.47,2.06,1.03,0.4931506849315068
1568,401155419,68.0,68.0,0,0,-1.07,0.63,0.13,-1.49,-0.73,-1.8,0.9178082191780822
1030,401155419,55.0,55.0,0,0,0.04,-0.53,-0.34,1.21,0.34,0.39,0.7397260273972602
7083,401155419,21.0,21.0,0,1,1.52,-0.96,0.47,1.5,1.01,2.53,0.273972602739726
318,401155419,17.0,17.0,0,1,1.24,-0.74,3.0,-0.12,2.15,3.39,0.2191780821917808
1411,401155419,74.0,74.0,0,0,-1.79,-0.29,-2.81,0.78,-2.33,-4.11,1.0
4859,401155419,21.0,21.0,0,1,1.22,0.45,0.59,1.13,2.17,3.39,0.273972602739726
8973,401155419,48.0,48.0,0,0,-1.03,-1.4,-0.6,0.56,-1.44,-2.47,0.6438356164383562
9143,401155419,43.0,43.0,0,0,0.06,0.45,-0.7,0.58,0.33,0.39,0.5753424657534246
9530,401155419,37.0,37.0,0,0,-0.67,-0.12,0.45,0.03,0.37,-0.3,0.4931506849315068
6954,401155419,17.0,17.0,0,1,0.81,-0.21,2.68,0.25,2.72,3.53,0.2191780821917808
4412121,401155419,61.0,61.0,0,0,0.62,-2.65,-0.88,1.61,-1.92,-1.3,0.821917808219178
1042,401155419,29.0,29.0,0,1,0.42,-0.12,1.04,0.19,1.11,1.53,0.3835616438356164
72,401155419,21.0,21.0,0,1,0.24,-0.6,0.69,0.87,0.96,1.2,0.273972602739726
6825,401155419,64.0,64.0,0,0,1.76,0.58,-2.15,-0.65,-2.23,-0.47,0.863013698630137
1548,401155419,55.0,55.0,0,0,-0.44,-0.01,-0.07,1.04,0.97,0.53,0.7397260273972602
3702,401155419,10.0,10.0,1,0,-0.82,-0.41,-0.4,1.33,0.52,-0.3,0.1232876712328767
4483,401155419,37.0,37.0,0,0,-0.38,0.23,1.29,-0.24,1.27,0.89,0.4931506849315068
809,401155419,6.0,6.0,1,0,0.59,-0.96,2.64,-0.07,1.61,2.2,0.0684931506849315
377,401155419,48.0,48.0,0,0,-0.41,0.65,-0.87,1.03,0.8,0.39,0.6438356164383562
9938,401155419,6.0,6.0,1,0,0.87,1.27,1.33,0.07,2.66,3.53,0.0684931506849315
9564,401155419,6.0,6.0,1,0,1.51,-0.07,-0.53,0.48,-0.12,1.39,0.0684931506849315
11382,401155419,10.0,10.0,1,0,1.33,0.78,0.16,-0.56,0.37,1.7,0.1232876712328767
10404,401155419,21.0,21.0,0,1,-1.49,0.85,2.57,-0.54,2.88,1.39,0.273972602739726
1037,401155419,61.0,61.0,0,0,-0.95,-0.11,-0.97,0.23,-0.85,-1.8,0.821917808219178
7001,401155419,29.0,29.0,0,1,1.11,0.43,0.87,0.12,1.42,2.53,0.3835616438356164
9478,401155419,3.0,3.0,1,0,0.48,0.1,0.5,1.12,1.72,2.2,0.0273972602739726
3378,401155419,55.0,55.0,0,0,-1.81,0.59,-0.74,0.35,0.2,-1.61,0.7397260273972602
8961,401155419,4.0,4.0,1,0,1.75,-0.56,2.78,0.92,3.14,4.89,0.0410958904109589
9569,401155419,64.0,64.0,0,0,-0.97,-0.61,-0.48,-1.04,-2.14,-3.11,0.863013698630137
2230,401155419,14.0,14.0,0,1,-0.27,0.79,-0.18,-0.13,0.47,0.2,0.1780821917808219
9513,401155419,17.0,17.0,0,1,1.55,0.1,-0.79,0.03,-0.67,0.89,0.2191780821917808
6086,401155419,6.0,6.0,1,0,1.12,0.29,2.21,0.4,2.91,4.03,0.0684931506849315
9002,401155419,64.0,64.0,0,0,-1.88,0.76,1.1,0.54,2.41,0.53,0.863013698630137
3970,401155419,68.0,68.0,0,0,-1.44,-1.23,0.37,0.33,-0.53,-1.97,0.9178082191780822
1157,401155419,21.0,21.0,0,1,1.49,0.47,-1.15,0.9,0.21,1.7,0.273972602739726
1185,401155419,43.0,43.0,0,0,-0.18,0.25,-1.02,-0.16,-0.93,-1.11,0.5753424657534246
4408315,401155419,29.0,29.0,0,1,1.26,-1.28,1.98,0.42,1.12,2.39,0.3835616438356164
6185,401155419,64.0,64.0,0,0,-0.07,0.8,-3.32,-0.7,-3.23,-3.3,0.863013698630137
9040,401155419,55.0,55.0,0,0,-0.51,-1.29,1.43,-1.43,-1.29,-1.8,0.7397260273972602
9261,401155418,38.0,38.0,0,0,-0.23,0.31,0.93,-0.36,0.88,0.65,0.5692307692307692
3832,401155418,32.0,32.0,0,0,-0.95,0.46,0.87,0.52,1.86,0.9,0.47692307692307695
5502,401155418,57.0,57.0,0,0,0.81,0.3,-0.13,-1.08,-0.91,-0.1,0.8615384615384616
1225,401155418,32.0,32.0,0,0,0.2,-0.04,0.28,0.46,0.7,0.9,0.47692307692307695
4780,401155418,9.0,9.0,1,0,0.8,0.54,0.3,0.26,1.1,1.9,0.12307692307692308
4638,401155418,45.0,45.0,0,0,0.48,0.11,-0.06,-0.12,-0.08,0.4,0.676923076923077
1222,401155418,12.0,12.0,0,1,0.96,0.18,0.29,0.23,0.69,1.65,0.16923076923076924
3596,401155418,2.0,2.0,1,0,1.49,-0.23,1.61,0.03,1.41,2.9,0.015384615384615385
3599,401155418,53.0,53.0,0,0,-1.33,0.68,1.27,-0.47,1.48,0.15,0.8
3454,401155418,21.0,21.0,0,1,0.83,-0.31,0.41,0.46,0.57,1.4,0.3076923076923077
9126,401155418,12.0,12.0,0,1,1.27,0.06,-0.01,0.33,0.38,1.65,0.16923076923076924
10863,401155418,9.0,9.0,1,0,-0.1,0.17,0.85,0.98,2.0,1.9,0.12307692307692308
208,401155418,12.0,12.0,0,1,0.36,0.53,0.9,-0.14,1.29,1.65,0.16923076923076924
10592,401155418,21.0,21.0,0,1,-0.2,0.8,0.72,0.09,1.6,1.4,0.3076923076923077
5532,401155418,53.0,53.0,0,0,-0.49,-0.54,0.98,0.2,0.64,0.15,0.8
8975,401155418,38.0,38.0,0,0,0.18,-0.37,0.37,0.47,0.47,0.65,0.5692307692307692
9131,401155418,1.0,1.0,1,0,2.06,0.59,-0.21,0.46,0.84,2.9,0.0
9025,401155418,38.0,38.0,0,0,-0.69,0.06,0.61,0.66,1.34,0.65,0.5692307692307692
431,401155418,28.0,28.0,0,1,0.29,0.2,0.25,0.41,0.86,1.15,0.4153846153846154
5882,401155418,21.0,21.0,0,1,0.29,-0.52,1.01,0.62,1.11,1.4,0.3076923076923077
301,401155418,4.0,4.0,1,0,1.21,0.75,0.89,-0.45,1.19,2.4,0.046153846153846156
4844,401155418,57.0,57.0,0,0,-0.3,-0.22,-0.41,0.83,0.2,-0.1,0.8615384615384616
5860,401155418,12.0,12.0,0,1,-0.86,0.66,1.44,0.4,2.51,1.65,0.16923076923076924
5573,401155418,9.0,9.0,1,0,2.04,-0.13,0.22,-0.23,-0.14,1.9,0.12307692307692308
5504,401155418,57.0,57.0,0,0,0.0,0.94,-0.49,-0.55,-0.1,-0.1,0.8615384615384616
5902,401155418,45.0,45.0,0,0,0.2,-0.18,0.46,-0.08,0.2,0.4,0.676923076923077
6196,401155418,12.0,12.0,0,1,0.95,0.23,0.28,0.19,0.7,1.65,0.16923076923076924
243,401155418,45.0,45.0,0,0,0.45,-0.19,0.84,-0.7,-0.05,0.4,0.676923076923077
11099,401155418,57.0,57.0,0,0,-1.83,0.21,0.56,0.96,1.73,-0.1,0.8615384615384616
2883,401155418,7.0,7.0,1,0,1.14,0.0,1.12,-0.11,1.01,2.15,0.09230769230769231
446,401155418,45.0,45.0,0,0,-0.62,-0.33,0.97,0.38,1.02,0.4,0.676923076923077
4513,401155418,12.0,12.0,0,1,0.43,0.06,0.84,0.32,1.22,1.65,0.16923076923076924
10363,401155418,45.0,45.0,0,0,-0.09,0.3,-0.23,0.42,0.49,0.4,0.676923076923077
2552,401155418,4.0,4.0,1,0,-0.23,0.85,1.32,0.46,2.63,2.4,0.046153846153846156
5962,401155418,7.0,7.0,1,0,0.9,0.22,0.09,0.94,1.25,2.15,0.09230769230769231
6648,401155418,21.0,21.0,0,1,0.51,-0.01,0.61,0.28,0.89,1.4,0.3076923076923077
10065,401155418,38.0,38.0,0,0,0.0,-0.47,1.1,0.02,0.65,0.65,0.5692307692307692
4425900,401155418,65.0,65.0,0,0,1.53,-0.81,-0.86,-0.46,-2.13,-0.6,0.9846153846153847
1367,401155418,38.0,38.0,0,0,0.42,-0.24,-0.31,0.78,0.23,0.65,0.5692307692307692
3351,401155418,28.0,28.0,0,1,-1.03,-0.6,1.69,1.1,2.18,1.15,0.4153846153846154
6954,401155418,32.0,32.0,0,0,1.64,-0.46,0.26,-0.53,-0.74,0.9,0.47692307692307695
3688,401155418,38.0,38.0,0,0,0.34,0.18,0.03,0.1,0.31,0.65,0.5692307692307692
1600,401155418,53.0,53.0,0,0,0.86,0.11,-0.38,-0.44,-0.71,0.15,0.8
3792,401155418,32.0,32.0,0,0,-0.42,-0.27,1.27,0.32,1.32,0.9,0.47692307692307695
5692,401155418,12.0,12.0,0,1,1.13,0.51,0.74,-0.73,0.52,1.65,0.16923076923076924
707,401155418,45.0,45.0,0,0,-0.73,0.17,0.67,0.29,1.13,0.4,0.676923076923077
6825,401155418,38.0,38.0,0,0,1.18,0.29,-0.66,-0.16,-0.53,0.65,0.5692307692307692
3948,401155418,57.0,57.0,0,0,1.41,1.02,-1.75,-0.78,-1.51,-0.1,0.8615384615384616
4350033,401155418,45.0,45.0,0,0,-0.04,0.49,-0.84,0.79,0.44,0.4,0.676923076923077
4483,401155418,32.0,32.0,0,0,-0.42,0.16,1.47,-0.31,1.32,0.9,0.47692307692307695
1733,401155418,21.0,21.0,0,1,0.28,0.51,0.72,-0.11,1.12,1.4,0.3076923076923077
962,401155418,4.0,4.0,1,0,0.63,0.09,0.32,1.37,1.77,2.4,0.046153846153846156
377,401155418,21.0,21.0,0,1,0.66,0.3,0.0,0.45,0.74,1.4,0.3076923076923077
1210,401155418,57.0,57.0,0,0,-0.22,0.52,-1.05,0.65,0.12,-0.1,0.8615384615384616
11382,401155418,21.0,21.0,0,1,0.84,-0.64,0.35,0.84,0.56,1.4,0.3076923076923077
9076,401155418,66.0,66.0,0,0,0.33,-0.19,-0.68,-0.82,-1.68,-1.35,1.0
1037,401155418,45.0,45.0,0,0,0.62,-0.19,-0.19,0.16,-0.22,0.4,0.676923076923077
7001,401155418,28.0,28.0,0,1,0.06,0.17,0.5,0.42,1.09,1.15,0.4153846153846154
8961,401155418,53.0,53.0,0,0,0.18,0.78,-1.3,0.49,-0.03,0.15,0.8
9513,401155418,63.0,63.0,0,0,-0.63,0.2,0.44,-0.36,0.28,-0.35,0.9538461538461539
6086,401155418,12.0,12.0,0,1,1.28,0.07,0.97,-0.67,0.37,1.65,0.16923076923076924
1157,401155418,32.0,32.0,0,0,0.01,0.59,0.09,0.21,0.89,0.9,0.47692307692307695
1185,401155418,12.0,12.0,0,1,0.83,-0.12,1.18,-0.25,0.82,1.65,0.16923076923076924
1614,401155418,3.0,3.0,1,0,0.99,0.25,1.2,0.21,1.66,2.65,0.03076923076923077
9040,401155418,63.0,63.0,0,0,0.57,0.12,-0.89,-0.15,-0.92,-0.35,0.9538461538461539
686,401155418,28.0,28.0,0,1,0.42,0.53,0.74,-0.53,0.73,1.15,0.4153846153846154
6015,401155413,23.0,23.0,0,1,-0.08,0.57,-0.02,-0.99,-0.44,-0.52,0.6666666666666666
3454,401155413,29.0,29.0,0,1,-0.65,0.6,-0.58,-0.65,-0.63,-1.27,0.8484848484848485
11098,401155413,14.0,14.0,0,1,-0.31,0.04,-0.34,0.84,0.54,0.23,0.3939393939393939
9126,401155413,19.0,19.0,0,1,-0.62,-0.17,0.61,-0.09,0.35,-0.27,0.5454545454545454
10592,401155413,7.0,7.0,1,0,-0.1,-0.06,0.75,0.89,1.57,1.48,0.18181818181818182
769,401155413,27.0,27.0,0,1,0.22,-0.14,0.0,-1.11,-1.25,-1.02,0.7878787878787878
5167,401155413,31.0,31.0,0,0,-0.37,-0.38,-0.7,-0.58,-1.65,-2.02,0.9090909090909091
3448,401155413,7.0,7.0,1,0,1.62,-0.73,0.43,0.16,-0.14,1.48,0.18181818181818182
301,401155413,23.0,23.0,0,1,-0.44,0.08,1.05,-1.22,-0.08,-0.52,0.6666666666666666
3550,401155413,7.0,7.0,1,0,0.6,-0.03,0.38,0.53,0.88,1.48,0.18181818181818182
3598,401155413,27.0,27.0,0,1,-0.4,-1.11,0.25,0.24,-0.63,-1.02,0.7878787878787878
1067,401155413,30.0,30.0,0,1,0.0,0.08,-1.71,-0.14,-1.77,-1.77,0.8787878787878788
11099,401155413,5.0,5.0,1,0,0.87,0.25,0.25,0.36,0.86,1.73,0.12121212121212122
10505,401155413,11.0,11.0,0,1,1.25,0.39,-0.31,-0.34,-0.27,0.98,0.30303030303030304
9780,401155413,10.0,10.0,1,0,-0.27,0.65,0.28,0.57,1.5,1.23,0.2727272727272727
4848,401155413,1.0,1.0,1,0,0.22,0.45,1.43,0.63,2.51,2.73,0.0
2552,401155413,14.0,14.0,0,1,-0.36,0.4,0.12,0.08,0.59,0.23,0.3939393939393939
8906,401155413,32.0,32.0,0,0,-0.65,-1.57,-1.12,0.07,-2.62,-3.27,0.9393939393939394
318,401155413,32.0,32.0,0,0,-1.45,0.49,-0.39,-1.92,-1.83,-3.27,0.9393939393939394
5962,401155413,13.0,13.0,0,1,-0.48,0.33,0.88,0.0,1.21,0.73,0.36363636363636365
8973,401155413,25.0,25.0,0,1,-0.65,-0.34,-0.24,0.46,-0.12,-0.77,0.7272727272727273
257,401155413,14.0,14.0,0,1,0.91,-0.2,0.3,-0.79,-0.68,0.23,0.3939393939393939
6151,401155413,34.0,34.0,0,0,-1.98,-0.98,-1.96,-0.35,-3.29,-5.27,1.0
4412121,401155413,11.0,11.0,0,1,0.4,-0.04,-0.39,1.01,0.58,0.98,0.30303030303030304
1600,401155413,19.0,19.0,0,1,-0.28,-0.24,0.45,-0.2,0.01,-0.27,0.5454545454545454
6007,401155413,4.0,4.0,1,0,1.19,0.3,1.64,-1.15,0.79,1.98,0.09090909090909091
72,401155413,19.0,19.0,0,1,-1.17,-0.25,0.69,0.46,0.9,-0.27,0.5454545454545454
5579,401155413,2.0,2.0,1,0,2.33,0.7,-0.36,0.07,0.4,2.73,0.030303030303030304
3702,401155413,5.0,5.0,1,0,0.39,0.67,0.22,0.45,1.34,1.73,0.12121212121212122
962,401155413,17.0,17.0,0,1,0.38,-0.13,-0.79,0.52,-0.4,-0.02,0.48484848484848486
4449,401155413,25.0,25.0,0,1,-0.72,-0.56,-0.42,0.94,-0.05,-0.77,0.7272727272727273
10404,401155413,17.0,17.0,0,1,1.11,0.04,-1.35,0.17,-1.13,-0.02,0.48484848484848486
9569,401155413,19.0,19.0,0,1,-0.33,0.12,-0.01,-0.05,0.06,-0.27,0.5454545454545454
10140,401155413,2.0,2.0,1,0,-0.18,0.77,0.97,1.16,2.91,2.73,0.030303030303030304
16,401148235,33.0,33.0,0,0,0.31,0.89,0.33,-0.64,0.58,0.89,0.48484848484848486
5548,401148235,2.0,2.0,1,0,1.11,0.43,1.71,-0.11,2.03,3.13,0.015151515151515152
4682,401148235,23.0,23.0,0,1,-0.02,-0.2,0.68,0.68,1.15,1.13,0.3333333333333333
6015,401148235,23.0,23.0,0,1,0.68,-0.23,0.51,0.17,0.45,1.13,0.3333333333333333
388,401148235,17.0,17.0,0,1,0.44,0.92,1.22,-1.19,0.95,1.39,0.24242424242424243
5338,401148235,44.0,44.0,0,0,-0.03,1.32,-0.61,-0.3,0.41,0.38,0.6515151515151515
10046,401148235,13.0,13.0,0,1,0.76,0.24,0.2,0.43,0.87,1.64,0.18181818181818182
2283,401148235,23.0,23.0,0,1,0.24,1.2,-0.49,0.18,0.9,1.14,0.3333333333333333
159,401148235,23.0,23.0,0,1,0.93,0.31,0.71,-0.82,0.2,1.14,0.3333333333333333
4780,401148235,44.0,44.0,0,0,-0.31,-0.21,1.08,-0.18,0.69,0.39,0.6515151515151515
1222,401148235,17.0,17.0,0,1,1.05,0.36,0.18,-0.21,0.34,1.39,0.24242424242424243
3596,401148235,60.0,60.0,0,0,-0.38,0.07,0.3,-0.61,-0.24,-0.61,0.8939393939393939
3599,401148235,17.0,17.0,0,1,0.71,0.77,-0.44,0.35,0.68,1.39,0.24242424242424243
712,401148235,62.0,62.0,0,0,-0.43,-0.34,-0.11,0.02,-0.43,-0.86,0.9242424242424242
11098,401148235,1.0,1.0,1,0,0.51,0.51,0.7,1.67,2.88,3.39,0.0
9126,401148235,13.0,13.0,0,1,-0.42,-0.66,1.24,1.48,2.06,1.63,0.18181818181818182
5704,401148235,23.0,23.0,0,1,-0.18,0.88,0.17,0.27,1.32,1.14,0.3333333333333333
208,401148235,4.0,4.0,1,0,1.67,0.17,0.14,0.41,0.72,2.38,0.045454545454545456
10592,401148235,10.0,10.0,1,0,0.07,0.22,1.36,0.23,1.82,1.89,0.13636363636363635
5532,401148235,40.0,40.0,0,0,0.24,0.29,-0.03,0.13,0.39,0.64,0.5909090909090909
1121,401148235,7.0,7.0,1,0,0.44,0.43,1.12,0.15,1.7,2.14,0.09090909090909091
769,401148235,33.0,33.0,0,0,-1.01,-0.01,1.36,0.55,1.9,0.88,0.48484848484848486
4645,401148235,44.0,44.0,0,0,-0.05,0.05,0.65,-0.27,0.44,0.39,0.6515151515151515
9025,401148235,23.0,23.0,0,1,1.35,0.66,-1.29,0.42,-0.21,1.14,0.3333333333333333
5167,401148235,7.0,7.0,1,0,0.98,0.5,0.38,0.27,1.15,2.13,0.09090909090909091
928,401148235,52.0,52.0,0,0,0.82,-0.29,-0.11,-0.53,-0.93,-0.11,0.7727272727272727
3375,401148235,56.0,56.0,0,0,-0.41,0.3,-0.12,-0.13,0.05,-0.37,0.8333333333333334
1483,401148235,23.0,23.0,0,1,0.87,-0.07,0.41,-0.07,0.27,1.14,0.3333333333333333
5408,401148235,33.0,33.0,0,0,0.07,-0.38,0.44,0.75,0.81,0.89,0.48484848484848486
4844,401148235,23.0,23.0,0,1,0.48,-0.34,0.9,0.09,0.65,1.14,0.3333333333333333
11387,401148235,44.0,44.0,0,0,0.64,0.23,-0.32,-0.15,-0.25,0.39,0.6515151515151515
6991,401148235,17.0,17.0,0,1,-0.16,0.95,-0.6,1.19,1.54,1.38,0.24242424242424243
153,401148235,17.0,17.0,0,1,0.5,-0.34,0.65,0.57,0.89,1.39,0.24242424242424243
4848,401148235,4.0,4.0,1,0,0.5,0.64,0.98,0.27,1.89,2.38,0.045454545454545456
1030,401148235,56.0,56.0,0,0,-0.72,0.04,-0.41,0.72,0.36,-0.36,0.8333333333333334
3857,401148235,40.0,40.0,0,0,0.79,0.18,-0.98,0.64,-0.15,0.64,0.5909090909090909
4351896,401148235,62.0,62.0,0,0,0.79,-0.43,-1.37,0.15,-1.66,-0.86,0.9242424242424242
5962,401148235,17.0,17.0,0,1,1.04,-0.3,0.63,0.01,0.34,1.39,0.24242424242424243
4859,401148235,49.0,49.0,0,0,0.44,0.01,0.18,-0.5,-0.31,0.14,0.7272727272727273
8973,401148235,62.0,62.0,0,0,1.06,-0.84,-1.02,-0.06,-1.92,-0.86,0.9242424242424242
9143,401148235,13.0,13.0,0,1,1.61,0.21,0.59,-0.77,0.03,1.64,0.18181818181818182
3351,401148235,3.0,3.0,1,0,0.14,0.88,1.19,0.43,2.49,2.64,0.030303030303030304
9530,401148235,52.0,52.0,0,0,0.68,-0.23,-0.64,0.08,-0.79,-0.11,0.7727272727272727
3688,401148235,23.0,23.0,0,1,0.53,0.96,-0.64,0.3,0.61,1.14,0.3333333333333333
3792,401148235,10.0,10.0,1,0,0.87,0.11,0.56,0.35,1.02,1.89,0.13636363636363635
1042,401148235,10.0,10.0,1,0,1.67,0.64,-0.17,-0.25,0.22,1.89,0.13636363636363635
6007,401148235,40.0,40.0,0,0,-0.54,-0.48,0.7,0.96,1.17,0.64,0.5909090909090909
6825,401148235,44.0,44.0,0,0,0.28,-0.29,-0.24,0.64,0.11,0.39,0.6515151515151515
801,401148235,62.0,62.0,0,0,0.79,-0.01,-0.65,-0.99,-1.65,-0.86,0.9242424242424242
3683,401148235,33.0,33.0,0,0,0.72,0.88,-0.55,-0.17,0.16,0.89,0.48484848484848486
3948,401148235,33.0,33.0,0,0,0.27,0.72,-0.04,-0.07,0.61,0.88,0.48484848484848486
1733,401148235,52.0,52.0,0,0,-0.67,0.83,0.12,-0.39,0.55,-0.11,0.7727272727272727
9531,401148235,52.0,52.0,0,0,0.7,-0.04,-1.24,0.46,-0.82,-0.12,0.7727272727272727
6090,401148235,13.0,13.0,0,1,0.16,1.07,0.3,0.11,1.48,1.64,0.18181818181818182
1210,401148235,23.0,23.0,0,1,0.18,0.34,0.25,0.36,0.95,1.14,0.3333333333333333
11382,401148235,49.0,49.0,0,0,-0.16,-1.86,1.36,0.8,0.3,0.14,0.7272727272727273
7081,401148235,49.0,49.0,0,0,0.38,0.08,-0.35,0.02,-0.25,0.14,0.7272727272727273
10404,401148235,33.0,33.0,0,0,0.31,-0.33,-0.04,0.94,0.57,0.89,0.48484848484848486
1037,401148235,67.0,67.0,0,0,-1.22,-0.41,-0.6,0.11,-0.9,-2.12,1.0
9569,401148235,56.0,56.0,0,0,0.16,-0.37,0.31,-0.46,-0.52,-0.37,0.8333333333333334
9513,401148235,56.0,56.0,0,0,-0.49,0.13,0.36,-0.36,0.13,-0.37,0.8333333333333334
9002,401148235,66.0,66.0,0,0,-1.44,-0.64,0.31,-0.1,-0.43,-1.86,0.9848484848484849
1185,401148235,60.0,60.0,0,0,-0.11,0.3,-1.18,0.38,-0.5,-0.61,0.8939393939393939
4479,401148235,7.0,7.0,1,0,0.23,0.9,0.47,0.53,1.91,2.13,0.09090909090909091
9040,401148235,4.0,4.0,1,0,2.15,0.6,-0.21,-0.15,0.23,2.39,0.045454545454545456
9261,401056542,21.0,21.0,0,1,-0.67,-0.42,-0.49,0.37,-0.54,-1.22,0.7142857142857143
388,401056542,6.0,6.0,1,0,0.6,-0.18,1.21,-0.36,0.68,1.28,0.17857142857142858
10046,401056542,12.0,12.0,0,1,0.72,-0.41,0.18,0.54,0.31,1.03,0.39285714285714285
6798,401056542,3.0,3.0,1,0,0.44,0.24,1.19,-0.33,1.1,1.53,0.07142857142857142
1222,401056542,24.0,24.0,0,1,-1.04,-0.51,0.9,-0.31,0.07,-0.97,0.8214285714285714
9126,401056542,26.0,26.0,0,1,-1.66,-0.18,0.18,0.7,0.69,-0.97,0.8928571428571429
208,401056542,28.0,28.0,0,1,0.83,-0.77,-1.09,0.05,-1.8,-0.97,0.9642857142857143
769,401056542,8.0,8.0,1,0,-0.77,0.51,1.21,0.34,2.06,1.28,0.25
3448,401056542,29.0,29.0,0,1,-1.27,-0.11,-2.25,0.42,-1.94,-3.22,1.0
3550,401056542,15.0,15.0,0,1,-0.6,0.49,0.26,-0.37,0.38,-0.22,0.5
5860,401056542,9.0,9.0,1,0,0.15,0.43,0.74,-0.78,0.39,0.53,0.2857142857142857
3317,401056542,14.0,14.0,0,1,-0.55,0.11,1.23,0.0,1.33,0.78,0.4642857142857143
9780,401056542,12.0,12.0,0,1,-0.52,-0.33,1.49,-0.61,0.56,0.03,0.39285714285714285
569,401056542,26.0,26.0,0,1,-1.42,-0.22,0.62,-0.21,0.2,-1.22,0.8928571428571429
4848,401056542,3.0,3.0,1,0,-0.54,0.93,-0.51,0.9,1.32,0.78,0.07142857142857142
2552,401056542,9.0,9.0,1,0,1.06,0.13,-0.24,-0.16,-0.27,0.78,0.2857142857142857
676,401056542,29.0,29.0,0,1,0.11,-0.35,-2.29,0.07,-2.57,-2.47,1.0
1293,401056542,21.0,21.0,0,1,0.9,-0.75,-0.82,0.45,-1.12,-0.22,0.7142857142857143
257,401056542,16.0,16.0,0,1,1.07,-0.05,-1.24,-0.5,-1.79,-0.72,0.5357142857142857
3351,401056542,24.0,24.0,0,1,-0.55,0.43,-0.2,-0.39,-0.17,-0.72,0.8214285714285714
6007,401056542,21.0,21.0,0,1,-1.71,-0.12,0.22,-0.6,-0.51,-2.22,0.7142857142857143
72,401056542,5.0,5.0,1,0,0.34,0.16,0.81,0.48,1.45,1.78,0.14285714285714285
5579,401056542,9.0,9.0,1,0,0.21,0.39,-0.69,-0.13,-0.43,-0.22,0.2857142857142857
3702,401056542,19.0,19.0,0,1,1.0,-0.12,-1.28,-0.07,-1.47,-0.47,0.6428571428571429
3470,401056542,1.0,1.0,1,0,0.54,0.62,0.8,1.33,2.74,3.28,0.0
11382,401056542,19.0,19.0,0,1,1.77,-0.41,-1.43,-0.14,-1.98,-0.22,0.6428571428571429
2230,401056542,7.0,7.0,1,0,0.65,0.15,-0.02,0.26,0.39,1.03,0.21428571428571427
5539,401056542,16.0,16.0,0,1,-0.89,0.55,0.22,0.15,0.92,0.03,0.5357142857142857
1614,401056542,16.0,16.0,0,1,1.4,-0.21,-0.71,-1.19,-2.11,-0.72,0.5357142857142857
10140,401056542,2.0,2.0,1,0,0.41,0.01,2.01,0.1,2.12,2.53,0.03571428571428571
9261,401056543,28.0,28.0,0,1,0.27,0.09,-0.36,0.18,-0.09,0.18,0.39705882352941174
5548,401056543,43.0,43.0,0,0,0.84,-0.03,-0.75,-0.62,-1.41,-0.57,0.6176470588235294
6015,401056543,65.0,65.0,0,0,-1.27,-0.8,0.51,-0.52,-0.8,-2.07,0.9411764705882353
5502,401056543,43.0,43.0,0,0,-0.05,-0.22,0.4,-0.7,-0.53,-0.57,0.6176470588235294
388,401056543,9.0,9.0,1,0,0.54,0.03,0.77,0.09,0.88,1.43,0.11764705882352941
5285,401056543,28.0,28.0,0,1,-0.85,0.76,-0.48,0.75,1.03,0.18,0.39705882352941174
10046,401056543,48.0,48.0,0,0,-0.53,-0.5,-0.12,0.33,-0.29,-0.82,0.6911764705882353
1651,401056543,37.0,37.0,0,0,-0.18,0.04,-0.14,-0.04,-0.14,-0.32,0.5294117647058824
6798,401056543,24.0,24.0,0,1,0.71,-0.39,-0.07,0.17,-0.29,0.43,0.3382352941176471
1222,401056543,5.0,5.0,1,0,1.82,0.76,-0.52,-0.13,0.11,1.93,0.058823529411764705
11098,401056543,65.0,65.0,0,0,-1.36,-0.44,-1.62,1.35,-0.71,-2.07,0.9411764705882353
9126,401056543,7.0,7.0,1,0,0.43,-0.16,1.42,0.0,1.25,1.68,0.08823529411764706
208,401056543,37.0,37.0,0,0,-0.93,0.48,-0.24,0.36,0.6,-0.32,0.5294117647058824
10592,401056543,48.0,48.0,0,0,-1.21,-0.25,0.31,0.34,0.39,-0.82,0.6911764705882353
6017,401056543,31.0,31.0,0,0,-0.06,0.56,-0.19,-0.38,-0.01,-0.07,0.4411764705882353
769,401056543,57.0,57.0,0,0,-0.06,-1.04,0.23,-0.46,-1.27,-1.32,0.8235294117647058
5167,401056543,52.0,52.0,0,0,-0.6,-0.22,-0.44,0.19,-0.47,-1.07,0.75
3448,401056543,57.0,57.0,0,0,-0.67,0.14,-1.64,0.85,-0.65,-1.32,0.8235294117647058
5882,401056543,31.0,31.0,0,0,-0.77,-0.47,0.66,0.51,0.7,-0.07,0.4411764705882353
1483,401056543,61.0,61.0,0,0,0.23,-0.06,-1.26,-0.49,-1.81,-1.57,0.8823529411764706
301,401056543,57.0,57.0,0,0,-0.14,0.15,0.1,-1.43,-1.18,-1.32,0.8235294117647058
3550,401056543,31.0,31.0,0,0,0.13,-0.3,0.12,-0.02,-0.2,-0.07,0.4411764705882353
5860,401056543,3.0,3.0,1,0,0.92,0.61,0.82,0.58,2.01,2.93,0.029411764705882353
6991,401056543,68.0,68.0,0,0,-1.4,-0.25,-0.96,0.28,-0.92,-2.32,0.9852941176470589
619,401056543,31.0,31.0,0,0,0.19,0.8,-0.28,-0.78,-0.27,-0.07,0.4411764705882353
6196,401056543,24.0,24.0,0,1,-0.1,0.6,0.01,-0.08,0.53,0.43,0.3382352941176471
1680,401056543,52.0,52.0,0,0,1.84,-0.37,-1.72,-0.83,-2.92,-1.07,0.75
153,401056543,57.0,57.0,0,0,-0.34,-0.19,0.03,-0.82,-0.98,-1.32,0.8235294117647058
1067,401056543,65.0,65.0,0,0,-1.68,0.29,-0.59,-0.1,-0.39,-2.07,0.9411764705882353
3317,401056543,19.0,19.0,0,1,1.05,-0.4,-0.46,0.48,-0.37,0.68,0.2647058823529412
11099,401056543,31.0,31.0,0,0,-0.03,-0.32,0.02,0.26,-0.04,-0.07,0.4411764705882353
10505,401056543,16.0,16.0,0,1,0.46,0.44,-0.07,0.1,0.47,0.93,0.22058823529411764
9780,401056543,5.0,5.0,1,0,1.12,0.26,-0.28,0.82,0.8,1.93,0.058823529411764705
569,401056543,52.0,52.0,0,0,-1.27,0.32,-0.03,-0.09,0.2,-1.07,0.75
5467,401056543,37.0,37.0,0,0,0.9,-0.61,-0.55,-0.07,-1.22,-0.32,0.5294117647058824
4848,401056543,1.0,1.0,1,0,1.28,0.59,1.93,0.38,2.9,4.18,0.0
4513,401056543,43.0,43.0,0,0,-0.18,-0.76,-0.62,0.99,-0.39,-0.57,0.6176470588235294
2552,401056543,9.0,9.0,1,0,1.52,-0.61,0.68,-0.16,-0.1,1.43,0.11764705882352941
8906,401056543,52.0,52.0,0,0,-1.09,0.33,0.26,-0.57,0.02,-1.07,0.75
3793,401056543,11.0,11.0,0,1,0.44,0.39,0.59,-0.25,0.73,1.18,0.14705882352941177
676,401056543,7.0,7.0,1,0,0.1,0.42,1.12,0.04,1.58,1.68,0.08823529411764706
1293,401056543,11.0,11.0,0,1,0.44,-0.71,1.39,0.06,0.74,1.18,0.14705882352941177
8973,401056543,61.0,61.0,0,0,-1.11,-0.04,-0.65,0.23,-0.46,-1.57,0.8823529411764706
257,401056543,52.0,52.0,0,0,0.12,-0.14,-0.02,-1.03,-1.19,-1.07,0.75
3351,401056543,19.0,19.0,0,1,1.68,-0.24,-0.49,-0.28,-1.0,0.68,0.2647058823529412
1600,401056543,69.0,69.0,0,0,-1.59,-0.4,-0.59,-0.25,-1.23,-2.82,1.0
6007,401056543,2.0,2.0,1,0,1.5,0.38,0.99,0.56,1.93,3.43,0.014705882352941176
72,401056543,24.0,24.0,0,1,0.51,-0.54,0.04,0.42,-0.08,0.43,0.3382352941176471
308,401056543,48.0,48.0,0,0,0.08,-0.03,-0.2,-0.67,-0.9,-0.82,0.6911764705882353
5579,401056543,19.0,19.0,0,1,0.82,-0.32,0.4,-0.21,-0.14,0.68,0.2647058823529412
4321,401056543,63.0,63.0,0,0,-1.2,0.4,-0.78,-0.24,-0.63,-1.82,0.9117647058823529
3702,401056543,11.0,11.0,0,1,1.24,0.32,-0.9,0.52,-0.06,1.18,0.14705882352941177
3470,401056543,19.0,19.0,0,1,0.01,-0.2,0.11,0.75,0.67,0.68,0.2647058823529412
809,401056543,37.0,37.0,0,0,-0.43,-0.4,0.87,-0.36,0.11,-0.32,0.5294117647058824
962,401056543,43.0,43.0,0,0,-0.04,-0.18,-0.27,-0.08,-0.53,-0.57,0.6176470588235294
377,401056543,16.0,16.0,0,1,0.04,0.51,0.63,-0.25,0.89,0.93,0.22058823529411764
11382,401056543,11.0,11.0,0,1,0.67,0.78,0.27,-0.54,0.51,1.18,0.14705882352941177
4449,401056543,63.0,63.0,0,0,-2.23,0.27,-0.18,0.32,0.41,-1.82,0.9117647058823529
7081,401056543,28.0,28.0,0,1,0.08,0.09,0.19,-0.18,0.1,0.18,0.39705882352941174
4587,401056543,48.0,48.0,0,0,0.0,1.27,-1.98,-0.11,-0.82,-0.82,0.6911764705882353
1037,401056543,37.0,37.0,0,0,0.7,-0.42,-0.11,-0.48,-1.02,-0.32,0.5294117647058824
2230,401056543,4.0,4.0,1,0,-0.97,0.37,2.05,0.98,3.4,2.43,0.04411764705882353
5539,401056543,11.0,11.0,0,1,0.27,0.23,0.29,0.4,0.91,1.18,0.14705882352941177
3970,401056543,43.0,43.0,0,0,-0.14,-0.64,0.72,-0.51,-0.43,-0.57,0.6176470588235294
462,401056543,37.0,37.0,0,0,0.18,-0.63,-0.11,0.24,-0.5,-0.32,0.5294117647058824
1185,401056543,16.0,16.0,0,1,-0.13,0.51,1.08,-0.54,1.05,0.93,0.22058823529411764
11119,401056543,31.0,31.0,0,0,0.07,-0.3,-0.62,0.78,-0.15,-0.07,0.4411764705882353
1614,401056543,24.0,24.0,0,1,0.08,-0.23,0.79,-0.21,0.35,0.43,0.3382352941176471
10140,401056543,19.0,19.0,0,1,-0.66,0.62,0.51,0.22,1.34,0.68,0.2647058823529412
9261,401056544,2.0,2.0,1,0,-0.34,0.87,1.07,1.49,3.43,3.09,0.012048192771084338
5548,401056544,43.0,43.0,0,0,0.47,-0.08,-0.14,0.1,-0.12,0.34,0.5060240963855421
4682,401056544,30.0,30.0,0,1,1.65,0.87,-0.92,-0.75,-0.81,0.84,0.3493975903614458
5502,401056544,12.0,12.0,0,1,1.28,0.06,0.92,-0.41,0.56,1.84,0.13253012048192772
10372,401056544,24.0,24.0,0,1,1.08,1.01,-1.76,0.76,0.01,1.09,0.27710843373493976
388,401056544,5.0,5.0,1,0,0.43,1.06,0.66,0.44,2.17,2.59,0.04819277108433735
10577,401056544,43.0,43.0,0,0,-0.59,-0.56,0.93,0.56,0.93,0.34,0.5060240963855421
5285,401056544,38.0,38.0,0,0,-0.55,0.26,0.71,0.17,1.14,0.59,0.4457831325301205
10046,401056544,24.0,24.0,0,1,0.0,1.13,0.06,-0.09,1.09,1.09,0.27710843373493976
4383,401056544,30.0,30.0,0,1,-1.11,1.68,0.03,0.24,1.96,0.84,0.3493975903614458
1225,401056544,52.0,52.0,0,0,-0.76,1.06,-1.51,1.3,0.85,0.09,0.6144578313253012
1651,401056544,21.0,21.0,0,1,2.43,-0.31,-1.17,0.4,-1.09,1.34,0.24096385542168675
6798,401056544,30.0,30.0,0,1,-0.37,0.41,-0.4,1.2,1.21,0.84,0.3493975903614458
1222,401056544,6.0,6.0,1,0,0.89,0.08,1.22,0.15,1.45,2.34,0.060240963855421686
3599,401056544,52.0,52.0,0,0,1.32,-0.18,-0.26,-0.79,-1.23,0.09,0.6144578313253012
11098,401056544,21.0,21.0,0,1,-0.05,0.1,0.37,0.91,1.39,1.34,0.24096385542168675
9126,401056544,21.0,21.0,0,1,0.61,-0.08,0.82,0.0,0.73,1.34,0.24096385542168675
5704,401056544,43.0,43.0,0,0,0.66,-0.18,0.01,-0.15,-0.32,0.34,0.5060240963855421
205,401056544,77.0,77.0,0,0,-0.16,-0.14,-0.02,-1.33,-1.5,-1.66,0.9156626506024096
10592,401056544,52.0,52.0,0,0,0.3,-0.84,-0.16,0.8,-0.2,0.09,0.6144578313253012
5532,401056544,67.0,67.0,0,0,0.58,-0.41,0.16,-1.0,-1.24,-0.66,0.7951807228915663
6017,401056544,24.0,24.0,0,1,-0.35,1.06,0.84,-0.47,1.44,1.09,0.27710843373493976
769,401056544,38.0,38.0,0,0,0.83,-0.82,0.06,0.52,-0.24,0.59,0.4457831325301205
9131,401056544,59.0,59.0,0,0,-0.74,0.29,-0.79,1.08,0.58,-0.16,0.6987951807228916
5167,401056544,43.0,43.0,0,0,-0.5,-0.22,1.37,-0.3,0.84,0.34,0.5060240963855421
3448,401056544,24.0,24.0,0,1,-0.42,0.34,1.4,-0.23,1.51,1.09,0.27710843373493976
3950,401056544,81.0,81.0,0,0,-1.51,-0.44,-0.82,0.85,-0.4,-1.91,0.963855421686747
4304,401056544,24.0,24.0,0,1,0.01,0.72,-0.69,1.05,1.08,1.09,0.27710843373493976
1483,401056544,82.0,82.0,0,0,-1.75,-0.36,0.48,-0.54,-0.41,-2.16,0.9759036144578314
3550,401056544,52.0,52.0,0,0,-0.27,-0.91,0.94,0.33,0.36,0.09,0.6144578313253012
5860,401056544,30.0,30.0,0,1,0.25,1.46,-1.14,0.27,0.59,0.84,0.3493975903614458
6991,401056544,3.0,3.0,1,0,0.03,0.34,2.37,0.1,2.81,2.84,0.024096385542168676
619,401056544,10.0,10.0,1,0,-0.15,0.38,1.81,0.05,2.24,2.09,0.10843373493975904
6196,401056544,67.0,67.0,0,0,-0.27,-0.57,0.21,-0.03,-0.39,-0.66,0.7951807228915663
153,401056544,52.0,52.0,0,0,-0.29,-0.62,1.14,-0.14,0.38,0.09,0.6144578313253012
1067,401056544,52.0,52.0,0,0,0.06,0.18,-0.3,0.16,0.03,0.09,0.6144578313253012
3317,401056544,12.0,12.0,0,1,-0.23,0.71,0.4,0.95,2.07,1.84,0.13253012048192772
11099,401056544,30.0,30.0,0,1,0.37,-0.75,0.56,0.66,0.47,0.84,0.3493975903614458
10505,401056544,59.0,59.0,0,0,0.43,-0.66,0.66,-0.59,-0.59,-0.16,0.6987951807228916
9780,401056544,3.0,3.0,1,0,0.8,-0.02,1.04,1.02,2.04,2.84,0.024096385542168676
569,401056544,10.0,10.0,1,0,1.9,0.05,0.0,0.14,0.19,2.09,0.10843373493975904
5467,401056544,6.0,6.0,1,0,2.09,-0.14,0.79,-0.4,0.26,2.34,0.060240963855421686
4848,401056544,12.0,12.0,0,1,-0.32,0.04,1.52,0.6,2.16,1.84,0.13253012048192772
1030,401056544,38.0,38.0,0,0,-0.68,-1.23,1.48,1.02,1.27,0.59,0.4457831325301205
5771,401056544,71.0,71.0,0,0,-0.62,0.53,0.06,-0.89,-0.29,-0.91,0.8433734939759037
4513,401056544,64.0,64.0,0,0,-0.79,-0.13,0.07,0.45,0.39,-0.41,0.7590361445783133
2552,401056544,12.0,12.0,0,1,1.24,-0.36,0.69,0.27,0.6,1.84,0.13253012048192772
8906,401056544,64.0,64.0,0,0,-1.53,0.08,0.62,0.42,1.13,-0.41,0.7590361445783133
318,401056544,77.0,77.0,0,0,0.85,0.32,-1.92,-0.91,-2.51,-1.66,0.9156626506024096
1778,401056544,71.0,71.0,0,0,-1.69,0.41,0.22,0.15,0.78,-0.91,0.8433734939759037
3793,401056544,24.0,24.0,0,1,0.66,-0.06,0.45,0.05,0.43,1.09,0.27710843373493976
676,401056544,43.0,43.0,0,0,0.07,-0.49,0.06,0.69,0.27,0.34,0.5060240963855421
1059,401056544,77.0,77.0,0,0,-1.1,-0.04,0.17,-0.69,-0.56,-1.66,0.9156626506024096
1293,401056544,6.0,6.0,1,0,-0.41,0.62,2.32,-0.2,2.75,2.34,0.060240963855421686
8973,401056544,38.0,38.0,0,0,0.9,-0.62,0.15,0.16,-0.31,0.59,0.4457831325301205
6931,401056544,67.0,67.0,0,0,0.53,-0.96,-0.12,-0.11,-1.19,-0.66,0.7951807228915663
1367,401056544,30.0,30.0,0,1,-0.08,0.12,1.07,-0.27,0.92,0.84,0.3493975903614458
2571,401056544,83.0,83.0,0,0,-0.83,-0.98,-1.07,0.47,-1.58,-2.41,0.9879518072289156
4412121,401056544,71.0,71.0,0,0,0.22,-0.17,-1.61,0.65,-1.13,-0.91,0.8433734939759037
1042,401056544,59.0,59.0,0,0,0.55,-0.7,-0.06,0.06,-0.71,-0.16,0.6987951807228916
6007,401056544,12.0,12.0,0,1,1.15,0.55,-0.08,0.22,0.69,1.84,0.13253012048192772
308,401056544,71.0,71.0,0,0,-0.87,0.64,0.57,-1.25,-0.04,-0.91,0.8433734939759037
5579,401056544,1.0,1.0,1,0,0.79,0.54,0.66,1.36,2.55,3.34,0.0
1750,401056544,43.0,43.0,0,0,1.0,0.04,-0.42,-0.28,-0.66,0.34,0.5060240963855421
5409,401056544,59.0,59.0,0,0,-0.66,-0.26,0.7,0.06,0.5,-0.16,0.6987951807228916
3470,401056544,6.0,6.0,1,0,1.06,-0.13,0.14,1.27,1.28,2.34,0.060240963855421686
809,401056544,18.0,18.0,0,1,-0.62,0.75,1.0,0.47,2.21,1.59,0.20481927710843373
962,401056544,77.0,77.0,0,0,-0.95,-1.13,0.26,0.16,-0.7,-1.66,0.9156626506024096
377,401056544,43.0,43.0,0,0,0.05,-0.42,0.18,0.53,0.29,0.34,0.5060240963855421
6090,401056544,64.0,64.0,0,0,0.82,0.02,-0.8,-0.44,-1.23,-0.41,0.7590361445783133
4591,401056544,76.0,76.0,0,0,-1.12,-0.04,-0.13,-0.12,-0.28,-1.41,0.9036144578313253
11382,401056544,38.0,38.0,0,0,0.22,0.26,-0.1,0.22,0.37,0.59,0.4457831325301205
7081,401056544,84.0,84.0,0,0,-2.18,-1.02,0.84,-0.54,-0.72,-2.91,1.0
4587,401056544,52.0,52.0,0,0,0.3,1.0,-0.15,-1.05,-0.2,0.09,0.6144578313253012
10404,401056544,43.0,43.0,0,0,0.55,0.61,0.24,-1.06,-0.21,0.34,0.5060240963855421
1037,401056544,67.0,67.0,0,0,0.51,-0.1,-1.35,0.28,-1.17,-0.66,0.7951807228915663
2230,401056544,30.0,30.0,0,1,-0.55,0.55,0.16,0.69,1.4,0.84,0.3493975903614458
5539,401056544,43.0,43.0,0,0,-0.08,0.5,-0.89,0.81,0.42,0.34,0.5060240963855421
9513,401056544,71.0,71.0,0,0,-0.05,0.35,-0.49,-0.73,-0.86,-0.91,0.8433734939759037
5553,401056544,59.0,59.0,0,0,-0.4,-0.68,1.05,-0.13,0.24,-0.16,0.6987951807228916
3970,401056544,12.0,12.0,0,1,1.62,0.39,0.18,-0.36,0.22,1.84,0.13253012048192772
1185,401056544,30.0,30.0,0,1,0.45,0.27,0.1,0.02,0.39,0.84,0.3493975903614458
11119,401056544,18.0,18.0,0,1,1.08,1.08,-1.02,0.45,0.52,1.59,0.20481927710843373
1614,401056544,18.0,18.0,0,1,0.47,0.91,0.44,-0.23,1.12,1.59,0.20481927710843373
512,401056545,60.0,60.0,0,0,0.81,-0.08,-0.87,0.05,-0.91,-0.1,0.7866666666666666
9517,401056545,72.0,72.0,0,0,0.47,-1.51,-0.13,0.57,-1.08,-0.6,0.9466666666666667
4989,401056545,53.0,53.0,0,0,-0.09,0.27,-0.27,0.23,0.24,0.15,0.6933333333333334
4682,401056545,19.0,19.0,0,1,0.34,-0.32,1.44,0.18,1.3,1.65,0.24
3832,401056545,60.0,60.0,0,0,-0.55,0.3,0.1,0.05,0.45,-0.1,0.7866666666666666
9127,401056545,31.0,31.0,0,0,-0.64,-0.37,1.41,0.75,1.79,1.15,0.4
10577,401056545,48.0,48.0,0,0,0.88,-0.19,-1.12,0.82,-0.49,0.4,0.6266666666666667
5285,401056545,3.0,3.0,1,0,0.69,0.84,1.48,0.13,2.46,3.15,0.02666666666666667
5338,401056545,22.0,22.0,0,1,0.74,-0.17,0.52,0.3,0.66,1.4,0.28
2283,401056545,6.0,6.0,1,0,1.4,0.44,-0.02,0.33,0.75,2.15,0.06666666666666667
4383,401056545,48.0,48.0,0,0,0.62,1.1,-0.34,-0.99,-0.23,0.4,0.6266666666666667
774,401056545,53.0,53.0,0,0,0.86,0.77,-0.75,-0.74,-0.72,0.15,0.6933333333333334
7161,401056545,36.0,36.0,0,0,0.62,-0.64,0.65,0.29,0.28,0.9,0.4666666666666667
1225,401056545,6.0,6.0,1,0,0.85,0.85,0.53,-0.08,1.3,2.15,0.06666666666666667
1651,401056545,6.0,6.0,1,0,1.29,-0.68,0.47,1.07,0.86,2.15,0.06666666666666667
1222,401056545,39.0,39.0,0,0,0.55,-0.44,0.67,-0.15,0.09,0.65,0.5066666666666667
3599,401056545,31.0,31.0,0,0,0.22,0.11,0.59,0.22,0.93,1.15,0.4
713,401056545,69.0,69.0,0,0,-1.11,-0.21,0.52,0.44,0.76,-0.35,0.9066666666666666
9126,401056545,22.0,22.0,0,1,-0.3,0.32,0.09,1.29,1.7,1.4,0.28
10863,401056545,22.0,22.0,0,1,1.2,0.83,-0.16,-0.48,0.19,1.4,0.28
5704,401056545,53.0,53.0,0,0,0.33,-0.42,0.52,-0.28,-0.18,0.15,0.6933333333333334
208,401056545,22.0,22.0,0,1,1.98,0.1,-0.22,-0.46,-0.58,1.4,0.28
10592,401056545,31.0,31.0,0,0,0.48,0.19,0.55,-0.08,0.67,1.15,0.4
5532,401056545,39.0,39.0,0,0,0.26,0.14,0.2,0.04,0.39,0.65,0.5066666666666667
769,401056545,48.0,48.0,0,0,-0.67,-0.61,1.2,0.48,1.07,0.4,0.6266666666666667
9025,401056545,39.0,39.0,0,0,-0.39,0.67,0.22,0.15,1.04,0.65,0.5066666666666667
10054,401056545,22.0,22.0,0,1,1.1,0.2,0.45,-0.35,0.29,1.4,0.28
3375,401056545,13.0,13.0,0,1,1.85,0.02,-0.29,0.32,0.04,1.9,0.16
5408,401056545,39.0,39.0,0,0,0.35,-0.45,0.29,0.45,0.29,0.65,0.5066666666666667
6991,401056545,60.0,60.0,0,0,-0.99,0.27,0.82,-0.2,0.89,-0.1,0.7866666666666666
5567,401056545,69.0,69.0,0,0,0.09,-0.41,-0.5,0.46,-0.44,-0.35,0.9066666666666666
6196,401056545,53.0,53.0,0,0,-0.63,-0.46,0.31,0.92,0.78,0.15,0.6933333333333334
3317,401056545,6.0,6.0,1,0,0.78,-0.26,0.49,1.13,1.37,2.15,0.06666666666666667
11099,401056545,13.0,13.0,0,1,1.38,-0.2,0.87,-0.15,0.52,1.9,0.16
10505,401056545,1.0,1.0,1,0,1.03,0.47,1.71,0.44,2.61,3.65,0.0
2883,401056545,60.0,60.0,0,0,-0.01,-0.11,-0.04,0.06,-0.09,-0.1,0.7866666666666666
3669,401056545,60.0,60.0,0,0,-0.14,0.33,-0.57,0.28,0.04,-0.1,0.7866666666666666
10166,401056545,69.0,69.0,0,0,-0.13,0.27,-0.74,0.24,-0.23,-0.35,0.9066666666666666
1568,401056545,6.0,6.0,1,0,0.28,0.19,1.03,0.64,1.87,2.15,0.06666666666666667
1265,401056545,13.0,13.0,0,1,1.6,-0.05,0.35,0.0,0.3,1.9,0.16
5771,401056545,60.0,60.0,0,0,-0.3,0.12,-0.18,0.27,0.2,-0.1,0.7866666666666666
1778,401056545,13.0,13.0,0,1,1.48,0.05,0.43,-0.07,0.41,1.9,0.16
676,401056545,72.0,72.0,0,0,-1.21,-0.36,0.05,0.91,0.6,-0.6,0.9466666666666667
6931,401056545,22.0,22.0,0,1,0.56,-0.07,0.81,0.1,0.84,1.4,0.28
3688,401056545,75.0,75.0,0,0,-0.49,-0.03,0.34,-0.67,-0.36,-0.85,0.9866666666666667
453,401056545,76.0,76.0,0,0,0.51,-0.77,-0.46,-0.63,-1.86,-1.35,1.0
4412121,401056545,19.0,19.0,0,1,0.4,0.09,1.4,-0.24,1.25,1.65,0.24
72,401056545,13.0,13.0,0,1,0.11,0.18,1.25,0.36,1.78,1.9,0.16
3980,401056545,13.0,13.0,0,1,1.81,0.05,0.43,-0.4,0.09,1.9,0.16
5579,401056545,22.0,22.0,0,1,1.54,-0.08,-0.59,0.52,-0.15,1.4,0.28
1674,401056545,72.0,72.0,0,0,0.93,-0.52,-0.23,-0.79,-1.54,-0.6,0.9466666666666667
1750,401056545,22.0,22.0,0,1,0.73,0.09,0.65,-0.07,0.66,1.4,0.28
3740,401056545,53.0,53.0,0,0,-0.03,0.28,0.31,-0.41,0.18,0.15,0.6933333333333334
6783,401056545,19.0,19.0,0,1,0.57,0.56,-0.02,0.53,1.07,1.65,0.24
5409,401056545,31.0,31.0,0,0,0.32,0.82,-0.09,0.09,0.83,1.15,0.4
4483,401056545,48.0,48.0,0,0,0.33,0.14,0.16,-0.23,0.06,0.4,0.6266666666666667
377,401056545,6.0,6.0,1,0,0.52,0.13,1.02,0.48,1.63,2.15,0.06666666666666667
6090,401056545,39.0,39.0,0,0,0.6,-0.74,0.73,0.06,0.05,0.65,0.5066666666666667
9804,401056545,39.0,39.0,0,0,0.24,0.62,-0.35,0.14,0.4,0.65,0.5066666666666667
4591,401056545,60.0,60.0,0,0,0.1,0.03,-0.7,0.47,-0.2,-0.1,0.7866666666666666
11382,401056545,6.0,6.0,1,0,0.85,-0.52,1.04,0.77,1.29,2.15,0.06666666666666667
7081,401056545,5.0,5.0,1,0,0.1,0.51,0.69,1.09,2.29,2.4,0.05333333333333334
10404,401056545,48.0,48.0,0,0,1.0,-0.52,-0.14,0.06,-0.6,0.4,0.6266666666666667
1037,401056545,36.0,36.0,0,0,-0.72,0.27,0.8,0.54,1.62,0.9,0.4666666666666667
6001,401056545,60.0,60.0,0,0,0.22,0.62,-0.02,-0.92,-0.33,-0.1,0.7866666666666666
7001,401056545,60.0,60.0,0,0,0.52,0.39,-0.99,-0.02,-0.63,-0.1,0.7866666666666666
3378,401056545,31.0,31.0,0,0,0.67,0.46,-0.31,0.33,0.48,1.15,0.4
4643,401056545,22.0,22.0,0,1,-0.37,0.05,1.12,0.6,1.77,1.4,0.28
8961,401056545,39.0,39.0,0,0,0.84,-0.3,-0.02,0.13,-0.2,0.65,0.5066666666666667
9569,401056545,39.0,39.0,0,0,-0.13,0.0,0.14,0.64,0.78,0.65,0.5066666666666667
4364873,401056545,4.0,4.0,1,0,0.55,-0.28,1.25,1.37,2.34,2.9,0.04
1185,401056545,39.0,39.0,0,0,-0.35,0.23,0.22,0.54,0.99,0.65,0.5066666666666667
6185,401056545,53.0,53.0,0,0,-0.65,0.21,0.65,-0.06,0.8,0.15,0.6933333333333334
1614,401056545,2.0,2.0,1,0,1.17,0.38,1.05,0.79,2.22,3.4,0.013333333333333334
686,401056545,53.0,53.0,0,0,-0.67,-0.85,1.2,0.48,0.82,0.15,0.6933333333333334
6015,401056559,24.0,24.0,0,1,1.06,-0.07,-0.22,-0.26,-0.55,0.5,0.3709677419354839
3832,401056559,12.0,12.0,0,1,0.98,0.39,-0.8,0.43,0.02,1.0,0.1774193548387097
5502,401056559,24.0,24.0,0,1,-0.02,0.45,0.32,-0.25,0.53,0.5,0.3709677419354839
10906,401056559,12.0,12.0,0,1,0.34,-0.4,0.44,0.62,0.66,1.0,0.1774193548387097
388,401056559,40.0,40.0,0,0,-0.92,-0.45,1.17,-0.05,0.67,-0.25,0.6290322580645161
10046,401056559,48.0,48.0,0,0,0.33,-0.03,-1.35,0.3,-1.08,-0.75,0.7580645161290323
1651,401056559,9.0,9.0,1,0,0.44,0.08,0.35,0.63,1.06,1.5,0.12903225806451613
6798,401056559,1.0,1.0,1,0,2.34,-0.57,0.8,0.94,1.17,3.5,0.0
1222,401056559,27.0,27.0,0,1,-0.85,1.1,0.68,-0.68,1.1,0.25,0.41935483870967744
780,401056559,9.0,9.0,1,0,0.36,0.63,0.94,-0.43,1.14,1.5,0.12903225806451613
9126,401056559,27.0,27.0,0,1,-0.42,-0.63,0.36,0.94,0.67,0.25,0.41935483870967744
6017,401056559,48.0,48.0,0,0,0.03,0.3,-0.72,-0.35,-0.78,-0.75,0.7580645161290323
769,401056559,27.0,27.0,0,1,-0.45,-0.8,0.69,0.82,0.71,0.25,0.41935483870967744
9131,401056559,12.0,12.0,0,1,0.53,0.71,-0.96,0.73,0.48,1.0,0.1774193548387097
3448,401056559,20.0,20.0,0,1,-0.19,0.83,-0.44,0.55,0.95,0.75,0.3064516129032258
4304,401056559,48.0,48.0,0,0,-0.29,-0.71,-0.55,0.81,-0.46,-0.75,0.7580645161290323
6629,401056559,51.0,51.0,0,0,-1.05,0.05,-0.82,0.32,-0.45,-1.5,0.8064516129032258
3550,401056559,55.0,55.0,0,0,-1.12,-0.35,-0.75,0.22,-0.88,-2.0,0.8709677419354839
5934,401056559,20.0,20.0,0,1,0.61,0.15,-0.29,0.29,0.15,0.75,0.3064516129032258
5860,401056559,43.0,43.0,0,0,-0.37,-0.18,-0.63,0.68,-0.13,-0.5,0.6774193548387096
576,401056559,27.0,27.0,0,1,0.97,-0.37,0.24,-0.58,-0.72,0.25,0.41935483870967744
619,401056559,8.0,8.0,1,0,2.11,0.85,0.05,-1.25,-0.36,1.75,0.11290322580645161
1680,401056559,40.0,40.0,0,0,-0.46,0.02,-0.52,0.72,0.22,-0.25,0.6290322580645161
153,401056559,27.0,27.0,0,1,-0.99,0.52,0.64,0.09,1.25,0.25,0.41935483870967744
5825,401056559,43.0,43.0,0,0,0.13,-0.05,-0.43,-0.15,-0.63,-0.5,0.6774193548387096
1067,401056559,54.0,54.0,0,0,-1.97,0.76,-0.94,0.39,0.22,-1.75,0.8548387096774194
9780,401056559,7.0,7.0,1,0,0.88,-0.25,0.55,0.82,1.12,2.0,0.0967741935483871
569,401056559,11.0,11.0,0,1,0.55,-0.58,1.37,-0.08,0.71,1.25,0.16129032258064516
5467,401056559,12.0,12.0,0,1,1.06,0.84,-0.07,-0.82,-0.05,1.0,0.1774193548387097
4848,401056559,12.0,12.0,0,1,0.24,-0.3,1.3,-0.24,0.77,1.0,0.1774193548387097
4513,401056559,61.0,61.0,0,0,-1.78,-0.28,-1.51,0.07,-1.72,-3.5,0.967741935483871
2552,401056559,27.0,27.0,0,1,-0.7,-0.08,1.72,-0.68,0.96,0.25,0.41935483870967744
8906,401056559,39.0,39.0,0,0,-0.99,-0.5,0.23,1.27,0.99,0.0,0.6129032258064516
318,401056559,43.0,43.0,0,0,-0.85,0.64,-0.14,-0.15,0.35,-0.5,0.6774193548387096
3793,401056559,63.0,63.0,0,0,-1.56,-0.51,-1.06,-1.63,-3.19,-4.75,1.0
9575,401056559,51.0,51.0,0,0,-1.35,-0.49,0.25,0.1,-0.14,-1.5,0.8064516129032258
1293,401056559,20.0,20.0,0,1,-0.19,0.23,0.76,-0.05,0.94,0.75,0.3064516129032258
9037,401056559,4.0,4.0,1,0,0.99,0.22,0.97,0.08,1.26,2.25,0.04838709677419355
8973,401056559,61.0,61.0,0,0,-0.75,-1.44,-0.46,-0.85,-2.75,-3.5,0.967741935483871
4425900,401056559,58.0,58.0,0,0,-1.08,-1.08,-0.47,-0.36,-1.91,-3.0,0.9193548387096774
257,401056559,43.0,43.0,0,0,-0.28,-0.24,0.28,-0.25,-0.21,-0.5,0.6774193548387096
3351,401056559,3.0,3.0,1,0,1.16,0.21,1.63,-0.49,1.35,2.5,0.03225806451612903
10548,401056559,27.0,27.0,0,1,1.23,0.34,-1.03,-0.29,-0.98,0.25,0.41935483870967744
4412121,401056559,24.0,24.0,0,1,0.14,0.14,0.09,0.13,0.37,0.5,0.3709677419354839
1600,401056559,20.0,20.0,0,1,1.07,-0.06,-0.27,0.01,-0.32,0.75,0.3064516129032258
6007,401056559,12.0,12.0,0,1,0.22,0.47,0.34,-0.03,0.79,1.0,0.1774193548387097
72,401056559,27.0,27.0,0,1,-0.85,0.08,0.84,0.19,1.1,0.25,0.41935483870967744
308,401056559,57.0,57.0,0,0,0.25,-0.66,-1.11,-0.97,-2.74,-2.5,0.9032258064516129
5579,401056559,12.0,12.0,0,1,-0.54,0.2,0.54,0.8,1.54,1.0,0.1774193548387097
4321,401056559,12.0,12.0,0,1,0.46,0.17,0.05,0.32,0.55,1.0,0.1774193548387097
3470,401056559,4.0,4.0,1,0,1.19,0.78,-0.66,0.95,1.06,2.25,0.04838709677419355
158,401056559,40.0,40.0,0,0,0.76,0.08,-1.36,0.27,-1.01,-0.25,0.6290322580645161
10630,401056559,27.0,27.0,0,1,0.11,0.67,-0.35,-0.18,0.15,0.25,0.41935483870967744
4449,401056559,60.0,60.0,0,0,0.16,-0.85,-1.64,-0.91,-3.4,-3.25,0.9516129032258065
2230,401056559,27.0,27.0,0,1,-0.81,-0.31,0.58,0.8,1.06,0.25,0.41935483870967744
5539,401056559,4.0,4.0,1,0,0.35,0.48,0.32,1.11,1.9,2.25,0.04838709677419355
5553,401056559,43.0,43.0,0,0,-1.37,0.35,0.08,0.44,0.87,-0.5,0.6774193548387096
5140,401056559,27.0,27.0,0,1,-0.14,-0.14,0.13,0.4,0.39,0.25,0.41935483870967744
1614,401056559,2.0,2.0,1,0,1.71,-0.22,1.28,-0.01,1.05,2.75,0.016129032258064516
10140,401056559,27.0,27.0,0,1,0.1,0.99,-0.34,-0.5,0.15,0.25,0.41935483870967744
10357,401056546,18.0,18.0,0,1,-0.19,-0.15,1.73,0.36,1.94,1.75,0.23943661971830985
824,401056546,72.0,72.0,0,0,-1.09,-0.32,-0.38,-0.21,-0.92,-2.0,1.0
9517,401056546,4.0,4.0,1,0,1.45,0.11,0.57,0.86,1.54,3.0,0.04225352112676056
3322,401056546,29.0,29.0,0,1,0.99,-0.99,0.53,0.47,0.01,1.0,0.39436619718309857
10372,401056546,18.0,18.0,0,1,0.34,0.77,0.01,0.63,1.41,1.75,0.23943661971830985
2283,401056546,18.0,18.0,0,1,0.99,0.21,-0.16,0.71,0.76,1.75,0.23943661971830985
774,401056546,11.0,11.0,0,1,1.15,1.17,0.25,-0.33,1.1,2.25,0.14084507042253522
7161,401056546,53.0,53.0,0,0,-0.91,-0.01,0.72,0.19,0.9,0.0,0.7323943661971831
8910,401056546,39.0,39.0,0,0,-0.74,0.5,0.43,0.3,1.24,0.5,0.5352112676056338
3454,401056546,53.0,53.0,0,0,-0.72,-0.61,1.05,0.28,0.72,0.0,0.7323943661971831
713,401056546,69.0,69.0,0,0,-0.5,-0.69,-0.51,0.7,-0.5,-1.0,0.9577464788732394
3777,401056546,45.0,45.0,0,0,-0.73,-0.27,-0.13,1.37,0.97,0.25,0.6197183098591549
1177,401056546,39.0,39.0,0,0,-0.68,1.78,-0.87,0.27,1.18,0.5,0.5352112676056338
10863,401056546,11.0,11.0,0,1,0.71,-0.08,0.88,0.73,1.53,2.25,0.14084507042253522
8971,401056546,29.0,29.0,0,1,1.12,0.82,-0.01,-0.93,-0.12,1.0,0.39436619718309857
7039,401056546,29.0,29.0,0,1,0.08,-0.02,0.86,0.07,0.91,1.0,0.39436619718309857
8992,401056546,9.0,9.0,1,0,2.27,0.73,-0.64,0.13,0.22,2.5,0.11267605633802817
1176,401056546,53.0,53.0,0,0,0.8,-0.08,-0.08,-0.64,-0.81,0.0,0.7323943661971831
928,401056546,45.0,45.0,0,0,-0.39,-0.44,0.74,0.34,0.64,0.25,0.6197183098591549
10054,401056546,11.0,11.0,0,1,1.7,1.11,-0.61,0.06,0.55,2.25,0.14084507042253522
431,401056546,6.0,6.0,1,0,0.38,0.11,1.25,1.01,2.37,2.75,0.07042253521126761
3375,401056546,36.0,36.0,0,0,-1.05,0.52,0.69,0.58,1.8,0.75,0.49295774647887325
540,401056546,70.0,70.0,0,0,0.95,0.46,-1.35,-1.31,-2.21,-1.25,0.971830985915493
808,401056546,53.0,53.0,0,0,-0.3,-0.25,0.46,0.09,0.3,0.0,0.7323943661971831
5408,401056546,29.0,29.0,0,1,0.22,0.31,0.24,0.21,0.77,1.0,0.39436619718309857
11387,401056546,70.0,70.0,0,0,-0.76,-0.29,0.44,-0.63,-0.49,-1.25,0.971830985915493
957,401056546,45.0,45.0,0,0,-0.02,-0.91,0.17,1.01,0.27,0.25,0.6197183098591549
508,401056546,64.0,64.0,0,0,-0.16,-0.18,0.74,-0.65,-0.09,-0.25,0.8873239436619719
5567,401056546,39.0,39.0,0,0,0.61,0.23,-0.73,0.39,-0.11,0.5,0.5352112676056338
110,401056546,18.0,18.0,0,1,0.5,0.61,-0.02,0.66,1.25,1.75,0.23943661971830985
5259,401056546,64.0,64.0,0,0,-0.19,-0.27,0.59,-0.38,-0.06,-0.25,0.8873239436619719
3598,401056546,1.0,1.0,1,0,2.03,0.36,0.91,0.69,1.96,4.0,0.0
10505,401056546,29.0,29.0,0,1,0.37,0.31,-0.05,0.38,0.63,1.0,0.39436619718309857
2883,401056546,24.0,24.0,0,1,0.05,0.26,0.69,0.24,1.19,1.25,0.323943661971831
3669,401056546,11.0,11.0,0,1,0.32,0.49,0.93,0.5,1.92,2.25,0.14084507042253522
1568,401056546,6.0,6.0,1,0,1.09,-0.31,0.98,0.98,1.65,2.75,0.07042253521126761
1030,401056546,64.0,64.0,0,0,-0.97,-0.29,0.72,0.29,0.71,-0.25,0.8873239436619719
10363,401056546,24.0,24.0,0,1,-0.06,0.32,0.12,0.87,1.31,1.25,0.323943661971831
10050,401056546,15.0,15.0,0,1,0.02,0.18,0.98,0.81,1.98,2.0,0.19718309859154928
6689,401056546,2.0,2.0,1,0,2.47,-0.3,0.75,0.82,1.27,3.75,0.014084507042253521
1367,401056546,4.0,4.0,1,0,0.94,0.53,1.17,0.35,2.05,3.0,0.04225352112676056
2571,401056546,6.0,6.0,1,0,1.28,-0.11,0.9,0.69,1.47,2.75,0.07042253521126761
6999,401056546,53.0,53.0,0,0,-0.73,0.76,0.03,-0.06,0.73,0.0,0.7323943661971831
3792,401056546,15.0,15.0,0,1,0.61,0.07,0.74,0.58,1.39,2.0,0.19718309859154928
1674,401056546,53.0,53.0,0,0,1.04,-0.33,-0.22,-0.49,-1.04,0.0,0.7323943661971831
1750,401056546,53.0,53.0,0,0,0.99,-0.86,0.37,-0.5,-0.99,0.0,0.7323943661971831
801,401056546,45.0,45.0,0,0,0.8,0.8,-1.02,-0.33,-0.55,0.25,0.6197183098591549
1935,401056546,15.0,15.0,0,1,0.05,0.21,1.36,0.37,1.95,2.0,0.19718309859154928
3740,401056546,22.0,22.0,0,1,0.65,-0.13,1.49,-0.51,0.85,1.5,0.29577464788732394
1254,401056546,64.0,64.0,0,0,-0.76,-0.6,0.2,0.92,0.51,-0.25,0.8873239436619719
335,401056546,53.0,53.0,0,0,0.63,-0.22,-0.07,-0.34,-0.64,0.0,0.7323943661971831
9804,401056546,24.0,24.0,0,1,1.27,0.13,0.37,-0.53,-0.03,1.25,0.323943661971831
6937,401056546,22.0,22.0,0,1,1.95,-0.52,0.45,-0.39,-0.45,1.5,0.29577464788732394
9076,401056546,53.0,53.0,0,0,-0.52,0.01,0.31,0.19,0.51,0.0,0.7323943661971831
5506,401056546,29.0,29.0,0,1,0.53,0.78,0.12,-0.43,0.47,1.0,0.39436619718309857
10404,401056546,9.0,9.0,1,0,0.84,0.35,0.29,1.02,1.66,2.5,0.11267605633802817
6001,401056546,53.0,53.0,0,0,-0.88,0.1,0.4,0.37,0.88,0.0,0.7323943661971831
4643,401056546,39.0,39.0,0,0,-1.28,0.6,1.13,0.04,1.78,0.5,0.5352112676056338
8961,401056546,3.0,3.0,1,0,0.58,0.41,0.89,1.36,2.66,3.25,0.028169014084507043
1798,401056546,39.0,39.0,0,0,0.0,-0.07,0.48,0.09,0.5,0.5,0.5352112676056338
6086,401056546,36.0,36.0,0,0,-0.92,0.26,0.8,0.6,1.67,0.75,0.49295774647887325
10586,401056546,36.0,36.0,0,0,-0.38,0.2,-0.62,1.55,1.13,0.75,0.49295774647887325
3295,401056546,39.0,39.0,0,0,-0.33,-0.09,1.0,-0.09,0.83,0.5,0.5352112676056338
7082,401056546,45.0,45.0,0,0,0.03,0.47,-0.21,-0.04,0.22,0.25,0.6197183098591549
6185,401056546,45.0,45.0,0,0,0.34,0.25,-0.67,0.33,-0.09,0.25,0.6197183098591549
4708,401056546,24.0,24.0,0,1,2.23,-0.26,0.17,-0.89,-0.99,1.25,0.323943661971831
824,401056558,23.0,23.0,0,1,1.4,0.45,0.98,-1.33,0.1,1.5,0.3055555555555556
5548,401056558,4.0,4.0,1,0,1.59,-0.91,1.67,0.41,1.16,2.75,0.041666666666666664
9127,401056558,15.0,15.0,0,1,-1.28,1.24,0.95,0.85,3.03,1.75,0.19444444444444445
1626,401056558,34.0,34.0,0,0,-0.32,0.6,0.4,0.56,1.56,1.25,0.4583333333333333
5338,401056558,34.0,34.0,0,0,0.41,0.09,0.49,0.26,0.84,1.25,0.4583333333333333
10046,401056558,2.0,2.0,1,0,1.31,0.04,1.07,0.83,1.94,3.25,0.013888888888888888
2283,401056558,23.0,23.0,0,1,0.07,0.15,0.64,0.65,1.43,1.5,0.3055555555555556
159,401056558,56.0,56.0,0,0,-0.01,0.19,-0.02,0.08,0.26,0.25,0.7638888888888888
1225,401056558,7.0,7.0,1,0,0.85,0.18,0.99,0.24,1.4,2.25,0.08333333333333333
6011,401056558,34.0,34.0,0,0,0.88,-0.36,0.47,0.26,0.36,1.25,0.4583333333333333
6798,401056558,65.0,65.0,0,0,-0.12,-0.53,-0.21,0.61,-0.14,-0.25,0.8888888888888888
3596,401056558,53.0,53.0,0,0,-1.56,0.36,0.78,0.92,2.06,0.5,0.7222222222222222
9126,401056558,46.0,46.0,0,0,-1.66,-0.17,1.6,0.98,2.4,0.75,0.625
10442,401056558,15.0,15.0,0,1,-0.2,0.06,1.85,0.04,1.95,1.75,0.19444444444444445
208,401056558,23.0,23.0,0,1,0.0,0.77,0.38,0.35,1.5,1.5,0.3055555555555556
10910,401056558,58.0,58.0,0,0,0.7,-0.09,-1.01,0.39,-0.7,0.0,0.7916666666666666
10592,401056558,2.0,2.0,1,0,0.05,-0.24,2.68,0.77,3.2,3.25,0.013888888888888888
5532,401056558,5.0,5.0,1,0,0.18,0.32,1.29,0.71,2.32,2.5,0.05555555555555555
4645,401056558,42.0,42.0,0,0,-0.33,0.79,0.49,0.05,1.33,1.0,0.5694444444444444
7039,401056558,23.0,23.0,0,1,1.8,-0.47,0.42,-0.25,-0.3,1.5,0.3055555555555556
9025,401056558,15.0,15.0,0,1,0.22,0.64,0.14,0.75,1.53,1.75,0.19444444444444445
5167,401056558,46.0,46.0,0,0,-1.25,-0.16,1.75,0.41,2.0,0.75,0.625
928,401056558,58.0,58.0,0,0,0.81,-0.2,0.52,-1.13,-0.81,0.0,0.7916666666666666
10054,401056558,23.0,23.0,0,1,1.98,-0.11,-0.9,0.53,-0.48,1.5,0.3055555555555556
3375,401056558,13.0,13.0,0,1,0.53,1.11,1.07,-0.72,1.46,2.0,0.16666666666666666
11387,401056558,34.0,34.0,0,0,0.11,0.13,0.94,0.07,1.14,1.25,0.4583333333333333
5860,401056558,7.0,7.0,1,0,0.05,-0.12,1.76,0.56,2.2,2.25,0.08333333333333333
1680,401056558,66.0,66.0,0,0,-0.98,-0.86,0.67,0.66,0.48,-0.5,0.9027777777777778
110,401056558,66.0,66.0,0,0,0.04,-0.49,-0.33,0.28,-0.55,-0.5,0.9027777777777778
9571,401056558,7.0,7.0,1,0,0.91,-0.71,1.14,0.91,1.34,2.25,0.08333333333333333
11099,401056558,23.0,23.0,0,1,-0.07,0.4,0.8,0.37,1.57,1.5,0.3055555555555556
10166,401056558,66.0,66.0,0,0,0.09,0.23,-0.15,-0.67,-0.59,-0.5,0.9027777777777778
10583,401056558,58.0,58.0,0,0,1.55,-0.37,-1.59,0.41,-1.55,0.0,0.7916666666666666
1265,401056558,23.0,23.0,0,1,1.43,0.12,-0.39,0.33,0.06,1.5,0.3055555555555556
4513,401056558,46.0,46.0,0,0,1.0,-0.5,-0.45,0.69,-0.26,0.75,0.625
10363,401056558,42.0,42.0,0,0,-1.76,1.79,0.41,0.55,2.75,1.0,0.5694444444444444
10050,401056558,58.0,58.0,0,0,-0.66,0.61,-0.03,0.08,0.66,0.0,0.7916666666666666
8906,401056558,66.0,66.0,0,0,1.52,-0.94,-1.41,0.33,-2.02,-0.5,0.9027777777777778
1077,401056558,34.0,34.0,0,0,-1.14,0.4,1.73,0.26,2.39,1.25,0.4583333333333333
676,401056558,7.0,7.0,1,0,1.52,-0.24,0.16,0.82,0.73,2.25,0.08333333333333333
6931,401056558,66.0,66.0,0,0,0.05,-0.15,0.04,-0.44,-0.55,-0.5,0.9027777777777778
2571,401056558,42.0,42.0,0,0,-1.22,0.35,1.62,0.26,2.22,1.0,0.5694444444444444
4412121,401056558,1.0,1.0,1,0,0.17,0.42,2.36,0.55,3.33,3.5,0.0
3792,401056558,46.0,46.0,0,0,-0.03,0.01,0.44,0.32,0.78,0.75,0.625
3980,401056558,34.0,34.0,0,0,1.65,0.53,-0.63,-0.3,-0.41,1.25,0.4583333333333333
5692,401056558,46.0,46.0,0,0,0.16,0.81,0.67,-0.9,0.58,0.75,0.625
707,401056558,53.0,53.0,0,0,0.0,0.37,0.71,-0.59,0.5,0.5,0.7222222222222222
5579,401056558,23.0,23.0,0,1,-0.44,0.16,1.53,0.25,1.93,1.5,0.3055555555555556
1750,401056558,42.0,42.0,0,0,1.12,-0.6,0.62,-0.14,-0.13,1.0,0.5694444444444444
3740,401056558,46.0,46.0,0,0,0.27,-0.61,0.73,0.36,0.48,0.75,0.625
335,401056558,56.0,56.0,0,0,0.73,0.08,-0.38,-0.19,-0.48,0.25,0.7638888888888888
6090,401056558,15.0,15.0,0,1,0.53,0.54,0.5,0.18,1.22,1.75,0.19444444444444445
5619,401056558,34.0,34.0,0,0,0.28,-0.17,1.03,0.11,0.97,1.25,0.4583333333333333
9804,401056558,46.0,46.0,0,0,0.45,0.46,-0.18,0.02,0.3,0.75,0.625
4591,401056558,15.0,15.0,0,1,0.32,0.4,1.0,0.03,1.43,1.75,0.19444444444444445
9938,401056558,7.0,7.0,1,0,0.18,0.52,0.22,1.34,2.07,2.25,0.08333333333333333
11382,401056558,15.0,15.0,0,1,0.48,0.63,-0.17,0.81,1.27,1.75,0.19444444444444445
6937,401056558,66.0,66.0,0,0,-0.5,-0.12,1.26,-1.15,-0.01,-0.5,0.9027777777777778
9076,401056558,58.0,58.0,0,0,1.0,-0.22,-0.82,0.04,-1.0,0.0,0.7916666666666666
10404,401056558,72.0,72.0,0,0,-0.27,-0.13,0.3,-0.66,-0.48,-0.75,0.9861111111111112
1037,401056558,15.0,15.0,0,1,0.21,-0.17,1.05,0.66,1.54,1.75,0.19444444444444445
7001,401056558,34.0,34.0,0,0,0.49,0.2,0.59,-0.02,0.76,1.25,0.4583333333333333
1613,401056558,23.0,23.0,0,1,0.07,1.09,0.8,-0.47,1.43,1.5,0.3055555555555556
4643,401056558,15.0,15.0,0,1,0.82,0.13,0.17,0.63,0.93,1.75,0.19444444444444445
2230,401056558,23.0,23.0,0,1,-0.22,0.41,1.33,-0.02,1.72,1.5,0.3055555555555556
9513,401056558,73.0,73.0,0,0,0.05,0.06,-1.03,-0.09,-1.06,-1.0,1.0
6086,401056558,23.0,23.0,0,1,0.92,-0.63,0.68,0.53,0.58,1.5,0.3055555555555556
268,401056558,58.0,58.0,0,0,0.59,0.11,-1.02,0.31,-0.59,0.0,0.7916666666666666
3970,401056558,7.0,7.0,1,0,1.52,0.41,0.38,-0.06,0.73,2.25,0.08333333333333333
3295,401056558,53.0,53.0,0,0,-1.17,0.2,1.38,0.08,1.66,0.5,0.7222222222222222
4364873,401056558,13.0,13.0,0,1,-0.29,-0.25,1.38,1.17,2.29,2.0,0.16666666666666666
11119,401056558,5.0,5.0,1,0,1.17,0.45,0.8,0.08,1.33,2.5,0.05555555555555555
4708,401056558,58.0,58.0,0,0,0.27,0.19,-0.24,-0.22,-0.27,0.0,0.7916666666666666
10357,401056557,64.0,64.0,0,0,-0.6,0.34,0.86,-1.01,0.19,-0.41,0.9
4989,401056557,42.0,42.0,0,0,-0.01,0.04,0.64,-0.08,0.6,0.59,0.5857142857142857
4682,401056557,59.0,59.0,0,0,-0.33,-0.46,0.52,0.11,0.16,-0.16,0.8285714285714286
10372,401056557,42.0,42.0,0,0,0.86,-0.28,-0.02,0.02,-0.28,0.59,0.5857142857142857
10577,401056557,35.0,35.0,0,0,0.89,-0.35,-0.16,0.45,-0.05,0.84,0.4857142857142857
5285,401056557,13.0,13.0,0,1,0.11,0.1,1.02,0.61,1.73,1.84,0.17142857142857143
1626,401056557,35.0,35.0,0,0,-0.38,0.55,1.2,-0.54,1.22,0.84,0.4857142857142857
5338,401056557,59.0,59.0,0,0,-0.93,1.16,-0.68,0.29,0.77,-0.16,0.8285714285714286
2283,401056557,17.0,17.0,0,1,1.03,0.26,0.16,0.13,0.56,1.59,0.22857142857142856
1651,401056557,17.0,17.0,0,1,1.11,0.14,0.3,0.03,0.47,1.59,0.22857142857142856
1222,401056557,5.0,5.0,1,0,1.88,0.98,-0.62,0.09,0.45,2.34,0.05714285714285714
3596,401056557,55.0,55.0,0,0,0.09,0.3,-0.41,0.11,0.0,0.09,0.7714285714285715
3599,401056557,5.0,5.0,1,0,2.62,0.13,0.4,-0.81,-0.28,2.34,0.05714285714285714
11098,401056557,46.0,46.0,0,0,0.18,-0.19,0.02,0.32,0.16,0.34,0.6428571428571429
1646,401056557,64.0,64.0,0,0,0.37,-0.4,0.72,-1.1,-0.78,-0.41,0.9
208,401056557,35.0,35.0,0,0,-0.09,0.24,0.35,0.34,0.93,0.84,0.4857142857142857
1793,401056557,59.0,59.0,0,0,0.95,-0.08,-0.29,-0.74,-1.11,-0.16,0.8285714285714286
5532,401056557,55.0,55.0,0,0,-0.05,0.1,0.02,0.02,0.14,0.09,0.7714285714285715
9131,401056557,29.0,29.0,0,1,-0.22,0.31,1.34,-0.35,1.3,1.09,0.4
4645,401056557,5.0,5.0,1,0,0.32,0.66,1.06,0.3,2.02,2.34,0.05714285714285714
7039,401056557,46.0,46.0,0,0,0.56,-0.22,0.38,-0.38,-0.22,0.34,0.6428571428571429
8992,401056557,59.0,59.0,0,0,-0.3,0.35,-0.17,-0.04,0.14,-0.16,0.8285714285714286
5167,401056557,46.0,46.0,0,0,-0.29,1.06,-0.6,0.17,0.63,0.34,0.6428571428571429
3950,401056557,21.0,21.0,0,1,-0.59,-0.39,1.66,0.66,1.93,1.34,0.2857142857142857
10054,401056557,21.0,21.0,0,1,1.38,0.15,-0.01,-0.19,-0.05,1.34,0.2857142857142857
11448,401056557,2.0,2.0,1,0,1.16,0.55,0.88,0.25,1.67,2.84,0.014285714285714285
5408,401056557,55.0,55.0,0,0,0.49,0.69,-1.45,0.36,-0.4,0.09,0.7714285714285715
5860,401056557,13.0,13.0,0,1,0.26,0.31,0.9,0.38,1.58,1.84,0.17142857142857143
3856,401056557,29.0,29.0,0,1,0.09,0.59,0.24,0.17,1.0,1.09,0.4
9571,401056557,29.0,29.0,0,1,0.33,-0.53,0.53,0.75,0.76,1.09,0.4
1067,401056557,21.0,21.0,0,1,-0.25,-0.02,0.92,0.69,1.59,1.34,0.2857142857142857
3317,401056557,29.0,29.0,0,1,-0.92,-0.35,1.52,0.84,2.0,1.09,0.4
11099,401056557,5.0,5.0,1,0,0.76,0.11,1.27,0.2,1.57,2.34,0.05714285714285714
10505,401056557,11.0,11.0,0,1,1.02,0.12,1.32,-0.38,1.07,2.09,0.14285714285714285
2883,401056557,5.0,5.0,1,0,1.49,-0.04,0.56,0.33,0.84,2.34,0.05714285714285714
10166,401056557,13.0,13.0,0,1,1.02,0.2,0.62,0.0,0.82,1.84,0.17142857142857143
1568,401056557,35.0,35.0,0,0,-0.85,-0.24,1.6,0.32,1.68,0.84,0.4857142857142857
446,401056557,21.0,21.0,0,1,1.89,0.1,-0.19,-0.47,-0.56,1.34,0.2857142857142857
10050,401056557,69.0,69.0,0,0,-0.22,-0.3,-0.25,0.11,-0.44,-0.66,0.9714285714285714
2552,401056557,46.0,46.0,0,0,-0.1,0.18,0.21,0.05,0.44,0.34,0.6428571428571429
1778,401056557,21.0,21.0,0,1,0.28,-0.48,1.5,0.03,1.05,1.34,0.2857142857142857
1077,401056557,35.0,35.0,0,0,-0.13,0.38,0.38,0.2,0.96,0.84,0.4857142857142857
601,401056557,46.0,46.0,0,0,-0.05,-0.01,1.13,-0.73,0.39,0.34,0.6428571428571429
8973,401056557,42.0,42.0,0,0,0.34,-0.45,0.17,0.53,0.25,0.59,0.5857142857142857
6931,401056557,21.0,21.0,0,1,0.07,0.08,0.84,0.34,1.26,1.34,0.2857142857142857
4010,401056557,29.0,29.0,0,1,1.49,-0.22,-0.02,-0.16,-0.4,1.09,0.4
1600,401056557,1.0,1.0,1,0,2.33,0.45,1.39,0.17,2.01,4.34,0.0
3792,401056557,35.0,35.0,0,0,-0.41,0.97,0.23,0.05,1.25,0.84,0.4857142857142857
1042,401056557,46.0,46.0,0,0,0.7,-0.02,-0.34,-0.01,-0.36,0.34,0.6428571428571429
5692,401056557,29.0,29.0,0,1,0.52,0.23,0.3,0.03,0.56,1.09,0.4
5579,401056557,5.0,5.0,1,0,0.44,0.27,1.57,0.06,1.89,2.34,0.05714285714285714
1750,401056557,46.0,46.0,0,0,0.53,0.43,-0.06,-0.55,-0.19,0.34,0.6428571428571429
3740,401056557,59.0,59.0,0,0,-0.4,-0.23,1.08,-0.61,0.23,-0.16,0.8285714285714286
3702,401056557,46.0,46.0,0,0,0.12,-0.19,0.19,0.22,0.22,0.34,0.6428571428571429
377,401056557,3.0,3.0,1,0,1.26,0.06,0.63,0.63,1.33,2.59,0.02857142857142857
6090,401056557,21.0,21.0,0,1,0.82,-0.29,0.71,0.09,0.52,1.34,0.2857142857142857
9938,401056557,42.0,42.0,0,0,-0.14,0.02,-0.03,0.74,0.73,0.59,0.5857142857142857
78,401056557,70.0,70.0,0,0,-0.32,-0.67,0.3,-0.22,-0.59,-0.91,0.9857142857142858
11382,401056557,21.0,21.0,0,1,-0.43,0.46,0.55,0.76,1.77,1.34,0.2857142857142857
9528,401056557,71.0,71.0,0,0,0.31,-0.12,-2.12,0.01,-2.22,-1.91,1.0
10932,401056557,55.0,55.0,0,0,0.14,-0.78,-0.21,0.94,-0.05,0.09,0.7714285714285715
3378,401056557,64.0,64.0,0,0,-0.34,0.29,-0.61,0.25,-0.07,-0.41,0.9
4643,401056557,35.0,35.0,0,0,0.74,0.21,0.3,-0.41,0.1,0.84,0.4857142857142857
8961,401056557,11.0,11.0,0,1,1.4,0.03,0.12,0.54,0.69,2.09,0.14285714285714285
9513,401056557,17.0,17.0,0,1,2.23,-0.36,0.09,-0.38,-0.64,1.59,0.22857142857142856
6086,401056557,64.0,64.0,0,0,-0.64,-0.27,0.59,-0.09,0.23,-0.41,0.9
4364873,401056557,13.0,13.0,0,1,1.05,-0.28,0.66,0.41,0.79,1.84,0.17142857142857143
1185,401056557,46.0,46.0,0,0,0.94,0.6,-0.07,-1.13,-0.6,0.34,0.6428571428571429
11119,401056557,17.0,17.0,0,1,1.15,0.31,-0.67,0.79,0.44,1.59,0.22857142857142856
5560,401056557,64.0,64.0,0,0,-0.21,-0.07,0.31,-0.44,-0.2,-0.41,0.9
6185,401056557,3.0,3.0,1,0,0.44,0.69,1.29,0.16,2.15,2.59,0.02857142857142857
5548,401056555,6.0,6.0,1,0,0.79,0.49,0.95,0.54,1.98,2.77,0.07142857142857142
3832,401056555,63.0,63.0,0,0,-1.28,1.47,-1.08,0.17,0.55,-0.73,0.8857142857142857
10372,401056555,56.0,56.0,0,0,-0.44,-0.51,0.68,0.29,0.46,0.02,0.7857142857142857
693,401056555,44.0,44.0,0,0,0.37,0.03,0.31,-0.19,0.15,0.52,0.6142857142857143
159,401056555,63.0,63.0,0,0,0.57,-0.37,-0.1,-0.82,-1.29,-0.73,0.8857142857142857
1225,401056555,50.0,50.0,0,0,-0.08,0.2,-0.14,0.29,0.35,0.27,0.7
6798,401056555,50.0,50.0,0,0,-0.41,-0.3,0.96,0.02,0.68,0.27,0.7
8910,401056555,20.0,20.0,0,1,0.01,0.5,0.94,0.07,1.51,1.52,0.2714285714285714
1222,401056555,4.0,4.0,1,0,1.82,0.54,0.29,0.38,1.2,3.02,0.04285714285714286
780,401056555,63.0,63.0,0,0,0.28,0.3,-1.49,0.18,-1.01,-0.73,0.8857142857142857
8971,401056555,50.0,50.0,0,0,-0.64,0.07,0.8,0.04,0.91,0.27,0.7
1793,401056555,50.0,50.0,0,0,0.4,0.45,-0.73,0.15,-0.13,0.27,0.7
10592,401056555,14.0,14.0,0,1,0.68,0.23,0.51,0.36,1.09,1.77,0.18571428571428572
3279,401056555,31.0,31.0,0,0,0.14,0.01,0.69,0.18,0.88,1.02,0.42857142857142855
4645,401056555,11.0,11.0,0,1,0.89,0.06,1.31,-0.25,1.13,2.02,0.14285714285714285
9025,401056555,35.0,35.0,0,0,0.51,-0.64,0.2,0.7,0.26,0.77,0.4857142857142857
8992,401056555,68.0,68.0,0,0,0.64,-0.31,-0.82,-0.74,-1.87,-1.23,0.9571428571428572
5167,401056555,59.0,59.0,0,0,0.14,0.49,-0.41,-0.45,-0.37,-0.23,0.8285714285714286
3448,401056555,20.0,20.0,0,1,-0.4,-0.37,0.88,1.41,1.92,1.52,0.2714285714285714
3950,401056555,20.0,20.0,0,1,1.29,0.62,-0.97,0.59,0.24,1.52,0.2714285714285714
431,401056555,63.0,63.0,0,0,-0.7,-0.19,0.44,-0.28,-0.03,-0.73,0.8857142857142857
4304,401056555,8.0,8.0,1,0,-0.06,1.36,0.32,0.65,2.33,2.27,0.1
9364,401056555,20.0,20.0,0,1,-0.15,0.01,0.36,1.31,1.67,1.52,0.2714285714285714
301,401056555,8.0,8.0,1,0,1.21,-0.02,1.09,-0.01,1.06,2.27,0.1
808,401056555,60.0,60.0,0,0,1.0,0.27,-0.18,-1.57,-1.48,-0.48,0.8428571428571429
5408,401056555,20.0,20.0,0,1,0.99,0.5,-0.17,0.22,0.54,1.52,0.2714285714285714
11387,401056555,14.0,14.0,0,1,0.57,0.22,1.03,-0.04,1.2,1.77,0.18571428571428572
576,401056555,8.0,8.0,1,0,1.15,-0.58,1.42,0.27,1.12,2.27,0.1
6991,401056555,35.0,35.0,0,0,-0.58,0.63,0.77,-0.05,1.35,0.77,0.4857142857142857
3856,401056555,44.0,44.0,0,0,0.63,0.3,0.04,-0.44,-0.11,0.52,0.6142857142857143
508,401056555,14.0,14.0,0,1,0.45,1.11,0.42,-0.21,1.32,1.77,0.18571428571428572
153,401056555,27.0,27.0,0,1,-0.19,-0.39,1.45,0.4,1.46,1.27,0.37142857142857144
9571,401056555,27.0,27.0,0,1,0.42,-0.04,0.33,0.56,0.86,1.27,0.37142857142857144
6894,401056555,56.0,56.0,0,0,-0.19,-0.14,-0.05,0.41,0.21,0.02,0.7857142857142857
11099,401056555,31.0,31.0,0,0,-0.37,0.29,0.4,0.7,1.39,1.02,0.42857142857142855
3669,401056555,14.0,14.0,0,1,1.1,0.09,1.06,-0.47,0.68,1.77,0.18571428571428572
10166,401056555,44.0,44.0,0,0,0.14,-0.03,0.23,0.18,0.38,0.52,0.6142857142857143
1568,401056555,63.0,63.0,0,0,0.91,-1.06,-0.77,0.2,-1.64,-0.73,0.8857142857142857
4848,401056555,20.0,20.0,0,1,-0.84,0.69,0.98,0.7,2.37,1.52,0.2714285714285714
446,401056555,35.0,35.0,0,0,0.04,0.53,-0.41,0.6,0.73,0.77,0.4857142857142857
4513,401056555,44.0,44.0,0,0,-0.14,-0.28,0.55,0.39,0.66,0.52,0.6142857142857143
6689,401056555,71.0,71.0,0,0,-0.45,-0.64,-1.41,-0.24,-2.28,-2.73,1.0
3793,401056555,44.0,44.0,0,0,0.68,-0.39,0.54,-0.31,-0.16,0.52,0.6142857142857143
6931,401056555,14.0,14.0,0,1,0.1,0.21,0.77,0.69,1.67,1.77,0.18571428571428572
257,401056555,4.0,4.0,1,0,2.06,0.19,0.67,0.1,0.96,3.02,0.04285714285714286
2571,401056555,50.0,50.0,0,0,-0.05,0.09,0.33,-0.1,0.32,0.27,0.7
3792,401056555,27.0,27.0,0,1,0.78,-0.83,0.28,1.04,0.49,1.27,0.37142857142857144
5692,401056555,31.0,31.0,0,0,0.23,0.27,0.91,-0.39,0.79,1.02,0.42857142857142855
1674,401056555,44.0,44.0,0,0,-0.35,0.21,0.33,0.33,0.87,0.52,0.6142857142857143
3740,401056555,35.0,35.0,0,0,0.99,-0.28,0.76,-0.7,-0.22,0.77,0.4857142857142857
3470,401056555,1.0,1.0,1,0,1.46,0.86,1.22,1.73,3.82,5.27,0.0
962,401056555,35.0,35.0,0,0,0.31,-0.43,0.43,0.46,0.46,0.77,0.4857142857142857
335,401056555,35.0,35.0,0,0,-0.15,0.82,0.02,0.08,0.92,0.77,0.4857142857142857
6090,401056555,56.0,56.0,0,0,0.63,-0.6,-0.33,0.32,-0.61,0.02,0.7857142857142857
5619,401056555,35.0,35.0,0,0,-0.1,0.23,0.69,-0.05,0.88,0.77,0.4857142857142857
4015,401056555,27.0,27.0,0,1,1.19,-0.62,0.76,-0.06,0.08,1.27,0.37142857142857144
4591,401056555,31.0,31.0,0,0,0.43,-0.56,0.58,0.58,0.59,1.02,0.42857142857142855
11382,401056555,7.0,7.0,1,0,1.46,0.32,0.43,0.31,1.06,2.52,0.08571428571428572
6937,401056555,14.0,14.0,0,1,0.56,1.21,-0.15,0.15,1.21,1.77,0.18571428571428572
5506,401056555,50.0,50.0,0,0,0.01,0.25,0.19,-0.18,0.26,0.27,0.7
4587,401056555,2.0,2.0,1,0,1.91,1.01,0.57,0.03,1.61,3.52,0.014285714285714285
10404,401056555,11.0,11.0,0,1,0.8,0.66,0.58,-0.01,1.23,2.02,0.14285714285714285
8961,401056555,60.0,60.0,0,0,-1.42,0.04,0.36,0.54,0.94,-0.48,0.8428571428571429
9569,401056555,60.0,60.0,0,0,-0.4,0.41,-0.2,-0.29,-0.08,-0.48,0.8428571428571429
9513,401056555,35.0,35.0,0,0,-1.18,-0.21,2.42,-0.26,1.96,0.77,0.4857142857142857
6185,401056555,11.0,11.0,0,1,1.09,0.15,0.66,0.13,0.93,2.02,0.14285714285714285
1614,401056555,2.0,2.0,1,0,2.27,0.41,0.49,0.35,1.25,3.52,0.014285714285714285
686,401056555,35.0,35.0,0,0,0.64,-0.48,0.13,0.49,0.13,0.77,0.4857142857142857
9261,401056554,65.0,65.0,0,0,-0.73,-0.66,0.34,0.11,-0.21,-0.94,0.8888888888888888
16,401056554,22.0,22.0,0,1,2.04,0.8,-1.39,-0.15,-0.74,1.31,0.2916666666666667
9517,401056554,27.0,27.0,0,1,0.27,0.27,0.48,0.03,0.78,1.06,0.3611111111111111
5548,401056554,52.0,52.0,0,0,0.95,-0.58,-1.04,0.49,-1.14,-0.19,0.7083333333333334
4989,401056554,52.0,52.0,0,0,-0.76,-0.49,1.24,-0.19,0.56,-0.19,0.7083333333333334
3832,401056554,41.0,41.0,0,0,-0.1,0.73,-0.43,0.1,0.4,0.31,0.5555555555555556
5502,401056554,17.0,17.0,0,1,1.7,-0.05,0.62,-0.71,-0.15,1.56,0.2222222222222222
10372,401056554,65.0,65.0,0,0,0.06,-0.38,-0.03,-0.59,-1.01,-0.94,0.8888888888888888
388,401056554,2.0,2.0,1,0,0.28,0.43,2.96,0.64,4.02,4.31,0.013888888888888888
5285,401056554,17.0,17.0,0,1,0.22,0.95,0.04,0.35,1.34,1.56,0.2222222222222222
5338,401056554,9.0,9.0,1,0,0.81,0.88,0.73,-0.11,1.5,2.31,0.1111111111111111
10046,401056554,22.0,22.0,0,1,1.1,-0.08,-0.28,0.56,0.2,1.31,0.2916666666666667
1225,401056554,27.0,27.0,0,1,0.18,-0.69,1.11,0.45,0.87,1.06,0.3611111111111111
1651,401056554,9.0,9.0,1,0,0.38,-0.08,1.53,0.47,1.92,2.31,0.1111111111111111
3596,401056554,41.0,41.0,0,0,1.2,0.12,-1.24,0.23,-0.89,0.31,0.5555555555555556
3599,401056554,33.0,33.0,0,0,0.28,0.89,-0.16,-0.2,0.52,0.81,0.4444444444444444
713,401056554,71.0,71.0,0,0,-1.6,-1.21,0.98,-0.37,-0.6,-2.19,0.9722222222222222
9126,401056554,65.0,65.0,0,0,0.19,-0.89,-0.77,0.52,-1.14,-0.94,0.8888888888888888
5574,401056554,41.0,41.0,0,0,-0.16,0.93,0.58,-1.04,0.46,0.31,0.5555555555555556
6701,401056554,48.0,48.0,0,0,-1.2,1.28,0.11,-0.14,1.26,0.06,0.6527777777777778
4304,401056554,27.0,27.0,0,1,0.29,0.63,0.69,-0.56,0.77,1.06,0.3611111111111111
5882,401056554,9.0,9.0,1,0,0.45,0.55,0.43,0.88,1.86,2.31,0.1111111111111111
3550,401056554,52.0,52.0,0,0,0.22,-0.35,0.49,-0.56,-0.42,-0.19,0.7083333333333334
5934,401056554,37.0,37.0,0,0,0.46,-0.11,0.43,-0.22,0.1,0.56,0.5
5860,401056554,6.0,6.0,1,0,0.31,0.64,0.94,0.92,2.5,2.81,0.06944444444444445
576,401056554,37.0,37.0,0,0,-0.48,0.18,1.1,-0.24,1.04,0.56,0.5
6196,401056554,68.0,68.0,0,0,0.42,-1.7,-0.79,0.87,-1.62,-1.19,0.9305555555555556
110,401056554,7.0,7.0,1,0,0.4,-0.38,1.71,0.82,2.15,2.56,0.08333333333333333
153,401056554,33.0,33.0,0,0,0.46,0.13,0.52,-0.3,0.35,0.81,0.4444444444444444
3317,401056554,62.0,62.0,0,0,0.51,-0.93,-0.12,-0.15,-1.2,-0.69,0.8472222222222222
4831,401056554,62.0,62.0,0,0,0.54,-1.6,-0.12,0.48,-1.24,-0.69,0.8472222222222222
11099,401056554,27.0,27.0,0,1,0.27,0.41,0.29,0.1,0.79,1.06,0.3611111111111111
10505,401056554,52.0,52.0,0,0,-2.03,0.37,0.87,0.6,1.84,-0.19,0.7083333333333334
2883,401056554,73.0,73.0,0,0,-0.53,-1.05,-1.31,-0.05,-2.41,-2.94,1.0
569,401056554,13.0,13.0,0,1,0.91,-0.03,0.9,0.28,1.15,2.06,0.16666666666666666
5467,401056554,7.0,7.0,1,0,1.01,1.7,-0.84,0.68,1.55,2.56,0.08333333333333333
5771,401056554,17.0,17.0,0,1,1.0,0.39,-0.36,0.52,0.55,1.56,0.2222222222222222
77,401056554,71.0,71.0,0,0,-0.87,0.63,-0.84,-1.11,-1.32,-2.19,0.9722222222222222
2552,401056554,41.0,41.0,0,0,1.4,-0.3,-1.35,0.56,-1.09,0.31,0.5555555555555556
7083,401056554,37.0,37.0,0,0,-0.61,0.44,0.1,0.63,1.17,0.56,0.5
8906,401056554,48.0,48.0,0,0,0.36,0.03,-1.36,1.03,-0.3,0.06,0.6527777777777778
1077,401056554,4.0,4.0,1,0,0.94,0.34,2.34,-0.32,2.37,3.31,0.041666666666666664
601,401056554,57.0,57.0,0,0,0.79,0.59,-1.09,-0.74,-1.24,-0.44,0.7777777777777778
676,401056554,52.0,52.0,0,0,0.18,0.15,-0.19,-0.34,-0.37,-0.19,0.7083333333333334
1293,401056554,57.0,57.0,0,0,-0.29,0.51,-0.6,-0.07,-0.16,-0.44,0.7777777777777778
9037,401056554,68.0,68.0,0,0,-1.56,0.25,0.02,0.09,0.37,-1.19,0.9305555555555556
8973,401056554,37.0,37.0,0,0,-0.24,-0.17,1.08,-0.11,0.8,0.56,0.5
1367,401056554,41.0,41.0,0,0,-0.36,0.15,-0.26,0.77,0.66,0.31,0.5555555555555556
3670,401056554,3.0,3.0,1,0,1.97,0.51,1.44,-0.12,1.83,3.81,0.027777777777777776
3351,401056554,5.0,5.0,1,0,0.91,1.72,0.52,-0.1,2.14,3.06,0.05555555555555555
3688,401056554,14.0,14.0,0,1,0.79,0.42,0.08,0.53,1.02,1.81,0.18055555555555555
1042,401056554,22.0,22.0,0,1,0.15,-0.13,0.55,0.73,1.16,1.31,0.2916666666666667
6007,401056554,1.0,1.0,1,0,1.16,1.04,1.84,0.75,3.64,4.81,0.0
5692,401056554,17.0,17.0,0,1,0.12,-0.03,2.24,-0.78,1.44,1.56,0.2222222222222222
707,401056554,57.0,57.0,0,0,-0.21,0.98,-0.98,-0.23,-0.23,-0.44,0.7777777777777778
1750,401056554,22.0,22.0,0,1,1.19,0.34,-0.22,0.0,0.12,1.31,0.2916666666666667
4321,401056554,41.0,41.0,0,0,-1.23,1.53,-0.04,0.05,1.54,0.31,0.5555555555555556
3702,401056554,14.0,14.0,0,1,0.52,0.38,0.79,0.11,1.29,1.81,0.18055555555555555
4483,401056554,27.0,27.0,0,1,0.49,-0.1,1.2,-0.53,0.56,1.06,0.3611111111111111
809,401056554,33.0,33.0,0,0,-0.07,0.31,0.92,-0.35,0.87,0.81,0.4444444444444444
377,401056554,27.0,27.0,0,1,1.12,0.44,-0.84,0.34,-0.06,1.06,0.3611111111111111
11382,401056554,57.0,57.0,0,0,0.31,0.75,-1.25,-0.25,-0.75,-0.44,0.7777777777777778
7081,401056554,41.0,41.0,0,0,0.44,0.37,-0.95,0.45,-0.13,0.31,0.5555555555555556
7001,401056554,57.0,57.0,0,0,-0.67,-0.37,0.4,0.2,0.23,-0.44,0.7777777777777778
3378,401056554,48.0,48.0,0,0,-0.64,0.7,0.7,-0.71,0.69,0.06,0.6527777777777778
412,401056554,22.0,22.0,0,1,0.25,0.66,0.36,0.04,1.06,1.31,0.2916666666666667
5553,401056554,33.0,33.0,0,0,-0.14,0.31,0.16,0.48,0.95,0.81,0.4444444444444444
3970,401056554,17.0,17.0,0,1,-1.35,0.77,1.91,0.22,2.9,1.56,0.2222222222222222
462,401056554,9.0,9.0,1,0,0.47,0.09,1.35,0.39,1.84,2.31,0.1111111111111111
1185,401056554,48.0,48.0,0,0,0.64,-0.54,-0.53,0.48,-0.59,0.06,0.6527777777777778
10140,401056554,14.0,14.0,0,1,0.04,0.39,0.21,1.17,1.77,1.81,0.18055555555555555
9261,401056551,59.0,59.0,0,0,-0.27,0.78,-0.35,-0.11,0.33,0.06,0.8529411764705882
3832,401056551,35.0,35.0,0,0,0.91,0.11,-1.09,0.88,-0.1,0.81,0.5
10577,401056551,43.0,43.0,0,0,-1.19,0.38,0.51,0.86,1.75,0.56,0.6176470588235294
5338,401056551,43.0,43.0,0,0,-0.19,0.69,-0.48,0.53,0.75,0.56,0.6176470588235294
159,401056551,69.0,69.0,0,0,0.15,-0.15,-0.16,-0.52,-0.84,-0.69,1.0
4383,401056551,63.0,63.0,0,0,-1.06,0.38,-0.03,0.51,0.87,-0.19,0.9117647058823529
774,401056551,53.0,53.0,0,0,-0.39,0.17,-0.06,0.59,0.7,0.31,0.7647058823529411
7161,401056551,53.0,53.0,0,0,-0.97,0.61,0.22,0.46,1.28,0.31,0.7647058823529411
6011,401056551,43.0,43.0,0,0,0.41,-0.11,-0.47,0.72,0.15,0.56,0.6176470588235294
6798,401056551,4.0,4.0,1,0,1.5,-0.39,1.19,1.01,1.81,3.31,0.04411764705882353
3446,401056551,23.0,23.0,0,1,1.16,0.24,0.76,-0.84,0.16,1.31,0.3235294117647059
3599,401056551,59.0,59.0,0,0,-0.77,1.01,0.11,-0.28,0.83,0.06,0.8529411764705882
10863,401056551,35.0,35.0,0,0,-0.66,0.84,-0.63,1.26,1.47,0.81,0.5
10910,401056551,43.0,43.0,0,0,1.73,-0.09,-0.71,-0.37,-1.16,0.56,0.6176470588235294
5532,401056551,12.0,12.0,0,1,0.42,0.39,1.06,0.21,1.65,2.06,0.16176470588235295
6017,401056551,35.0,35.0,0,0,-0.07,0.11,0.9,-0.12,0.89,0.81,0.5
4645,401056551,23.0,23.0,0,1,0.77,-0.11,0.52,0.14,0.54,1.31,0.3235294117647059
9025,401056551,23.0,23.0,0,1,0.4,-0.28,0.98,0.21,0.91,1.31,0.3235294117647059
1176,401056551,63.0,63.0,0,0,0.82,0.74,-1.25,-0.49,-1.0,-0.19,0.9117647058823529
5167,401056551,67.0,67.0,0,0,-1.48,0.07,0.6,0.38,1.05,-0.44,0.9705882352941176
11456,401056551,12.0,12.0,0,1,0.79,0.66,0.29,0.32,1.27,2.06,0.16176470588235295
5574,401056551,43.0,43.0,0,0,-0.25,0.0,0.82,-0.01,0.82,0.56,0.6176470588235294
10054,401056551,23.0,23.0,0,1,0.99,-0.48,1.37,-0.57,0.32,1.31,0.3235294117647059
5408,401056551,43.0,43.0,0,0,1.12,-0.31,-0.72,0.47,-0.56,0.56,0.6176470588235294
5860,401056551,23.0,23.0,0,1,0.23,0.04,0.34,0.7,1.08,1.31,0.3235294117647059
576,401056551,20.0,20.0,0,1,-0.11,0.58,1.09,0.0,1.67,1.56,0.27941176470588236
3856,401056551,20.0,20.0,0,1,1.33,-0.11,-0.2,0.54,0.23,1.56,0.27941176470588236
9571,401056551,29.0,29.0,0,1,-0.04,0.21,0.59,0.3,1.1,1.06,0.4117647058823529
5825,401056551,10.0,10.0,1,0,2.38,-0.02,-0.65,0.59,-0.07,2.31,0.1323529411764706
10166,401056551,59.0,59.0,0,0,-0.67,0.12,-0.13,0.74,0.73,0.06,0.8529411764705882
5467,401056551,29.0,29.0,0,1,1.54,-0.12,-0.06,-0.31,-0.48,1.06,0.4117647058823529
1265,401056551,43.0,43.0,0,0,0.76,-0.13,0.3,-0.38,-0.2,0.56,0.6176470588235294
5771,401056551,5.0,5.0,1,0,3.51,-0.4,-0.14,-0.41,-0.95,2.56,0.058823529411764705
10363,401056551,17.0,17.0,0,1,-0.09,0.08,1.1,0.72,1.9,1.81,0.23529411764705882
8906,401056551,59.0,59.0,0,0,-0.22,-0.11,-0.54,0.93,0.29,0.06,0.8529411764705882
318,401056551,35.0,35.0,0,0,0.19,0.38,0.36,-0.12,0.62,0.81,0.5
3793,401056551,53.0,53.0,0,0,-0.66,0.86,0.36,-0.25,0.97,0.31,0.7647058823529411
1411,401056551,2.0,2.0,1,0,1.63,0.63,1.1,0.2,1.93,3.56,0.014705882352941176
4781,401056551,29.0,29.0,0,1,1.4,0.04,0.33,-0.71,-0.34,1.06,0.4117647058823529
1367,401056551,5.0,5.0,1,0,1.33,0.42,0.25,0.56,1.24,2.56,0.058823529411764705
2571,401056551,35.0,35.0,0,0,0.21,0.38,-0.71,0.93,0.6,0.81,0.5
3688,401056551,53.0,53.0,0,0,-0.45,0.27,0.03,0.47,0.77,0.31,0.7647058823529411
1600,401056551,29.0,29.0,0,1,1.12,-0.24,0.21,-0.03,-0.06,1.06,0.4117647058823529
6999,401056551,12.0,12.0,0,1,0.87,0.56,1.24,-0.61,1.19,2.06,0.16176470588235295
9568,401056551,69.0,69.0,0,0,0.36,-1.02,-0.06,0.04,-1.05,-0.69,1.0
186,401056551,12.0,12.0,0,1,1.15,0.69,0.48,-0.26,0.91,2.06,0.16176470588235295
707,401056551,12.0,12.0,0,1,0.42,0.51,1.32,-0.19,1.64,2.06,0.16176470588235295
5579,401056551,63.0,63.0,0,0,-0.85,0.66,0.09,-0.09,0.66,-0.19,0.9117647058823529
1674,401056551,5.0,5.0,1,0,1.66,-0.01,0.34,0.57,0.91,2.56,0.058823529411764705
4321,401056551,53.0,53.0,0,0,0.12,-0.13,0.33,0.0,0.2,0.31,0.7647058823529411
6783,401056551,43.0,43.0,0,0,0.49,-0.4,0.56,-0.09,0.07,0.56,0.6176470588235294
5409,401056551,35.0,35.0,0,0,-0.29,0.7,0.93,-0.53,1.1,0.81,0.5
4483,401056551,43.0,43.0,0,0,-0.17,-0.23,0.59,0.37,0.73,0.56,0.6176470588235294
809,401056551,69.0,69.0,0,0,-0.35,-0.14,0.56,-0.77,-0.34,-0.69,1.0
962,401056551,43.0,43.0,0,0,-1.02,-0.47,0.64,1.41,1.58,0.56,0.6176470588235294
377,401056551,5.0,5.0,1,0,0.26,0.6,1.43,0.27,2.3,2.56,0.058823529411764705
6937,401056551,17.0,17.0,0,1,0.84,0.98,0.38,-0.39,0.97,1.81,0.23529411764705882
4449,401056551,1.0,1.0,1,0,2.58,-0.18,1.09,0.57,1.49,4.06,0.0
10404,401056551,10.0,10.0,1,0,1.4,0.68,0.94,-0.7,0.92,2.31,0.1323529411764706
1037,401056551,2.0,2.0,1,0,0.89,0.52,1.68,0.47,2.67,3.56,0.014705882352941176
10932,401056551,63.0,63.0,0,0,-0.49,-0.17,-0.88,1.35,0.3,-0.19,0.9117647058823529
9478,401056551,35.0,35.0,0,0,0.04,0.23,-0.4,0.94,0.77,0.81,0.5
4643,401056551,20.0,20.0,0,1,0.34,0.07,1.46,-0.31,1.22,1.56,0.27941176470588236
8961,401056551,29.0,29.0,0,1,0.54,-0.85,0.94,0.43,0.52,1.06,0.4117647058823529
9569,401056551,5.0,5.0,1,0,0.49,0.55,0.99,0.54,2.07,2.56,0.058823529411764705
6086,401056551,67.0,67.0,0,0,-0.57,-0.34,0.73,-0.26,0.13,-0.44,0.9705882352941176
3970,401056551,53.0,53.0,0,0,0.08,-0.7,1.56,-0.63,0.23,0.31,0.7647058823529411
9031,401056551,23.0,23.0,0,1,1.27,0.01,-0.35,0.37,0.04,1.31,0.3235294117647059
1185,401056551,17.0,17.0,0,1,0.86,0.46,0.47,0.03,0.95,1.81,0.23529411764705882
4708,401056551,35.0,35.0,0,0,0.15,-0.3,0.64,0.31,0.66,0.81,0.5
5548,401056550,38.0,38.0,0,0,0.31,0.58,0.64,-0.69,0.53,0.84,0.5138888888888888
6015,401056550,45.0,45.0,0,0,0.21,0.52,-0.43,0.28,0.37,0.59,0.6111111111111112
3322,401056550,31.0,31.0,0,0,0.71,-0.04,0.08,0.34,0.37,1.09,0.4166666666666667
10372,401056550,13.0,13.0,0,1,1.65,-0.28,1.53,-0.82,0.43,2.09,0.16666666666666666
10577,401056550,18.0,18.0,0,1,-0.19,0.42,0.49,1.12,2.02,1.84,0.2361111111111111
5338,401056550,24.0,24.0,0,1,-0.08,0.87,0.37,0.43,1.67,1.59,0.3194444444444444
2283,401056550,60.0,60.0,0,0,-0.35,0.11,0.09,-0.01,0.18,-0.16,0.8194444444444444
774,401056550,50.0,50.0,0,0,-0.45,0.92,0.46,-0.59,0.78,0.34,0.6805555555555556
7161,401056550,65.0,65.0,0,0,-1.29,0.53,-0.31,0.41,0.63,-0.66,0.8888888888888888
1225,401056550,24.0,24.0,0,1,0.83,0.39,0.14,0.22,0.75,1.59,0.3194444444444444
6011,401056550,73.0,73.0,0,0,0.81,-0.72,-1.35,-1.4,-3.47,-2.66,1.0
3596,401056550,54.0,54.0,0,0,-0.26,-0.45,-1.13,1.92,0.35,0.09,0.7361111111111112
3454,401056550,18.0,18.0,0,1,2.39,0.06,0.15,-0.76,-0.55,1.84,0.2361111111111111
8971,401056550,31.0,31.0,0,0,1.87,-0.81,-0.98,1.0,-0.79,1.09,0.4166666666666667
1793,401056550,38.0,38.0,0,0,0.64,-0.23,0.55,-0.12,0.2,0.84,0.5138888888888888
769,401056550,18.0,18.0,0,1,0.14,0.02,0.95,0.72,1.69,1.84,0.2361111111111111
7039,401056550,38.0,38.0,0,0,1.29,-0.07,0.73,-1.11,-0.45,0.84,0.5138888888888888
9025,401056550,54.0,54.0,0,0,0.87,-0.99,-0.05,0.25,-0.79,0.09,0.7361111111111112
5167,401056550,24.0,24.0,0,1,-0.3,1.1,0.45,0.34,1.89,1.59,0.3194444444444444
11448,401056550,18.0,18.0,0,1,0.28,0.16,0.19,1.2,1.55,1.84,0.2361111111111111
3375,401056550,72.0,72.0,0,0,-1.71,0.25,-1.1,0.14,-0.71,-2.41,0.9861111111111112
5408,401056550,54.0,54.0,0,0,0.73,-0.55,-0.08,-0.01,-0.65,0.09,0.7361111111111112
11387,401056550,50.0,50.0,0,0,-0.16,-0.81,0.96,0.34,0.49,0.34,0.6805555555555556
5860,401056550,31.0,31.0,0,0,-0.14,0.89,0.04,0.3,1.22,1.09,0.4166666666666667
576,401056550,28.0,28.0,0,1,-1.04,0.87,1.54,-0.03,2.37,1.34,0.375
6196,401056550,2.0,2.0,1,0,1.32,-0.21,1.56,0.93,2.27,3.59,0.013888888888888888
1680,401056550,24.0,24.0,0,1,0.1,1.04,-0.55,0.99,1.48,1.59,0.3194444444444444
110,401056550,4.0,4.0,1,0,-0.36,1.01,1.32,0.87,3.2,2.84,0.041666666666666664
5259,401056550,68.0,68.0,0,0,0.24,0.5,-0.63,-1.02,-1.15,-0.91,0.9305555555555556
196,401056550,60.0,60.0,0,0,0.11,-0.13,-0.23,0.09,-0.27,-0.16,0.8194444444444444
6894,401056550,13.0,13.0,0,1,1.2,0.19,0.96,-0.27,0.89,2.09,0.16666666666666666
3317,401056550,69.0,69.0,0,0,-1.8,-0.4,-0.1,0.88,0.38,-1.41,0.9444444444444444
11099,401056550,38.0,38.0,0,0,0.62,-0.3,0.37,0.14,0.21,0.84,0.5138888888888888
569,401056550,3.0,3.0,1,0,1.84,0.07,1.32,0.1,1.49,3.34,0.027777777777777776
710,401056550,54.0,54.0,0,0,0.27,-0.23,0.3,-0.25,-0.19,0.09,0.7361111111111112
1030,401056550,8.0,8.0,1,0,0.09,0.25,0.9,1.11,2.25,2.34,0.09722222222222222
446,401056550,45.0,45.0,0,0,0.13,0.16,0.73,-0.43,0.45,0.59,0.6111111111111112
10363,401056550,60.0,60.0,0,0,-0.25,0.41,-0.65,0.33,0.09,-0.16,0.8194444444444444
7083,401056550,60.0,60.0,0,0,-0.38,0.86,-0.94,0.3,0.22,-0.16,0.8194444444444444
8906,401056550,8.0,8.0,1,0,0.69,-0.65,1.04,1.25,1.65,2.34,0.09722222222222222
1778,401056550,8.0,8.0,1,0,1.64,-0.53,1.13,0.1,0.7,2.34,0.09722222222222222
1077,401056550,45.0,45.0,0,0,-1.14,-0.56,0.98,1.3,1.72,0.59,0.6111111111111112
676,401056550,31.0,31.0,0,0,-0.06,0.45,0.04,0.65,1.15,1.09,0.4166666666666667
1059,401056550,65.0,65.0,0,0,-0.7,-0.11,-0.99,1.13,0.04,-0.66,0.8888888888888888
8973,401056550,1.0,1.0,1,0,2.47,0.01,1.15,0.7,1.86,4.34,0.0
1367,401056550,38.0,38.0,0,0,-0.49,1.08,-0.02,0.26,1.32,0.84,0.5138888888888888
2571,401056550,31.0,31.0,0,0,1.68,-0.04,-0.36,-0.19,-0.59,1.09,0.4166666666666667
1600,401056550,45.0,45.0,0,0,-0.26,-0.3,1.13,0.01,0.84,0.59,0.6111111111111112
3792,401056550,54.0,54.0,0,0,-0.99,1.17,-0.16,0.07,1.07,0.09,0.7361111111111112
1042,401056550,31.0,31.0,0,0,-0.24,0.09,0.46,0.78,1.32,1.09,0.4166666666666667
9568,401056550,28.0,28.0,0,1,1.2,-0.12,1.05,-0.79,0.13,1.34,0.375
72,401056550,4.0,4.0,1,0,0.81,0.11,1.33,0.58,2.02,2.84,0.041666666666666664
707,401056550,8.0,8.0,1,0,0.1,1.32,1.35,-0.43,2.24,2.34,0.09722222222222222
5579,401056550,28.0,28.0,0,1,-0.24,0.54,0.98,0.05,1.58,1.34,0.375
1935,401056550,45.0,45.0,0,0,0.64,-0.09,0.08,-0.04,-0.06,0.59,0.6111111111111112
6783,401056550,54.0,54.0,0,0,-0.01,0.25,0.25,-0.4,0.1,0.09,0.7361111111111112
3702,401056550,4.0,4.0,1,0,0.79,0.41,0.73,0.91,2.05,2.84,0.041666666666666664
3470,401056550,8.0,8.0,1,0,-0.54,-0.61,2.06,1.43,2.87,2.34,0.09722222222222222
377,401056550,18.0,18.0,0,1,0.36,0.99,0.41,0.08,1.47,1.84,0.2361111111111111
9804,401056550,38.0,38.0,0,0,0.86,-0.07,-0.1,0.14,-0.03,0.84,0.5138888888888888
158,401056550,4.0,4.0,1,0,0.57,0.17,1.66,0.44,2.26,2.84,0.041666666666666664
11382,401056550,31.0,31.0,0,0,0.27,0.77,0.23,-0.19,0.81,1.09,0.4166666666666667
10404,401056550,38.0,38.0,0,0,0.08,0.13,0.68,-0.05,0.76,0.84,0.5138888888888888
6001,401056550,13.0,13.0,0,1,0.91,0.47,0.18,0.52,1.18,2.09,0.16666666666666666
4643,401056550,13.0,13.0,0,1,1.47,0.07,1.51,-0.98,0.61,2.09,0.16666666666666666
2230,401056550,60.0,60.0,0,0,0.05,-0.51,0.61,-0.32,-0.21,-0.16,0.8194444444444444
6086,401056550,65.0,65.0,0,0,-0.13,-0.03,-0.39,-0.11,-0.53,-0.66,0.8888888888888888
9626,401056550,50.0,50.0,0,0,-0.83,-0.58,1.76,-0.01,1.17,0.34,0.6805555555555556
1185,401056550,13.0,13.0,0,1,1.46,-0.1,0.9,-0.18,0.63,2.09,0.16666666666666666
6185,401056550,70.0,70.0,0,0,-0.22,-0.57,-1.19,0.31,-1.44,-1.66,0.9583333333333334
1614,401056550,18.0,18.0,0,1,0.21,1.04,0.11,0.47,1.62,1.84,0.2361111111111111
4708,401056550,50.0,50.0,0,0,-0.42,-0.07,-0.23,1.05,0.76,0.34,0.6805555555555556
9261,401056526,42.0,42.0,0,0,0.6,-0.14,-1.23,1.15,-0.22,0.38,0.6029411764705882
16,401056526,30.0,30.0,0,1,0.0,-0.08,1.06,-0.1,0.89,0.88,0.4264705882352941
5502,401056526,36.0,36.0,0,0,0.79,0.61,-0.06,-0.71,-0.16,0.63,0.5147058823529411
10372,401056526,7.0,7.0,1,0,1.81,-0.23,0.37,0.18,0.32,2.13,0.08823529411764706
9127,401056526,42.0,42.0,0,0,-0.48,0.73,0.08,0.06,0.86,0.38,0.6029411764705882
5285,401056526,7.0,7.0,1,0,-1.51,0.99,1.9,0.75,3.64,2.13,0.08823529411764706
6011,401056526,36.0,36.0,0,0,0.35,0.18,-0.33,0.43,0.28,0.63,0.5147058823529411
3596,401056526,42.0,42.0,0,0,-0.17,-0.7,0.75,0.5,0.55,0.38,0.6029411764705882
3599,401056526,4.0,4.0,1,0,1.73,-0.29,1.42,0.03,1.15,2.88,0.04411764705882353
9126,401056526,1.0,1.0,1,0,0.54,-0.38,2.89,1.08,3.59,4.13,0.0
205,401056526,2.0,2.0,1,0,1.24,0.0,1.55,0.83,2.39,3.63,0.014705882352941176
4645,401056526,17.0,17.0,0,1,0.32,-0.06,1.21,0.16,1.32,1.63,0.23529411764705882
5167,401056526,42.0,42.0,0,0,-0.29,0.16,0.57,-0.06,0.67,0.38,0.6029411764705882
3950,401056526,7.0,7.0,1,0,0.29,-0.17,1.29,0.73,1.84,2.13,0.08823529411764706
123,401056526,57.0,57.0,0,0,-0.37,0.9,-0.21,-0.43,0.26,-0.12,0.8235294117647058
3375,401056526,23.0,23.0,0,1,1.54,-0.24,-0.09,-0.08,-0.41,1.13,0.3235294117647059
301,401056526,7.0,7.0,1,0,1.25,0.35,0.5,0.03,0.88,2.13,0.08823529411764706
11387,401056526,17.0,17.0,0,1,-0.23,1.3,0.1,0.47,1.86,1.63,0.23529411764705882
5934,401056526,52.0,52.0,0,0,-0.52,0.08,0.72,-0.14,0.66,0.13,0.75
6991,401056526,23.0,23.0,0,1,-0.19,-0.18,0.32,1.17,1.32,1.13,0.3235294117647059
3856,401056526,30.0,30.0,0,1,1.12,-0.48,0.42,-0.18,-0.24,0.88,0.4264705882352941
6196,401056526,69.0,69.0,0,0,0.16,-0.69,-0.57,-0.27,-1.52,-1.37,1.0
153,401056526,23.0,23.0,0,1,0.15,0.49,0.93,-0.43,0.98,1.13,0.3235294117647059
6894,401056526,63.0,63.0,0,0,-1.01,-0.43,0.43,0.4,0.4,-0.62,0.9117647058823529
3317,401056526,7.0,7.0,1,0,1.42,-0.57,0.7,0.59,0.71,2.13,0.08823529411764706
4831,401056526,63.0,63.0,0,0,-0.09,-0.57,0.15,-0.1,-0.52,-0.62,0.9117647058823529
10505,401056526,67.0,67.0,0,0,-0.35,-0.23,-0.79,0.26,-0.77,-1.12,0.9705882352941176
3669,401056526,23.0,23.0,0,1,1.61,0.72,-0.59,-0.61,-0.48,1.13,0.3235294117647059
5467,401056526,30.0,30.0,0,1,0.46,0.73,0.41,-0.71,0.42,0.88,0.4264705882352941
1568,401056526,57.0,57.0,0,0,-0.18,-0.43,0.95,-0.46,0.06,-0.12,0.8235294117647058
1030,401056526,30.0,30.0,0,1,-0.11,0.23,-0.24,1.0,0.99,0.88,0.4264705882352941
446,401056526,30.0,30.0,0,1,0.55,0.62,0.01,-0.3,0.33,0.88,0.4264705882352941
77,401056526,69.0,69.0,0,0,0.37,-0.48,-0.77,-0.48,-1.73,-1.37,1.0
10050,401056526,52.0,52.0,0,0,0.55,0.63,-1.13,0.09,-0.41,0.13,0.75
7083,401056526,14.0,14.0,0,1,-0.11,0.64,0.58,0.77,1.99,1.88,0.19117647058823528
1778,401056526,52.0,52.0,0,0,-0.59,-0.24,0.56,0.41,0.73,0.13,0.75
1077,401056526,6.0,6.0,1,0,0.79,0.56,0.89,0.39,1.84,2.63,0.07352941176470588
4351896,401056526,36.0,36.0,0,0,1.18,0.34,-1.19,0.3,-0.54,0.63,0.5147058823529411
676,401056526,14.0,14.0,0,1,0.1,1.16,0.65,-0.02,1.78,1.88,0.19117647058823528
4781,401056526,67.0,67.0,0,0,0.69,-0.01,-1.33,-0.47,-1.81,-1.12,0.9705882352941176
8973,401056526,42.0,42.0,0,0,-0.81,0.23,-0.2,1.16,1.19,0.38,0.6029411764705882
6931,401056526,42.0,42.0,0,0,-0.44,0.82,-0.1,0.1,0.82,0.38,0.6029411764705882
1367,401056526,30.0,30.0,0,1,-0.6,0.33,0.64,0.52,1.48,0.88,0.4264705882352941
3670,401056526,42.0,42.0,0,0,0.35,0.08,0.49,-0.53,0.04,0.38,0.6029411764705882
257,401056526,7.0,7.0,1,0,0.13,-0.49,2.15,0.35,2.01,2.13,0.08823529411764706
2571,401056526,36.0,36.0,0,0,-0.21,-0.54,0.73,0.66,0.85,0.63,0.5147058823529411
6151,401056526,66.0,66.0,0,0,0.8,0.13,-1.05,-0.75,-1.67,-0.87,0.9558823529411765
3792,401056526,52.0,52.0,0,0,1.63,-0.54,-0.57,-0.39,-1.49,0.13,0.75
9568,401056526,36.0,36.0,0,0,0.37,0.45,-0.33,0.13,0.26,0.63,0.5147058823529411
5692,401056526,23.0,23.0,0,1,1.14,0.39,-0.68,0.28,-0.01,1.13,0.3235294117647059
1750,401056526,57.0,57.0,0,0,0.53,0.01,-0.17,-0.49,-0.65,-0.12,0.8235294117647058
6783,401056526,57.0,57.0,0,0,0.12,0.03,-0.06,-0.2,-0.23,-0.12,0.8235294117647058
3702,401056526,17.0,17.0,0,1,0.32,0.01,0.44,0.87,1.31,1.63,0.23529411764705882
5409,401056526,52.0,52.0,0,0,-0.76,0.51,0.73,-0.34,0.89,0.13,0.75
809,401056526,3.0,3.0,1,0,1.39,-0.09,1.43,0.66,1.99,3.38,0.029411764705882353
377,401056526,36.0,36.0,0,0,-0.72,0.84,-0.25,0.77,1.35,0.63,0.5147058823529411
5619,401056526,63.0,63.0,0,0,0.84,-0.02,-0.73,-0.7,-1.45,-0.62,0.9117647058823529
9804,401056526,61.0,61.0,0,0,0.23,0.61,-0.84,-0.37,-0.6,-0.37,0.8823529411764706
4591,401056526,7.0,7.0,1,0,0.68,0.42,0.11,0.91,1.45,2.13,0.08823529411764706
9938,401056526,23.0,23.0,0,1,0.06,0.21,0.21,0.66,1.07,1.13,0.3235294117647059
11382,401056526,20.0,20.0,0,1,1.51,-0.41,0.0,0.28,-0.13,1.38,0.27941176470588236
4449,401056526,42.0,42.0,0,0,-0.52,-0.25,0.36,0.79,0.9,0.38,0.6029411764705882
7081,401056526,4.0,4.0,1,0,0.58,0.52,1.21,0.57,2.3,2.88,0.04411764705882353
7001,401056526,42.0,42.0,0,0,-0.49,-0.09,1.14,-0.18,0.87,0.38,0.6029411764705882
1613,401056526,42.0,42.0,0,0,0.07,0.08,-0.05,0.28,0.32,0.38,0.6029411764705882
9478,401056526,20.0,20.0,0,1,0.13,0.03,1.15,0.07,1.25,1.38,0.27941176470588236
3378,401056526,23.0,23.0,0,1,0.6,-0.25,0.33,0.45,0.54,1.13,0.3235294117647059
2230,401056526,61.0,61.0,0,0,-0.66,0.25,0.31,-0.27,0.29,-0.37,0.8823529411764706
11119,401056526,20.0,20.0,0,1,0.42,0.12,0.6,0.25,0.97,1.38,0.27941176470588236
512,401056523,60.0,60.0,0,0,-1.8,0.45,1.44,-0.42,1.46,-0.34,0.855072463768116
9517,401056523,9.0,9.0,1,0,1.06,0.19,0.49,0.17,0.85,1.91,0.11594202898550725
4989,401056523,30.0,30.0,0,1,0.91,0.14,0.21,-0.36,0.0,0.91,0.42028985507246375
4682,401056523,46.0,46.0,0,0,-0.1,-1.3,0.74,0.82,0.26,0.16,0.6521739130434783
159,401056523,46.0,46.0,0,0,-0.38,-1.04,0.88,0.71,0.54,0.16,0.6521739130434783
774,401056523,13.0,13.0,0,1,1.44,0.39,0.34,-0.51,0.22,1.66,0.17391304347826086
7161,401056523,60.0,60.0,0,0,-0.17,-0.93,0.16,0.6,-0.17,-0.34,0.855072463768116
1222,401056523,30.0,30.0,0,1,0.34,1.48,-0.63,-0.28,0.57,0.91,0.42028985507246375
3599,401056523,18.0,18.0,0,1,1.23,-0.56,1.07,-0.33,0.17,1.41,0.2463768115942029
780,401056523,4.0,4.0,1,0,0.67,0.89,-0.23,1.08,1.74,2.41,0.043478260869565216
5704,401056523,65.0,65.0,0,0,-0.61,0.11,-0.27,0.18,0.02,-0.59,0.927536231884058
205,401056523,18.0,18.0,0,1,1.07,-0.03,0.41,-0.04,0.34,1.41,0.2463768115942029
10910,401056523,13.0,13.0,0,1,2.2,-0.93,0.04,0.35,-0.54,1.66,0.17391304347826086
6017,401056523,42.0,42.0,0,0,0.27,0.27,-0.41,0.27,0.13,0.41,0.5942028985507246
1352,401056523,68.0,68.0,0,0,-0.92,0.35,-0.32,-0.45,-0.43,-1.34,0.9710144927536232
5167,401056523,37.0,37.0,0,0,0.45,-0.69,0.33,0.58,0.21,0.66,0.5217391304347826
3448,401056523,6.0,6.0,1,0,0.82,0.11,0.34,0.88,1.33,2.16,0.07246376811594203
3950,401056523,54.0,54.0,0,0,0.01,0.33,-0.29,-0.14,-0.1,-0.09,0.7681159420289855
10054,401056523,9.0,9.0,1,0,1.46,0.02,0.06,0.37,0.45,1.91,0.11594202898550725
4304,401056523,42.0,42.0,0,0,-0.21,0.2,0.85,-0.43,0.62,0.41,0.5942028985507246
301,401056523,46.0,46.0,0,0,1.13,-0.04,-0.68,-0.25,-0.97,0.16,0.6521739130434783
5408,401056523,54.0,54.0,0,0,0.66,0.19,0.15,-1.09,-0.75,-0.09,0.7681159420289855
11387,401056523,46.0,46.0,0,0,-0.36,-0.49,0.79,0.22,0.52,0.16,0.6521739130434783
576,401056523,24.0,24.0,0,1,-0.52,-0.18,1.82,0.03,1.68,1.16,0.3333333333333333
6991,401056523,65.0,65.0,0,0,-1.49,0.45,0.27,0.17,0.89,-0.59,0.927536231884058
3856,401056523,42.0,42.0,0,0,0.29,-0.48,0.6,0.0,0.12,0.41,0.5942028985507246
6196,401056523,30.0,30.0,0,1,-0.08,0.26,0.38,0.35,0.98,0.91,0.42028985507246375
5259,401056523,24.0,24.0,0,1,0.42,0.5,0.28,-0.04,0.74,1.16,0.3333333333333333
153,401056523,18.0,18.0,0,1,0.04,-0.37,1.24,0.5,1.37,1.41,0.2463768115942029
3317,401056523,2.0,2.0,1,0,1.38,-0.61,1.05,0.83,1.28,2.66,0.014492753623188406
11099,401056523,37.0,37.0,0,0,-0.35,-0.16,0.88,0.3,1.01,0.66,0.5217391304347826
9780,401056523,6.0,6.0,1,0,0.7,0.22,0.12,1.12,1.45,2.16,0.07246376811594203
10363,401056523,46.0,46.0,0,0,-0.33,0.46,-0.15,0.18,0.49,0.16,0.6521739130434783
2552,401056523,24.0,24.0,0,1,0.1,-0.68,1.43,0.31,1.06,1.16,0.3333333333333333
6689,401056523,46.0,46.0,0,0,0.2,0.0,-0.21,0.17,-0.04,0.16,0.6521739130434783
601,401056523,9.0,9.0,1,0,0.55,1.12,0.9,-0.67,1.35,1.91,0.11594202898550725
676,401056523,13.0,13.0,0,1,-0.48,1.17,0.74,0.22,2.14,1.66,0.17391304347826086
1293,401056523,2.0,2.0,1,0,1.11,1.54,-0.59,0.6,1.55,2.66,0.014492753623188406
4781,401056523,70.0,70.0,0,0,0.29,0.45,-1.42,-1.17,-2.14,-1.84,1.0
6931,401056523,13.0,13.0,0,1,0.4,-0.03,1.03,0.26,1.26,1.66,0.17391304347826086
1367,401056523,13.0,13.0,0,1,0.81,0.9,-1.15,1.09,0.84,1.66,0.17391304347826086
3792,401056523,24.0,24.0,0,1,0.55,0.02,0.11,0.47,0.6,1.16,0.3333333333333333
1042,401056523,37.0,37.0,0,0,0.8,0.42,-0.09,-0.47,-0.14,0.66,0.5217391304347826
72,401056523,1.0,1.0,1,0,0.1,0.79,1.16,0.86,2.81,2.91,0.0
3980,401056523,60.0,60.0,0,0,0.0,-0.02,-0.07,-0.25,-0.34,-0.34,0.855072463768116
5692,401056523,60.0,60.0,0,0,0.27,0.18,0.21,-1.01,-0.62,-0.34,0.855072463768116
1674,401056523,65.0,65.0,0,0,-0.64,0.75,-1.05,0.34,0.05,-0.59,0.927536231884058
1750,401056523,6.0,6.0,1,0,-0.27,0.72,1.12,0.58,2.43,2.16,0.07246376811594203
1935,401056523,54.0,54.0,0,0,-0.68,-0.45,0.29,0.75,0.59,-0.09,0.7681159420289855
4321,401056523,30.0,30.0,0,1,-0.61,-0.44,1.02,0.93,1.51,0.91,0.42028985507246375
3740,401056523,68.0,68.0,0,0,-0.38,0.7,-1.03,-0.64,-0.96,-1.34,0.9710144927536232
6783,401056523,54.0,54.0,0,0,0.14,0.39,-0.79,0.18,-0.23,-0.09,0.7681159420289855
5409,401056523,42.0,42.0,0,0,0.45,-0.56,-0.33,0.85,-0.04,0.41,0.5942028985507246
4483,401056523,24.0,24.0,0,1,-0.41,-0.11,1.46,0.21,1.57,1.16,0.3333333333333333
377,401056523,18.0,18.0,0,1,0.25,0.8,-0.23,0.59,1.16,1.41,0.2463768115942029
6090,401056523,60.0,60.0,0,0,0.53,-0.73,0.06,-0.21,-0.87,-0.34,0.855072463768116
9938,401056523,30.0,30.0,0,1,1.56,-0.31,-0.88,0.54,-0.65,0.91,0.42028985507246375
158,401056523,54.0,54.0,0,0,0.72,-0.64,-0.64,0.48,-0.81,-0.09,0.7681159420289855
11382,401056523,4.0,4.0,1,0,0.27,0.26,1.04,0.83,2.14,2.41,0.043478260869565216
4449,401056523,18.0,18.0,0,1,0.72,0.41,-0.08,0.35,0.69,1.41,0.2463768115942029
9076,401056523,37.0,37.0,0,0,0.9,0.13,0.15,-0.53,-0.25,0.66,0.5217391304347826
1613,401056523,46.0,46.0,0,0,-0.15,0.36,0.34,-0.4,0.31,0.16,0.6521739130434783
3378,401056523,9.0,9.0,1,0,0.38,0.55,0.85,0.13,1.53,1.91,0.11594202898550725
4643,401056523,30.0,30.0,0,1,-0.48,0.01,1.47,-0.08,1.39,0.91,0.42028985507246375
8961,401056523,46.0,46.0,0,0,1.12,-0.57,-0.21,-0.19,-0.96,0.16,0.6521739130434783
9626,401056523,54.0,54.0,0,0,-0.04,-0.44,0.64,-0.25,-0.05,-0.09,0.7681159420289855
1185,401056523,18.0,18.0,0,1,0.35,0.52,0.43,0.11,1.06,1.41,0.2463768115942029
11119,401056523,37.0,37.0,0,0,-0.11,0.64,-0.34,0.47,0.77,0.66,0.5217391304347826
686,401056523,24.0,24.0,0,1,0.37,0.63,0.2,-0.04,0.79,1.16,0.3333333333333333
9261,401056522,12.0,12.0,0,1,0.21,0.16,0.93,0.93,2.02,2.23,0.15492957746478872
4682,401056522,47.0,47.0,0,0,-0.1,-0.19,0.82,-0.3,0.33,0.23,0.647887323943662
388,401056522,12.0,12.0,0,1,0.65,0.9,0.02,0.66,1.58,2.23,0.15492957746478872
5285,401056522,26.0,26.0,0,1,-0.37,0.48,0.09,1.03,1.6,1.23,0.352112676056338
5338,401056522,47.0,47.0,0,0,-0.03,0.13,0.96,-0.83,0.26,0.23,0.647887323943662
10046,401056522,20.0,20.0,0,1,1.17,-0.42,-0.34,1.32,0.56,1.73,0.2676056338028169
2283,401056522,35.0,35.0,0,0,0.84,0.03,-0.44,0.29,-0.11,0.73,0.4788732394366197
159,401056522,56.0,56.0,0,0,1.19,0.58,-1.11,-0.69,-1.21,-0.02,0.7746478873239436
4383,401056522,72.0,72.0,0,0,-0.4,-0.24,-0.66,-0.23,-1.12,-1.52,1.0
1225,401056522,8.0,8.0,1,0,1.17,0.07,0.53,0.72,1.32,2.48,0.09859154929577464
1651,401056522,26.0,26.0,0,1,1.74,-0.4,1.01,-1.12,-0.51,1.23,0.352112676056338
6798,401056522,56.0,56.0,0,0,0.41,0.42,-0.63,-0.22,-0.43,-0.02,0.7746478873239436
1222,401056522,5.0,5.0,1,0,0.44,0.84,1.23,0.22,2.29,2.73,0.056338028169014086
780,401056522,56.0,56.0,0,0,-0.65,-0.06,-0.49,1.18,0.63,-0.02,0.7746478873239436
9126,401056522,41.0,41.0,0,0,-1.47,-0.2,1.09,1.05,1.95,0.48,0.5633802816901409
208,401056522,35.0,35.0,0,0,0.53,0.0,0.26,-0.06,0.21,0.73,0.4788732394366197
3449,401056522,56.0,56.0,0,0,-1.06,0.48,-0.1,0.66,1.04,-0.02,0.7746478873239436
6017,401056522,72.0,72.0,0,0,-1.16,0.43,-1.19,0.41,-0.36,-1.52,1.0
9131,401056522,56.0,56.0,0,0,0.63,-0.29,0.15,-0.5,-0.64,-0.02,0.7746478873239436
9025,401056522,67.0,67.0,0,0,-0.02,-0.47,-0.67,0.88,-0.25,-0.27,0.9295774647887324
3448,401056522,5.0,5.0,1,0,-0.01,0.19,2.4,0.15,2.74,2.73,0.056338028169014086
10054,401056522,41.0,41.0,0,0,1.5,0.11,-1.12,-0.02,-1.02,0.48,0.5633802816901409
5882,401056522,26.0,26.0,0,1,0.35,-0.42,0.69,0.61,0.88,1.23,0.352112676056338
6629,401056522,3.0,3.0,1,0,1.32,1.41,0.54,-0.29,1.66,2.98,0.028169014084507043
1483,401056522,56.0,56.0,0,0,0.25,0.6,-0.42,-0.44,-0.27,-0.02,0.7746478873239436
3550,401056522,30.0,30.0,0,1,-0.5,1.07,-0.71,1.12,1.48,0.98,0.4084507042253521
5860,401056522,8.0,8.0,1,0,0.67,0.0,1.38,0.42,1.81,2.48,0.09859154929577464
619,401056522,56.0,56.0,0,0,-0.06,0.52,-0.93,0.46,0.04,-0.02,0.7746478873239436
6196,401056522,12.0,12.0,0,1,0.43,0.25,1.09,0.46,1.8,2.23,0.15492957746478872
1680,401056522,8.0,8.0,1,0,1.17,0.0,0.32,0.99,1.31,2.48,0.09859154929577464
153,401056522,2.0,2.0,1,0,1.05,0.86,1.2,0.12,2.18,3.23,0.014084507042253521
3317,401056522,47.0,47.0,0,0,-0.44,-0.07,0.88,-0.13,0.67,0.23,0.647887323943662
10505,401056522,22.0,22.0,0,1,0.71,-0.1,0.52,0.36,0.77,1.48,0.29577464788732394
9780,401056522,12.0,12.0,0,1,0.44,-0.71,1.72,0.78,1.79,2.23,0.15492957746478872
569,401056522,8.0,8.0,1,0,1.08,0.12,0.94,0.34,1.4,2.48,0.09859154929577464
4848,401056522,35.0,35.0,0,0,-0.13,0.58,-0.1,0.38,0.86,0.73,0.4788732394366197
1030,401056522,3.0,3.0,1,0,1.28,0.7,0.3,0.71,1.7,2.98,0.028169014084507043
446,401056522,67.0,67.0,0,0,-0.1,-0.54,0.02,0.36,-0.17,-0.27,0.9295774647887324
4513,401056522,16.0,16.0,0,1,-0.34,0.04,2.08,0.21,2.32,1.98,0.2112676056338028
2552,401056522,22.0,22.0,0,1,0.54,-0.03,0.21,0.76,0.94,1.48,0.29577464788732394
6689,401056522,47.0,47.0,0,0,-0.34,0.0,1.6,-1.03,0.57,0.23,0.647887323943662
8906,401056522,47.0,47.0,0,0,0.23,0.07,-0.62,0.55,0.0,0.23,0.647887323943662
9575,401056522,30.0,30.0,0,1,1.62,-0.82,-0.72,0.91,-0.63,0.98,0.4084507042253521
1059,401056522,56.0,56.0,0,0,-0.49,-0.11,0.24,0.34,0.47,-0.02,0.7746478873239436
1293,401056522,56.0,56.0,0,0,-1.31,0.85,-0.63,1.07,1.29,-0.02,0.7746478873239436
9037,401056522,41.0,41.0,0,0,0.82,-0.6,0.21,0.06,-0.34,0.48,0.5633802816901409
3670,401056522,71.0,71.0,0,0,-1.08,-0.06,0.48,-0.61,-0.19,-1.27,0.9859154929577465
257,401056522,26.0,26.0,0,1,-1.67,0.4,1.89,0.62,2.9,1.23,0.352112676056338
3688,401056522,70.0,70.0,0,0,0.45,-0.43,-0.11,-0.42,-0.97,-0.52,0.971830985915493
6151,401056522,41.0,41.0,0,0,0.29,1.04,-0.78,-0.07,0.19,0.48,0.5633802816901409
10548,401056522,30.0,30.0,0,1,0.42,0.09,0.3,0.17,0.56,0.98,0.4084507042253521
3792,401056522,16.0,16.0,0,1,0.05,0.12,2.04,-0.22,1.94,1.98,0.2112676056338028
9568,401056522,16.0,16.0,0,1,0.75,0.16,0.39,0.68,1.23,1.98,0.2112676056338028
5579,401056522,47.0,47.0,0,0,-0.86,1.0,-0.26,0.35,1.09,0.23,0.647887323943662
3702,401056522,47.0,47.0,0,0,0.64,-0.45,0.36,-0.32,-0.41,0.23,0.647887323943662
4483,401056522,35.0,35.0,0,0,-0.67,-0.39,1.03,0.77,1.41,0.73,0.4788732394366197
3470,401056522,1.0,1.0,1,0,0.17,0.37,1.62,1.33,3.32,3.48,0.0
809,401056522,20.0,20.0,0,1,0.64,1.17,0.38,-0.46,1.09,1.73,0.2676056338028169
377,401056522,35.0,35.0,0,0,0.16,0.78,-0.46,0.26,0.57,0.73,0.4788732394366197
9804,401056522,47.0,47.0,0,0,0.37,0.28,0.9,-1.32,-0.14,0.23,0.647887323943662
158,401056522,22.0,22.0,0,1,0.9,-0.49,0.49,0.59,0.58,1.48,0.29577464788732394
4449,401056522,47.0,47.0,0,0,0.74,-1.07,0.66,-0.09,-0.51,0.23,0.647887323943662
7081,401056522,56.0,56.0,0,0,-0.14,0.38,-0.09,-0.17,0.12,-0.02,0.7746478873239436
5506,401056522,67.0,67.0,0,0,0.47,0.45,-0.57,-0.62,-0.74,-0.27,0.9295774647887324
1037,401056522,56.0,56.0,0,0,-0.28,1.0,-0.8,0.06,0.26,-0.02,0.7746478873239436
6001,401056522,35.0,35.0,0,0,0.74,-0.34,-0.01,0.34,0.0,0.73,0.4788732394366197
2230,401056522,22.0,22.0,0,1,1.41,-0.66,-0.12,0.86,0.07,1.48,0.29577464788732394
5539,401056522,5.0,5.0,1,0,0.43,0.3,0.19,1.82,2.3,2.73,0.056338028169014086
6086,401056522,30.0,30.0,0,1,1.17,-0.39,0.69,-0.49,-0.19,0.98,0.4084507042253521
5140,401056522,41.0,41.0,0,0,-0.54,0.35,0.44,0.22,1.02,0.48,0.5633802816901409
462,401056522,30.0,30.0,0,1,0.25,0.58,-1.0,1.15,0.73,0.98,0.4084507042253521
1185,401056522,41.0,41.0,0,0,2.02,-0.09,-0.94,-0.51,-1.54,0.48,0.5633802816901409
1614,401056522,16.0,16.0,0,1,1.07,-0.07,0.42,0.55,0.91,1.98,0.2112676056338028
16,401056521,17.0,17.0,0,1,0.69,2.49,-0.61,-0.99,0.89,1.57,0.23529411764705882
5548,401056521,33.0,33.0,0,0,-0.12,0.05,-0.36,1.25,0.94,0.82,0.47058823529411764
4989,401056521,69.0,69.0,0,0,-0.92,0.83,-0.4,-1.18,-0.76,-1.68,1.0
6015,401056521,10.0,10.0,1,0,-0.65,0.77,1.47,0.48,2.72,2.07,0.1323529411764706
10372,401056521,29.0,29.0,0,1,-0.25,0.1,1.23,0.0,1.32,1.07,0.4117647058823529
10577,401056521,40.0,40.0,0,0,1.07,0.17,-0.91,0.23,-0.5,0.57,0.5735294117647058
5285,401056521,10.0,10.0,1,0,-0.47,0.23,1.08,1.23,2.54,2.07,0.1323529411764706
10046,401056521,46.0,46.0,0,0,1.0,0.24,-1.08,0.16,-0.68,0.32,0.6617647058823529
1651,401056521,50.0,50.0,0,0,0.21,-0.12,-0.01,-0.01,-0.14,0.07,0.7205882352941176
6011,401056521,58.0,58.0,0,0,1.21,-0.59,-0.79,-0.52,-1.89,-0.68,0.8382352941176471
1222,401056521,50.0,50.0,0,0,0.54,0.16,-0.42,-0.21,-0.47,0.07,0.7205882352941176
3596,401056521,17.0,17.0,0,1,1.82,-0.75,0.19,0.32,-0.24,1.57,0.23529411764705882
780,401056521,17.0,17.0,0,1,-0.07,0.01,1.6,0.03,1.64,1.57,0.23529411764705882
5704,401056521,17.0,17.0,0,1,0.65,-0.12,2.25,-1.2,0.92,1.57,0.23529411764705882
208,401056521,15.0,15.0,0,1,0.21,0.36,0.32,0.94,1.62,1.82,0.20588235294117646
3449,401056521,15.0,15.0,0,1,0.42,0.75,0.76,-0.11,1.4,1.82,0.20588235294117646
5532,401056521,29.0,29.0,0,1,-0.35,0.76,0.36,0.29,1.42,1.07,0.4117647058823529
1196,401056521,58.0,58.0,0,0,-0.11,0.56,-0.38,-0.75,-0.57,-0.68,0.8382352941176471
6629,401056521,57.0,57.0,0,0,0.35,-1.0,0.91,-0.7,-0.78,-0.43,0.8235294117647058
1483,401056521,1.0,1.0,1,0,1.7,0.01,0.35,1.27,1.62,3.32,0.0
301,401056521,54.0,54.0,0,0,0.13,0.56,-0.69,-0.18,-0.31,-0.18,0.7794117647058824
5408,401056521,68.0,68.0,0,0,0.51,0.09,-1.06,-0.96,-1.94,-1.43,0.9852941176470589
957,401056521,40.0,40.0,0,0,0.86,-0.05,-0.45,0.22,-0.28,0.57,0.5735294117647058
5860,401056521,33.0,33.0,0,0,-2.08,0.86,1.67,0.38,2.91,0.82,0.47058823529411764
576,401056521,17.0,17.0,0,1,0.26,-0.21,1.67,-0.15,1.31,1.57,0.23529411764705882
5504,401056521,29.0,29.0,0,1,-0.33,-0.06,1.22,0.24,1.4,1.07,0.4117647058823529
619,401056521,23.0,23.0,0,1,-0.23,0.47,0.2,0.88,1.55,1.32,0.3235294117647059
3317,401056521,10.0,10.0,1,0,-1.02,-0.16,2.12,1.14,3.1,2.07,0.1323529411764706
11099,401056521,46.0,46.0,0,0,0.06,0.36,0.4,-0.49,0.26,0.32,0.6617647058823529
10505,401056521,66.0,66.0,0,0,-0.16,0.21,-0.68,-0.55,-1.02,-1.18,0.9558823529411765
569,401056521,63.0,63.0,0,0,-0.71,-0.26,0.04,0.0,-0.22,-0.93,0.9117647058823529
10166,401056521,63.0,63.0,0,0,-0.85,-0.72,0.7,-0.06,-0.08,-0.93,0.9117647058823529
1030,401056521,23.0,23.0,0,1,0.08,0.25,0.07,0.92,1.24,1.32,0.3235294117647059
1265,401056521,33.0,33.0,0,0,-0.07,-0.9,1.6,0.2,0.9,0.82,0.47058823529411764
446,401056521,58.0,58.0,0,0,-0.44,-0.11,0.36,-0.48,-0.23,-0.68,0.8382352941176471
5771,401056521,23.0,23.0,0,1,0.31,0.39,-0.06,0.68,1.01,1.32,0.3235294117647059
4513,401056521,46.0,46.0,0,0,-0.52,0.13,0.67,0.04,0.84,0.32,0.6617647058823529
2552,401056521,23.0,23.0,0,1,-0.46,0.15,0.85,0.78,1.78,1.32,0.3235294117647059
8906,401056521,6.0,6.0,1,0,0.91,-0.22,0.87,0.76,1.42,2.32,0.07352941176470588
1077,401056521,58.0,58.0,0,0,0.33,-0.28,-1.28,0.55,-1.01,-0.68,0.8382352941176471
676,401056521,10.0,10.0,1,0,1.31,0.05,0.43,0.28,0.76,2.07,0.1323529411764706
1059,401056521,10.0,10.0,1,0,0.18,0.22,1.29,0.38,1.89,2.07,0.1323529411764706
9037,401056521,2.0,2.0,1,0,0.86,0.85,0.74,0.37,1.96,2.82,0.014705882352941176
3670,401056521,33.0,33.0,0,0,0.53,0.37,-0.48,0.41,0.29,0.82,0.47058823529411764
3351,401056521,23.0,23.0,0,1,1.06,0.0,0.2,0.06,0.26,1.32,0.3235294117647059
6151,401056521,66.0,66.0,0,0,0.25,-0.67,-0.73,-0.03,-1.43,-1.18,0.9558823529411765
10548,401056521,6.0,6.0,1,0,0.64,0.79,0.55,0.34,1.69,2.32,0.07352941176470588
707,401056521,50.0,50.0,0,0,1.73,0.07,-0.97,-0.76,-1.66,0.07,0.7205882352941176
5579,401056521,50.0,50.0,0,0,-0.05,0.34,0.37,-0.59,0.13,0.07,0.7205882352941176
6825,401056521,46.0,46.0,0,0,-0.12,-0.13,0.11,0.46,0.44,0.32,0.6617647058823529
1935,401056521,17.0,17.0,0,1,1.27,0.22,0.01,0.07,0.3,1.57,0.23529411764705882
4321,401056521,3.0,3.0,1,0,1.46,-0.69,0.83,0.97,1.12,2.57,0.029411764705882353
3702,401056521,40.0,40.0,0,0,0.64,-0.04,0.71,-0.73,-0.06,0.57,0.5735294117647058
3470,401056521,6.0,6.0,1,0,0.11,0.38,0.56,1.27,2.21,2.32,0.07352941176470588
809,401056521,33.0,33.0,0,0,-0.73,0.78,0.15,0.62,1.55,0.82,0.47058823529411764
6090,401056521,23.0,23.0,0,1,-0.1,0.4,0.28,0.74,1.42,1.32,0.3235294117647059
9938,401056521,54.0,54.0,0,0,1.8,-1.29,-0.93,0.24,-1.98,-0.18,0.7794117647058824
10049,401056521,33.0,33.0,0,0,-0.17,0.11,0.51,0.38,1.0,0.82,0.47058823529411764
11382,401056521,3.0,3.0,1,0,0.54,0.61,1.65,-0.23,2.03,2.57,0.029411764705882353
4449,401056521,6.0,6.0,1,0,1.37,0.3,0.26,0.4,0.96,2.32,0.07352941176470588
1037,401056521,54.0,54.0,0,0,0.32,-0.53,-0.68,0.72,-0.5,-0.18,0.7794117647058824
7001,401056521,33.0,33.0,0,0,0.45,-0.28,0.73,-0.08,0.37,0.82,0.47058823529411764
1613,401056521,63.0,63.0,0,0,-0.77,-0.36,0.21,-0.01,-0.16,-0.93,0.9117647058823529
3378,401056521,40.0,40.0,0,0,0.48,-0.06,0.67,-0.52,0.1,0.57,0.5735294117647058
412,401056521,58.0,58.0,0,0,-0.69,1.54,-1.18,-0.35,0.01,-0.68,0.8382352941176471
5539,401056521,3.0,3.0,1,0,-0.4,0.58,1.18,1.22,2.98,2.57,0.029411764705882353
5553,401056521,29.0,29.0,0,1,0.5,0.28,0.5,-0.21,0.57,1.07,0.4117647058823529
198,401056521,69.0,69.0,0,0,-0.31,-0.42,-0.33,-0.63,-1.37,-1.68,1.0
4364873,401056521,40.0,40.0,0,0,-0.73,0.24,0.27,0.79,1.3,0.57,0.5735294117647058
686,401056521,40.0,40.0,0,0,0.99,0.13,-0.07,-0.48,-0.42,0.57,0.5735294117647058
4989,401056520,59.0,59.0,0,0,0.66,0.04,-0.82,0.32,-0.46,0.2,0.8405797101449275
10372,401056520,30.0,30.0,0,1,0.45,-0.06,0.63,-0.07,0.49,0.95,0.42028985507246375
9127,401056520,59.0,59.0,0,0,-0.45,0.59,0.46,-0.4,0.65,0.2,0.8405797101449275
5285,401056520,36.0,36.0,0,0,-1.4,0.36,1.25,0.5,2.1,0.7,0.5072463768115942
1626,401056520,59.0,59.0,0,0,-0.32,-0.44,1.25,-0.29,0.51,0.2,0.8405797101449275
5338,401056520,12.0,12.0,0,1,0.23,1.24,-0.41,0.64,1.47,1.7,0.15942028985507245
159,401056520,20.0,20.0,0,1,1.93,0.26,-0.53,-0.47,-0.74,1.2,0.2753623188405797
774,401056520,51.0,51.0,0,0,1.09,0.17,-0.72,-0.1,-0.64,0.45,0.7246376811594203
1651,401056520,16.0,16.0,0,1,2.34,-0.26,-0.07,-0.56,-0.89,1.45,0.21739130434782608
6798,401056520,2.0,2.0,1,0,0.97,-0.03,1.66,0.34,1.97,2.95,0.014492753623188406
8910,401056520,36.0,36.0,0,0,-0.64,0.54,0.5,0.31,1.34,0.7,0.5072463768115942
3599,401056520,20.0,20.0,0,1,1.28,0.47,-0.25,-0.31,-0.08,1.2,0.2753623188405797
10863,401056520,59.0,59.0,0,0,-0.3,0.24,0.33,-0.06,0.5,0.2,0.8405797101449275
5704,401056520,20.0,20.0,0,1,0.87,-0.28,1.08,-0.47,0.33,1.2,0.2753623188405797
1097,401056520,16.0,16.0,0,1,1.43,0.64,0.24,-0.86,0.02,1.45,0.21739130434782608
4645,401056520,36.0,36.0,0,0,1.04,-1.39,0.32,0.73,-0.34,0.7,0.5072463768115942
7039,401056520,51.0,51.0,0,0,1.18,-0.55,-0.26,0.08,-0.73,0.45,0.7246376811594203
9025,401056520,36.0,36.0,0,0,1.2,0.06,-1.15,0.58,-0.51,0.7,0.5072463768115942
3950,401056520,36.0,36.0,0,0,-0.12,-0.68,1.38,0.12,0.82,0.7,0.5072463768115942
123,401056520,20.0,20.0,0,1,0.91,0.67,0.23,-0.61,0.29,1.2,0.2753623188405797
540,401056520,68.0,68.0,0,0,0.39,0.54,-0.47,-0.76,-0.69,-0.3,0.9710144927536232
5462,401056520,68.0,68.0,0,0,-0.17,-0.69,0.3,0.27,-0.13,-0.3,0.9710144927536232
3550,401056520,36.0,36.0,0,0,-0.89,-0.54,1.94,0.2,1.59,0.7,0.5072463768115942
5408,401056520,12.0,12.0,0,1,0.77,0.38,0.35,0.2,0.93,1.7,0.15942028985507245
11387,401056520,70.0,70.0,0,0,-1.71,0.6,-0.03,0.34,0.91,-0.8,1.0
6991,401056520,51.0,51.0,0,0,-0.65,0.24,0.47,0.39,1.1,0.45,0.7246376811594203
3856,401056520,36.0,36.0,0,0,0.21,0.09,0.07,0.33,0.49,0.7,0.5072463768115942
5259,401056520,36.0,36.0,0,0,0.02,1.19,-0.33,-0.18,0.68,0.7,0.5072463768115942
153,401056520,9.0,9.0,1,0,0.87,0.51,0.59,-0.03,1.08,1.95,0.11594202898550725
5797,401056520,59.0,59.0,0,0,-0.36,0.08,1.14,-0.67,0.56,0.2,0.8405797101449275
3317,401056520,9.0,9.0,1,0,-0.16,0.53,1.19,0.39,2.11,1.95,0.11594202898550725
11099,401056520,59.0,59.0,0,0,-1.0,0.3,0.66,0.24,1.2,0.2,0.8405797101449275
10505,401056520,36.0,36.0,0,0,0.07,0.1,0.08,0.46,0.63,0.7,0.5072463768115942
4848,401056520,30.0,30.0,0,1,-0.26,1.25,-0.8,0.75,1.21,0.95,0.42028985507246375
1030,401056520,16.0,16.0,0,1,1.56,-0.42,-0.18,0.49,-0.11,1.45,0.21739130434782608
10363,401056520,30.0,30.0,0,1,-0.17,0.65,-0.38,0.84,1.12,0.95,0.42028985507246375
7083,401056520,7.0,7.0,1,0,-0.02,-0.22,1.36,1.08,2.22,2.2,0.08695652173913043
8906,401056520,1.0,1.0,1,0,0.22,0.88,1.54,0.56,2.98,3.2,0.0
9575,401056520,12.0,12.0,0,1,0.46,-0.17,0.94,0.47,1.24,1.7,0.15942028985507245
676,401056520,4.0,4.0,1,0,1.2,-0.09,0.81,0.79,1.5,2.7,0.043478260869565216
8973,401056520,20.0,20.0,0,1,1.39,-0.62,0.18,0.25,-0.19,1.2,0.2753623188405797
1367,401056520,36.0,36.0,0,0,0.99,-0.46,-0.37,0.54,-0.29,0.7,0.5072463768115942
3670,401056520,67.0,67.0,0,0,0.33,-0.35,0.46,-0.5,-0.39,-0.05,0.9565217391304348
3688,401056520,16.0,16.0,0,1,2.12,0.41,-1.03,-0.05,-0.67,1.45,0.21739130434782608
10548,401056520,20.0,20.0,0,1,-0.09,-0.04,1.28,0.05,1.29,1.2,0.2753623188405797
3792,401056520,30.0,30.0,0,1,1.64,-0.34,-0.5,0.15,-0.69,0.95,0.42028985507246375
1042,401056520,51.0,51.0,0,0,0.31,0.11,-0.18,0.21,0.14,0.45,0.7246376811594203
5692,401056520,36.0,36.0,0,0,0.1,-0.01,0.65,-0.04,0.6,0.7,0.5072463768115942
6825,401056520,30.0,30.0,0,1,0.53,1.17,-1.09,0.34,0.42,0.95,0.42028985507246375
1750,401056520,12.0,12.0,0,1,0.25,0.56,0.52,0.36,1.44,1.7,0.15942028985507245
3740,401056520,20.0,20.0,0,1,-0.69,0.31,1.78,-0.21,1.88,1.2,0.2753623188405797
3702,401056520,2.0,2.0,1,0,0.99,0.76,0.92,0.28,1.96,2.95,0.014492753623188406
5409,401056520,20.0,20.0,0,1,-0.25,0.32,0.31,0.82,1.45,1.2,0.2753623188405797
4483,401056520,51.0,51.0,0,0,-0.88,-0.22,2.04,-0.49,1.33,0.45,0.7246376811594203
962,401056520,4.0,4.0,1,0,1.4,-1.09,1.22,1.17,1.3,2.7,0.043478260869565216
377,401056520,36.0,36.0,0,0,1.39,0.23,-0.83,-0.09,-0.69,0.7,0.5072463768115942
6090,401056520,30.0,30.0,0,1,1.36,-0.21,-0.43,0.23,-0.41,0.95,0.42028985507246375
4591,401056520,20.0,20.0,0,1,0.23,-0.4,0.82,0.56,0.97,1.2,0.2753623188405797
158,401056520,9.0,9.0,1,0,-0.66,0.18,1.88,0.55,2.61,1.95,0.11594202898550725
11382,401056520,51.0,51.0,0,0,-0.77,0.36,0.67,0.19,1.22,0.45,0.7246376811594203
4449,401056520,51.0,51.0,0,0,-0.2,0.71,-0.44,0.38,0.65,0.45,0.7246376811594203
10404,401056520,36.0,36.0,0,0,-0.08,0.76,-0.29,0.3,0.78,0.7,0.5072463768115942
1613,401056520,36.0,36.0,0,0,0.43,0.04,0.51,-0.28,0.27,0.7,0.5072463768115942
9513,401056520,20.0,20.0,0,1,0.15,0.05,1.62,-0.63,1.05,1.2,0.2753623188405797
9626,401056520,51.0,51.0,0,0,-0.04,0.32,0.52,-0.35,0.49,0.45,0.7246376811594203
392,401056520,6.0,6.0,1,0,0.34,0.68,1.17,0.26,2.11,2.45,0.07246376811594203
1185,401056520,59.0,59.0,0,0,0.7,-0.8,0.38,-0.08,-0.5,0.2,0.8405797101449275
11119,401056520,7.0,7.0,1,0,2.19,0.27,-0.74,0.47,0.01,2.2,0.08695652173913043
1614,401056520,36.0,36.0,0,0,-0.09,1.39,-1.17,0.58,0.79,0.7,0.5072463768115942
686,401056520,59.0,59.0,0,0,-1.68,0.72,0.24,0.91,1.88,0.2,0.8405797101449275
9261,401056516,39.0,39.0,0,0,-0.67,0.61,0.76,-0.84,0.53,-0.14,0.5428571428571428
9469,401056516,39.0,39.0,0,0,-0.27,0.45,0.21,-0.53,0.13,-0.14,0.5428571428571428
3832,401056516,62.0,62.0,0,0,-1.57,0.6,-1.15,-0.27,-0.82,-2.39,0.8714285714285714
10906,401056516,51.0,51.0,0,0,-0.06,0.12,0.02,-0.98,-0.83,-0.89,0.7142857142857143
10577,401056516,19.0,19.0,0,1,-0.76,0.18,0.65,1.04,1.87,1.11,0.2571428571428571
5285,401056516,45.0,45.0,0,0,-1.04,1.36,-1.53,0.82,0.64,-0.39,0.6285714285714286
10046,401056516,56.0,56.0,0,0,-1.22,-0.82,0.12,0.28,-0.42,-1.64,0.7857142857142857
4383,401056516,33.0,33.0,0,0,-0.94,0.01,0.18,1.11,1.3,0.36,0.45714285714285713
1651,401056516,45.0,45.0,0,0,0.32,-0.09,-0.04,-0.58,-0.71,-0.39,0.6285714285714286
6798,401056516,27.0,27.0,0,1,-1.42,-0.22,0.75,1.5,2.03,0.61,0.37142857142857144
780,401056516,27.0,27.0,0,1,0.53,-0.36,-1.04,1.48,0.07,0.61,0.37142857142857144
208,401056516,14.0,14.0,0,1,1.54,1.45,-0.96,-0.42,0.07,1.61,0.18571428571428572
769,401056516,65.0,65.0,0,0,-1.18,-1.37,0.42,-0.51,-1.46,-2.64,0.9142857142857143
9131,401056516,6.0,6.0,1,0,1.6,1.15,0.18,-0.57,0.75,2.36,0.07142857142857142
3448,401056516,1.0,1.0,1,0,2.12,-0.31,1.98,1.33,2.99,5.11,0.0
6701,401056516,10.0,10.0,1,0,0.12,0.12,1.91,-0.29,1.74,1.86,0.12857142857142856
4304,401056516,27.0,27.0,0,1,-0.05,0.4,0.25,0.0,0.66,0.61,0.37142857142857144
5882,401056516,58.0,58.0,0,0,-1.08,-1.54,0.46,0.28,-0.81,-1.89,0.8142857142857143
6629,401056516,67.0,67.0,0,0,0.1,-0.98,-1.37,-0.64,-3.0,-2.89,0.9428571428571428
9364,401056516,36.0,36.0,0,0,0.67,-0.91,-0.48,0.83,-0.56,0.11,0.5
1483,401056516,17.0,17.0,0,1,0.31,0.33,1.18,-0.46,1.05,1.36,0.22857142857142856
5076,401056516,56.0,56.0,0,0,-0.2,-0.2,-1.07,-0.17,-1.44,-1.64,0.7857142857142857
3550,401056516,17.0,17.0,0,1,0.28,0.71,-1.01,1.39,1.08,1.36,0.22857142857142856
5934,401056516,19.0,19.0,0,1,0.64,1.04,-0.54,-0.03,0.46,1.11,0.2571428571428571
5860,401056516,19.0,19.0,0,1,-0.37,0.1,0.73,0.64,1.47,1.11,0.2571428571428571
576,401056516,54.0,54.0,0,0,0.46,-0.3,-0.16,-1.14,-1.6,-1.14,0.7571428571428571
619,401056516,3.0,3.0,1,0,1.83,0.21,1.1,-0.54,0.77,2.61,0.02857142857142857
4831,401056516,10.0,10.0,1,0,0.58,-0.12,1.49,-0.1,1.27,1.86,0.12857142857142856
10336,401056516,45.0,45.0,0,0,1.97,-0.9,-1.04,-0.42,-2.37,-0.39,0.6285714285714286
9780,401056516,45.0,45.0,0,0,-0.81,-0.32,-1.18,1.92,0.42,-0.39,0.6285714285714286
5467,401056516,54.0,54.0,0,0,-0.56,0.42,-0.11,-0.89,-0.58,-1.14,0.7571428571428571
4848,401056516,9.0,9.0,1,0,-0.73,0.8,0.29,1.75,2.84,2.11,0.11428571428571428
5771,401056516,3.0,3.0,1,0,0.56,0.1,0.87,1.08,2.05,2.61,0.02857142857142857
4513,401056516,10.0,10.0,1,0,-0.37,0.28,1.57,0.37,2.23,1.86,0.12857142857142856
2552,401056516,27.0,27.0,0,1,1.14,0.18,0.01,-0.72,-0.53,0.61,0.37142857142857144
318,401056516,36.0,36.0,0,0,-0.32,-0.34,1.79,-1.02,0.43,0.11,0.5
1778,401056516,58.0,58.0,0,0,-0.27,0.08,-0.27,-1.43,-1.62,-1.89,0.8142857142857143
9575,401056516,69.0,69.0,0,0,-2.43,-0.09,-0.08,-0.79,-0.96,-3.39,0.9714285714285714
1293,401056516,25.0,25.0,0,1,0.66,0.34,0.39,-0.53,0.2,0.86,0.34285714285714286
455,401056516,33.0,33.0,0,0,-0.03,-0.48,0.17,0.7,0.39,0.36,0.45714285714285713
9037,401056516,27.0,27.0,0,1,-0.6,0.26,0.11,0.84,1.21,0.61,0.37142857142857144
257,401056516,50.0,50.0,0,0,-0.56,0.18,0.03,-0.3,-0.08,-0.64,0.7
3351,401056516,62.0,62.0,0,0,-2.33,-0.72,0.08,0.58,-0.06,-2.39,0.8714285714285714
3674,401056516,70.0,70.0,0,0,-1.61,-0.14,-1.04,-1.61,-2.79,-4.39,0.9857142857142858
10548,401056516,33.0,33.0,0,0,0.65,0.91,-1.47,0.27,-0.29,0.36,0.45714285714285713
6007,401056516,6.0,6.0,1,0,0.81,0.21,0.2,1.14,1.54,2.36,0.07142857142857142
72,401056516,3.0,3.0,1,0,1.03,-0.85,1.42,1.0,1.57,2.61,0.02857142857142857
3980,401056516,27.0,27.0,0,1,1.54,-0.5,-0.48,0.05,-0.93,0.61,0.37142857142857144
308,401056516,39.0,39.0,0,0,-0.33,0.14,-0.84,0.88,0.19,-0.14,0.5428571428571428
5579,401056516,14.0,14.0,0,1,1.11,0.53,-0.05,0.02,0.5,1.61,0.18571428571428572
4321,401056516,19.0,19.0,0,1,0.93,0.39,0.08,-0.29,0.18,1.11,0.2571428571428571
3702,401056516,36.0,36.0,0,0,0.65,0.69,-0.59,-0.65,-0.55,0.11,0.5
4251,401056516,67.0,67.0,0,0,-0.9,-0.46,-0.85,-0.69,-2.0,-2.89,0.9428571428571428
4483,401056516,39.0,39.0,0,0,-0.59,0.96,-0.46,-0.05,0.45,-0.14,0.5428571428571428
3470,401056516,2.0,2.0,1,0,0.7,0.76,0.79,1.61,3.16,3.86,0.014285714285714285
1499,401056516,51.0,51.0,0,0,0.7,0.19,-0.57,-1.22,-1.6,-0.89,0.7142857142857143
158,401056516,6.0,6.0,1,0,0.77,-0.12,1.78,-0.07,1.59,2.36,0.07142857142857142
10630,401056516,39.0,39.0,0,0,0.28,0.26,-0.19,-0.5,-0.42,-0.14,0.5428571428571428
9076,401056516,51.0,51.0,0,0,0.03,-0.83,0.25,-0.34,-0.92,-0.89,0.7142857142857143
4587,401056516,62.0,62.0,0,0,0.18,-0.64,-1.3,-0.63,-2.57,-2.39,0.8714285714285714
5057,401056516,71.0,71.0,0,0,-1.08,-1.67,-1.26,-1.14,-4.07,-5.14,1.0
2230,401056516,25.0,25.0,0,1,0.71,-1.02,0.66,0.5,0.14,0.86,0.34285714285714286
5539,401056516,19.0,19.0,0,1,0.79,0.44,-0.48,0.35,0.32,1.11,0.2571428571428571
5553,401056516,19.0,19.0,0,1,0.55,0.53,-0.44,0.47,0.56,1.11,0.2571428571428571
5868,401056516,65.0,65.0,0,0,-0.63,-0.84,-1.02,-0.15,-2.01,-2.64,0.9142857142857143
5140,401056516,45.0,45.0,0,0,-0.48,0.23,0.23,-0.38,0.09,-0.39,0.6285714285714286
462,401056516,10.0,10.0,1,0,-0.05,0.97,2.07,-1.14,1.91,1.86,0.12857142857142856
1614,401056516,39.0,39.0,0,0,-0.26,0.3,0.59,-0.77,0.12,-0.14,0.5428571428571428
10140,401056516,14.0,14.0,0,1,0.27,-1.21,1.35,1.19,1.34,1.61,0.18571428571428572
9261,401056515,44.0,44.0,0,0,0.36,-0.68,0.4,0.45,0.16,0.53,0.5733333333333334
16,401056515,49.0,49.0,0,0,1.06,0.49,-1.45,0.18,-0.78,0.28,0.64
512,401056515,51.0,51.0,0,0,-0.02,-0.57,0.2,0.42,0.04,0.03,0.6666666666666666
5548,401056515,75.0,75.0,0,0,-0.43,-0.65,-0.88,-0.27,-1.79,-2.22,0.9866666666666667
388,401056515,7.0,7.0,1,0,0.97,0.67,0.14,0.5,1.31,2.28,0.08
10046,401056515,15.0,15.0,0,1,0.36,0.67,0.29,0.46,1.42,1.78,0.18666666666666668
159,401056515,60.0,60.0,0,0,0.16,1.27,-1.98,0.08,-0.63,-0.47,0.7866666666666666
774,401056515,51.0,51.0,0,0,-0.08,0.88,-0.63,-0.14,0.11,0.03,0.6666666666666666
1225,401056515,51.0,51.0,0,0,0.85,-0.07,-1.31,0.56,-0.82,0.03,0.6666666666666666
6011,401056515,15.0,15.0,0,1,0.59,0.57,0.04,0.59,1.19,1.78,0.18666666666666668
3599,401056515,60.0,60.0,0,0,-0.13,-0.2,0.5,-0.65,-0.34,-0.47,0.7866666666666666
780,401056515,15.0,15.0,0,1,0.68,0.79,-0.26,0.57,1.1,1.78,0.18666666666666668
8971,401056515,76.0,76.0,0,0,-1.72,-0.15,-0.3,-0.55,-1.0,-2.72,1.0
208,401056515,6.0,6.0,1,0,0.82,0.84,0.15,0.72,1.71,2.53,0.06666666666666667
5532,401056515,9.0,9.0,1,0,1.23,0.18,0.52,0.09,0.79,2.03,0.10666666666666667
6017,401056515,44.0,44.0,0,0,0.04,-0.36,0.57,0.29,0.49,0.53,0.5733333333333334
9131,401056515,49.0,49.0,0,0,-0.41,0.77,0.39,-0.47,0.69,0.28,0.64
5167,401056515,28.0,28.0,0,1,0.64,-0.11,0.66,0.08,0.63,1.28,0.36
3448,401056515,9.0,9.0,1,0,0.85,0.61,0.69,-0.12,1.18,2.03,0.10666666666666667
278,401056515,70.0,70.0,0,0,0.31,-1.2,0.04,-0.37,-1.53,-1.22,0.92
4304,401056515,33.0,33.0,0,0,0.41,-0.02,0.53,0.11,0.62,1.03,0.4266666666666667
123,401056515,56.0,56.0,0,0,0.05,-0.49,0.1,0.12,-0.28,-0.22,0.7333333333333333
540,401056515,56.0,56.0,0,0,0.29,-0.46,0.62,-0.66,-0.51,-0.22,0.7333333333333333
5860,401056515,9.0,9.0,1,0,0.14,0.83,0.4,0.66,1.89,2.03,0.10666666666666667
3856,401056515,15.0,15.0,0,1,1.99,-0.07,-0.3,0.16,-0.21,1.78,0.18666666666666668
153,401056515,37.0,37.0,0,0,0.44,0.01,0.5,-0.18,0.33,0.78,0.48
1067,401056515,1.0,1.0,1,0,2.04,0.26,1.35,0.13,1.73,3.78,0.0
3317,401056515,37.0,37.0,0,0,-1.0,0.09,1.18,0.5,1.78,0.78,0.48
11099,401056515,44.0,44.0,0,0,-1.09,0.4,0.93,0.29,1.62,0.53,0.5733333333333334
10505,401056515,28.0,28.0,0,1,0.68,0.16,0.22,0.22,0.6,1.28,0.36
2883,401056515,64.0,64.0,0,0,0.52,-0.26,-0.2,-1.03,-1.49,-0.97,0.84
9780,401056515,9.0,9.0,1,0,1.18,0.38,-0.07,0.53,0.85,2.03,0.10666666666666667
5467,401056515,51.0,51.0,0,0,-0.11,-0.42,0.43,0.12,0.14,0.03,0.6666666666666666
4848,401056515,2.0,2.0,1,0,1.54,0.65,1.51,-0.18,1.99,3.53,0.013333333333333334
446,401056515,74.0,74.0,0,0,-2.08,0.84,-0.06,-0.43,0.35,-1.72,0.9733333333333334
4513,401056515,51.0,51.0,0,0,-0.11,-1.29,0.56,0.86,0.14,0.03,0.6666666666666666
10363,401056515,64.0,64.0,0,0,-1.1,-0.24,-0.35,0.72,0.13,-0.97,0.84
10050,401056515,33.0,33.0,0,0,0.43,0.43,0.33,-0.17,0.59,1.03,0.4266666666666667
6689,401056515,9.0,9.0,1,0,1.09,-0.2,0.67,0.47,0.94,2.03,0.10666666666666667
7083,401056515,25.0,25.0,0,1,-0.27,-0.07,1.73,0.13,1.8,1.53,0.32
318,401056515,33.0,33.0,0,0,0.18,0.73,0.89,-0.78,0.84,1.03,0.4266666666666667
1059,401056515,15.0,15.0,0,1,-0.18,0.72,0.11,1.12,1.95,1.78,0.18666666666666668
8973,401056515,37.0,37.0,0,0,0.42,-0.18,-0.19,0.73,0.36,0.78,0.48
3670,401056515,60.0,60.0,0,0,-0.94,0.19,-0.05,0.32,0.47,-0.47,0.7866666666666666
257,401056515,28.0,28.0,0,1,-0.25,0.6,0.98,-0.05,1.53,1.28,0.36
3351,401056515,4.0,4.0,1,0,1.18,0.13,1.59,0.13,1.85,3.03,0.04
3688,401056515,7.0,7.0,1,0,-0.03,0.12,1.39,0.8,2.31,2.28,0.08
3792,401056515,33.0,33.0,0,0,0.17,0.81,-0.27,0.32,0.85,1.03,0.4266666666666667
6007,401056515,15.0,15.0,0,1,0.23,0.36,0.65,0.54,1.55,1.78,0.18666666666666668
72,401056515,25.0,25.0,0,1,-1.22,1.5,0.26,0.99,2.75,1.53,0.32
5692,401056515,44.0,44.0,0,0,0.71,0.4,-0.48,-0.09,-0.18,0.53,0.5733333333333334
308,401056515,37.0,37.0,0,0,0.52,-0.34,0.6,0.0,0.26,0.78,0.48
707,401056515,56.0,56.0,0,0,0.36,-0.52,0.65,-0.71,-0.58,-0.22,0.7333333333333333
6825,401056515,15.0,15.0,0,1,0.99,0.05,0.44,0.31,0.79,1.78,0.18666666666666668
1674,401056515,60.0,60.0,0,0,0.99,-0.65,-0.7,-0.12,-1.46,-0.47,0.7866666666666666
4321,401056515,25.0,25.0,0,1,0.75,0.51,0.12,0.15,0.78,1.53,0.32
1254,401056515,64.0,64.0,0,0,-1.38,-0.29,0.68,0.03,0.41,-0.97,0.84
5409,401056515,44.0,44.0,0,0,0.06,-0.01,0.16,0.32,0.47,0.53,0.5733333333333334
3470,401056515,4.0,4.0,1,0,0.72,0.15,0.95,1.21,2.31,3.03,0.04
809,401056515,28.0,28.0,0,1,0.49,-0.08,1.18,-0.31,0.79,1.28,0.36
4591,401056515,37.0,37.0,0,0,-0.16,0.71,0.1,0.13,0.93,0.78,0.48
158,401056515,37.0,37.0,0,0,-0.48,-0.18,1.35,0.09,1.26,0.78,0.48
6937,401056515,70.0,70.0,0,0,-0.48,0.53,-1.29,0.03,-0.74,-1.22,0.92
4449,401056515,64.0,64.0,0,0,0.04,-0.77,-0.19,-0.06,-1.02,-0.97,0.84
7081,401056515,3.0,3.0,1,0,1.81,0.91,0.45,0.11,1.47,3.28,0.02666666666666667
5506,401056515,37.0,37.0,0,0,1.93,-0.28,0.55,-1.43,-1.15,0.78,0.48
6001,401056515,64.0,64.0,0,0,-0.11,0.74,-1.6,0.0,-0.86,-0.97,0.84
7001,401056515,56.0,56.0,0,0,0.63,-0.6,0.37,-0.62,-0.85,-0.22,0.7333333333333333
4643,401056515,64.0,64.0,0,0,-0.81,0.4,-0.28,-0.27,-0.16,-0.97,0.84
2230,401056515,15.0,15.0,0,1,1.22,-0.75,0.25,1.06,0.55,1.78,0.18666666666666668
5539,401056515,28.0,28.0,0,1,-0.59,0.83,0.17,0.87,1.87,1.28,0.36
4264,401056515,70.0,70.0,0,0,0.68,-0.2,-0.85,-0.85,-1.9,-1.22,0.92
462,401056515,15.0,15.0,0,1,0.33,0.32,0.49,0.64,1.45,1.78,0.18666666666666668
1185,401056515,9.0,9.0,1,0,1.6,-1.01,1.71,-0.27,0.43,2.03,0.10666666666666667
10140,401056515,15.0,15.0,0,1,0.1,0.63,0.88,0.17,1.68,1.78,0.18666666666666668
5548,401056514,18.0,18.0,0,1,0.06,0.05,0.07,0.86,0.98,1.04,0.29310344827586204
3322,401056514,53.0,53.0,0,0,0.84,-0.86,-1.13,0.41,-1.58,-0.74,0.896551724137931
5502,401056514,38.0,38.0,0,0,0.43,1.17,0.2,-0.25,1.11,1.54,0.6379310344827587
10372,401056514,45.0,45.0,0,0,1.24,-0.09,0.63,-0.11,0.43,1.66,0.7586206896551724
159,401056514,7.0,7.0,1,0,0.93,-0.04,0.98,0.29,1.23,2.16,0.10344827586206896
4383,401056514,28.0,28.0,0,1,-0.07,-0.45,0.47,0.8,0.83,0.76,0.46551724137931033
7161,401056514,28.0,28.0,0,1,-0.48,0.79,-0.15,0.6,1.24,0.76,0.46551724137931033
3446,401056514,28.0,28.0,0,1,0.51,0.16,-0.29,0.78,0.66,1.16,0.46551724137931033
8910,401056514,45.0,45.0,0,0,1.2,-1.04,-0.77,0.37,-1.44,-0.24,0.7586206896551724
3599,401056514,45.0,45.0,0,0,-0.21,0.57,1.54,-0.64,1.47,1.26,0.7586206896551724
11098,401056514,28.0,28.0,0,1,1.18,-0.43,0.99,1.3,1.86,3.04,0.46551724137931033
10863,401056514,59.0,59.0,0,0,0.26,-0.75,0.59,-1.06,-1.22,-0.96,1.0
8971,401056514,59.0,59.0,0,0,-0.44,0.73,-3.56,-0.18,-3.02,-3.46,1.0
10910,401056514,28.0,28.0,0,1,0.63,0.76,-1.02,-0.2,-0.46,0.16,0.46551724137931033
769,401056514,38.0,38.0,0,0,0.94,-1.38,0.02,0.57,-0.78,0.16,0.6379310344827587
1352,401056514,10.0,10.0,1,0,1.61,0.12,0.85,-0.82,0.15,1.76,0.15517241379310345
4645,401056514,53.0,53.0,0,0,-0.74,1.2,-1.04,-0.16,0.0,-0.74,0.896551724137931
3448,401056514,45.0,45.0,0,0,-0.59,0.31,-0.94,1.38,0.75,0.16,0.7586206896551724
431,401056514,18.0,18.0,0,1,1.46,0.45,-0.05,0.81,1.21,2.66,0.29310344827586204
123,401056514,28.0,28.0,0,1,0.6,0.13,-0.42,-0.15,-0.44,0.16,0.46551724137931033
301,401056514,18.0,18.0,0,1,0.61,-0.38,1.4,0.14,1.15,1.76,0.29310344827586204
11387,401056514,38.0,38.0,0,0,-0.89,0.93,0.16,0.06,1.15,0.26,0.6379310344827587
3856,401056514,38.0,38.0,0,0,0.62,-1.01,-0.52,0.08,-1.46,-0.84,0.6379310344827587
508,401056514,22.0,22.0,0,1,0.56,-0.4,1.08,-1.48,-0.8,-0.24,0.3620689655172414
1680,401056514,4.0,4.0,1,0,0.11,-0.29,1.47,0.87,2.05,2.16,0.05172413793103448
5259,401056514,38.0,38.0,0,0,1.46,0.81,-0.29,-1.21,-0.7,0.76,0.6379310344827587
153,401056514,14.0,14.0,0,1,0.69,0.06,1.94,0.35,2.35,3.04,0.22413793103448276
5467,401056514,45.0,45.0,0,0,0.02,0.82,-1.15,-2.03,-2.36,-2.34,0.7586206896551724
1568,401056514,45.0,45.0,0,0,-0.17,-0.1,0.83,0.1,0.83,0.66,0.7586206896551724
1265,401056514,57.0,57.0,0,0,-0.29,-0.56,-0.85,0.24,-1.18,-1.46,0.9655172413793104
2552,401056514,28.0,28.0,0,1,0.86,-1.43,-0.36,0.59,-1.19,-0.34,0.46551724137931033
1077,401056514,7.0,7.0,1,0,0.71,-0.2,2.89,0.76,3.45,4.16,0.10344827586206896
676,401056514,7.0,7.0,1,0,2.01,-0.72,1.1,0.65,1.03,3.04,0.10344827586206896
1411,401056514,14.0,14.0,0,1,0.45,1.88,-1.59,0.42,0.72,1.16,0.22413793103448276
8973,401056514,10.0,10.0,1,0,1.11,0.52,0.06,-0.43,0.15,1.26,0.15517241379310345
1367,401056514,53.0,53.0,0,0,-0.25,-0.27,0.76,0.29,0.78,0.54,0.896551724137931
257,401056514,22.0,22.0,0,1,0.64,-0.04,1.04,0.52,1.52,2.16,0.3620689655172414
3688,401056514,10.0,10.0,1,0,0.31,0.75,1.59,0.39,2.73,3.04,0.15517241379310345
6151,401056514,28.0,28.0,0,1,0.23,-0.43,-0.85,1.31,0.03,0.26,0.46551724137931033
1600,401056514,45.0,45.0,0,0,0.75,0.53,0.86,-0.37,1.01,1.76,0.7586206896551724
3792,401056514,28.0,28.0,0,1,0.64,-0.03,-0.2,0.84,0.62,1.26,0.46551724137931033
72,401056514,2.0,2.0,1,0,-0.55,0.6,1.02,0.18,1.81,1.26,0.017241379310344827
308,401056514,1.0,1.0,1,0,0.71,0.09,3.49,0.38,3.96,4.66,0.0
5579,401056514,22.0,22.0,0,1,1.71,0.12,-0.05,-0.62,-0.54,1.16,0.3620689655172414
4321,401056514,22.0,22.0,0,1,0.17,-0.46,0.67,0.67,0.87,1.04,0.3620689655172414
3740,401056514,53.0,53.0,0,0,-0.75,0.42,1.07,-0.48,1.01,0.26,0.896551724137931
6783,401056514,18.0,18.0,0,1,1.86,0.17,0.17,-0.43,-0.1,1.76,0.29310344827586204
4483,401056514,14.0,14.0,0,1,0.25,0.31,0.92,0.69,1.92,2.16,0.22413793103448276
4449,401056514,14.0,14.0,0,1,-1.51,-0.29,2.22,0.83,2.77,1.26,0.22413793103448276
7081,401056514,4.0,4.0,1,0,2.21,0.56,0.76,0.72,2.05,4.26,0.05172413793103448
5506,401056514,6.0,6.0,1,0,0.29,1.28,-0.18,-0.22,0.87,1.16,0.08620689655172414
1037,401056514,10.0,10.0,1,0,-0.97,0.09,-0.11,0.75,0.73,-0.24,0.15517241379310345
1613,401056514,38.0,38.0,0,0,1.11,-0.54,1.68,-0.99,0.15,1.26,0.6379310344827587
3378,401056514,3.0,3.0,1,0,-0.35,1.53,2.98,-0.13,4.39,4.04,0.034482758620689655
9569,401056514,22.0,22.0,0,1,-1.27,0.94,-0.15,0.74,1.53,0.26,0.3620689655172414
2230,401056514,38.0,38.0,0,0,1.66,0.07,0.85,-0.82,0.1,1.76,0.6379310344827587
5539,401056514,45.0,45.0,0,0,0.15,-0.66,1.88,-0.21,1.01,1.16,0.7586206896551724
10586,401056514,28.0,28.0,0,1,-0.67,2.02,-1.03,0.43,1.43,0.76,0.46551724137931033
9626,401056514,22.0,22.0,0,1,-0.57,1.09,0.8,0.35,2.24,1.66,0.3620689655172414
5548,401056513,44.0,44.0,0,0,-0.02,0.37,-0.43,0.6,0.53,0.51,0.5972222222222222
4682,401056513,60.0,60.0,0,0,-0.15,-0.83,-0.55,1.06,-0.33,-0.49,0.8194444444444444
3832,401056513,44.0,44.0,0,0,0.27,-0.1,0.64,-0.29,0.24,0.51,0.5972222222222222
10372,401056513,55.0,55.0,0,0,-0.91,-0.44,0.57,0.8,0.93,0.01,0.75
5285,401056513,20.0,20.0,0,1,-0.1,1.18,0.89,-0.45,1.62,1.51,0.2638888888888889
5338,401056513,26.0,26.0,0,1,0.64,0.27,0.86,-0.5,0.63,1.26,0.3472222222222222
159,401056513,55.0,55.0,0,0,1.14,0.18,-0.35,-0.95,-1.12,0.01,0.75
4383,401056513,2.0,2.0,1,0,0.98,0.77,1.14,0.38,2.29,3.26,0.013888888888888888
7161,401056513,26.0,26.0,0,1,-0.37,0.36,0.58,0.7,1.64,1.26,0.3472222222222222
1225,401056513,39.0,39.0,0,0,-1.05,0.99,0.73,0.1,1.82,0.76,0.5277777777777778
1651,401056513,39.0,39.0,0,0,1.35,0.17,-0.42,-0.32,-0.58,0.76,0.5277777777777778
6011,401056513,39.0,39.0,0,0,1.22,-0.41,-0.96,0.91,-0.46,0.76,0.5277777777777778
1222,401056513,55.0,55.0,0,0,0.83,0.16,0.41,-1.39,-0.82,0.01,0.75
3599,401056513,55.0,55.0,0,0,0.36,0.27,0.0,-0.62,-0.35,0.01,0.75
780,401056513,4.0,4.0,1,0,-0.28,-0.18,1.14,1.84,2.8,2.51,0.041666666666666664
11098,401056513,67.0,67.0,0,0,0.85,-1.37,0.08,-0.29,-1.59,-0.74,0.9166666666666666
5704,401056513,20.0,20.0,0,1,0.78,-0.21,0.89,0.05,0.73,1.51,0.2638888888888889
205,401056513,20.0,20.0,0,1,0.34,0.18,0.48,0.52,1.17,1.51,0.2638888888888889
3449,401056513,50.0,50.0,0,0,-1.49,0.29,2.3,-0.83,1.75,0.26,0.6805555555555556
5532,401056513,60.0,60.0,0,0,-1.28,-0.5,0.57,0.72,0.79,-0.49,0.8194444444444444
6017,401056513,60.0,60.0,0,0,0.08,0.67,-0.72,-0.51,-0.57,-0.49,0.8194444444444444
769,401056513,4.0,4.0,1,0,1.15,0.39,0.46,0.51,1.36,2.51,0.041666666666666664
9131,401056513,15.0,15.0,0,1,0.97,0.31,1.01,-0.52,0.8,1.76,0.19444444444444445
1352,401056513,7.0,7.0,1,0,2.18,0.88,0.32,-1.11,0.08,2.26,0.08333333333333333
928,401056513,33.0,33.0,0,0,1.5,0.48,-1.32,0.35,-0.49,1.01,0.4444444444444444
3950,401056513,44.0,44.0,0,0,0.36,-0.19,0.21,0.13,0.15,0.51,0.5972222222222222
10054,401056513,33.0,33.0,0,0,0.65,-0.11,0.03,0.44,0.36,1.01,0.4444444444444444
5882,401056513,33.0,33.0,0,0,-1.12,0.53,0.4,1.2,2.13,1.01,0.4444444444444444
540,401056513,70.0,70.0,0,0,0.24,-1.36,0.37,-0.23,-1.23,-0.99,0.9583333333333334
5462,401056513,59.0,59.0,0,0,-0.78,0.65,-0.37,0.26,0.55,-0.24,0.8055555555555556
3550,401056513,7.0,7.0,1,0,-0.12,0.36,0.47,1.56,2.39,2.26,0.08333333333333333
957,401056513,33.0,33.0,0,0,1.07,-0.79,0.39,0.35,-0.05,1.01,0.4444444444444444
5860,401056513,15.0,15.0,0,1,-1.02,0.42,1.7,0.67,2.79,1.76,0.19444444444444445
6991,401056513,10.0,10.0,1,0,-0.03,0.48,0.82,0.74,2.04,2.01,0.125
10687,401056513,44.0,44.0,0,0,0.68,-0.38,0.22,-0.01,-0.16,0.51,0.5972222222222222
5025,401056513,67.0,67.0,0,0,-0.25,0.55,-0.62,-0.41,-0.48,-0.74,0.9166666666666666
1067,401056513,26.0,26.0,0,1,-0.49,0.09,0.68,0.99,1.76,1.26,0.3472222222222222
5797,401056513,70.0,70.0,0,0,0.31,0.11,-0.35,-1.05,-1.29,-0.99,0.9583333333333334
3317,401056513,20.0,20.0,0,1,0.25,-0.02,0.91,0.37,1.27,1.51,0.2638888888888889
10505,401056513,26.0,26.0,0,1,1.07,0.67,0.45,-0.92,0.2,1.26,0.3472222222222222
9780,401056513,10.0,10.0,1,0,0.78,0.34,0.47,0.42,1.23,2.01,0.125
10166,401056513,50.0,50.0,0,0,0.68,0.29,-0.27,-0.43,-0.41,0.26,0.6805555555555556
4848,401056513,3.0,3.0,1,0,0.67,-0.02,2.11,0.25,2.35,3.01,0.027777777777777776
1030,401056513,10.0,10.0,1,0,-0.35,1.34,0.19,0.85,2.37,2.01,0.125
446,401056513,44.0,44.0,0,0,1.08,0.62,-1.3,0.11,-0.57,0.51,0.5972222222222222
5771,401056513,33.0,33.0,0,0,2.05,0.05,-0.85,-0.24,-1.03,1.01,0.4444444444444444
4513,401056513,67.0,67.0,0,0,-2.25,-0.04,1.32,0.24,1.52,-0.74,0.9166666666666666
2552,401056513,26.0,26.0,0,1,0.55,-0.38,0.11,0.98,0.71,1.26,0.3472222222222222
8906,401056513,73.0,73.0,0,0,-1.43,-1.03,0.21,0.51,-0.3,-1.74,1.0
318,401056513,60.0,60.0,0,0,-0.24,0.85,-1.04,-0.05,-0.25,-0.49,0.8194444444444444
1077,401056513,50.0,50.0,0,0,-0.62,0.34,0.04,0.5,0.88,0.26,0.6805555555555556
8973,401056513,26.0,26.0,0,1,0.24,-0.4,0.73,0.69,1.03,1.26,0.3472222222222222
257,401056513,4.0,4.0,1,0,0.85,0.72,0.39,0.56,1.66,2.51,0.041666666666666664
2571,401056513,26.0,26.0,0,1,1.13,-0.33,0.37,0.1,0.14,1.26,0.3472222222222222
4412121,401056513,50.0,50.0,0,0,0.37,-0.14,-0.47,0.5,-0.11,0.26,0.6805555555555556
1042,401056513,39.0,39.0,0,0,1.0,-0.02,0.34,-0.55,-0.23,0.76,0.5277777777777778
9568,401056513,33.0,33.0,0,0,-0.3,0.07,0.93,0.32,1.32,1.01,0.4444444444444444
3702,401056513,1.0,1.0,1,0,2.38,-0.76,0.73,1.41,1.38,3.76,0.0
5409,401056513,15.0,15.0,0,1,0.25,-0.06,0.77,0.81,1.52,1.76,0.19444444444444445
4483,401056513,10.0,10.0,1,0,0.97,0.75,-0.17,0.46,1.04,2.01,0.125
962,401056513,60.0,60.0,0,0,0.12,-0.66,-0.19,0.25,-0.6,-0.49,0.8194444444444444
9804,401056513,60.0,60.0,0,0,-0.27,0.51,-0.89,0.16,-0.21,-0.49,0.8194444444444444
78,401056513,50.0,50.0,0,0,0.36,1.09,-0.1,-1.09,-0.1,0.26,0.6805555555555556
11382,401056513,7.0,7.0,1,0,0.25,1.25,0.69,0.08,2.02,2.26,0.08333333333333333
9076,401056513,72.0,72.0,0,0,-0.67,-0.5,0.02,-0.34,-0.82,-1.49,0.9861111111111112
1037,401056513,20.0,20.0,0,1,1.36,-0.73,0.55,0.34,0.15,1.51,0.2638888888888889
7001,401056513,60.0,60.0,0,0,-0.83,0.29,0.22,-0.16,0.35,-0.49,0.8194444444444444
5553,401056513,15.0,15.0,0,1,0.01,1.71,-0.76,0.81,1.76,1.76,0.19444444444444445
6086,401056513,44.0,44.0,0,0,0.91,0.25,0.15,-0.79,-0.4,0.51,0.5972222222222222
9626,401056513,15.0,15.0,0,1,0.9,-0.7,0.26,1.3,0.87,1.76,0.19444444444444445
1614,401056513,20.0,20.0,0,1,0.15,0.96,1.42,-1.01,1.37,1.51,0.2638888888888889
10140,401056513,10.0,10.0,1,0,1.24,0.84,0.12,-0.19,0.77,2.01,0.125
686,401056513,39.0,39.0,0,0,-0.41,0.0,1.24,-0.06,1.18,0.76,0.5277777777777778
9261,401056510,29.0,29.0,0,1,-0.42,-0.17,0.18,1.41,1.43,1.01,0.4
5548,401056510,57.0,57.0,0,0,0.5,-1.0,-0.42,0.93,-0.49,0.01,0.8
4989,401056510,43.0,43.0,0,0,0.9,-0.1,-0.58,0.28,-0.39,0.51,0.6
3322,401056510,51.0,51.0,0,0,-0.58,-0.33,0.86,0.31,0.84,0.26,0.7142857142857143
5502,401056510,2.0,2.0,1,0,2.72,0.7,0.15,-0.31,0.54,3.26,0.014285714285714285
9127,401056510,43.0,43.0,0,0,0.06,-0.82,0.64,0.63,0.45,0.51,0.6
10046,401056510,10.0,10.0,1,0,-0.36,0.21,1.2,1.22,2.63,2.26,0.12857142857142856
2283,401056510,33.0,33.0,0,0,-0.73,0.68,0.68,0.14,1.49,0.76,0.45714285714285713
159,401056510,22.0,22.0,0,1,2.72,-0.09,-1.45,0.08,-1.46,1.26,0.3
7161,401056510,51.0,51.0,0,0,0.68,0.81,-0.15,-1.07,-0.42,0.26,0.7142857142857143
1222,401056510,16.0,16.0,0,1,1.64,0.2,0.93,-1.0,0.12,1.76,0.21428571428571427
3599,401056510,8.0,8.0,1,0,1.6,0.57,0.02,0.32,0.91,2.51,0.1
9126,401056510,3.0,3.0,1,0,0.56,0.08,1.77,0.61,2.45,3.01,0.02857142857142857
208,401056510,8.0,8.0,1,0,1.28,0.12,0.79,0.32,1.24,2.51,0.1
5532,401056510,29.0,29.0,0,1,0.82,-0.55,0.48,0.26,0.19,1.01,0.4
769,401056510,3.0,3.0,1,0,-0.24,0.66,2.05,0.53,3.25,3.01,0.02857142857142857
9131,401056510,22.0,22.0,0,1,-0.08,0.1,0.98,0.26,1.34,1.26,0.3
7039,401056510,57.0,57.0,0,0,0.07,-0.57,0.3,0.2,-0.06,0.01,0.8
8992,401056510,33.0,33.0,0,0,0.86,0.55,-0.11,-0.54,-0.1,0.76,0.45714285714285713
5167,401056510,51.0,51.0,0,0,-0.28,0.3,-0.57,0.82,0.54,0.26,0.7142857142857143
3950,401056510,71.0,71.0,0,0,-1.05,-0.44,-0.33,0.58,-0.19,-1.24,1.0
278,401056510,7.0,7.0,1,0,1.0,0.48,1.37,-0.08,1.77,2.76,0.08571428571428572
5882,401056510,22.0,22.0,0,1,-0.33,0.01,1.35,0.23,1.59,1.26,0.3
3375,401056510,57.0,57.0,0,0,-0.43,-0.28,0.28,0.43,0.44,0.01,0.8
5408,401056510,22.0,22.0,0,1,0.87,0.95,0.21,-0.77,0.39,1.26,0.3
11387,401056510,43.0,43.0,0,0,-0.49,0.21,0.37,0.42,1.0,0.51,0.6
5860,401056510,51.0,51.0,0,0,-0.27,-0.25,0.67,0.11,0.54,0.26,0.7142857142857143
5504,401056510,3.0,3.0,1,0,0.52,0.45,1.5,0.54,2.49,3.01,0.02857142857142857
619,401056510,33.0,33.0,0,0,-0.43,1.11,-0.28,0.37,1.19,0.76,0.45714285714285713
6196,401056510,22.0,22.0,0,1,0.09,-0.11,0.57,0.71,1.17,1.26,0.3
5259,401056510,43.0,43.0,0,0,0.68,0.53,-0.3,-0.39,-0.17,0.51,0.6
3598,401056510,43.0,43.0,0,0,0.17,-0.61,0.56,0.39,0.34,0.51,0.6
6894,401056510,51.0,51.0,0,0,0.2,-0.11,0.29,-0.11,0.06,0.26,0.7142857142857143
10505,401056510,20.0,20.0,0,1,0.96,0.56,-0.09,0.07,0.55,1.51,0.2714285714285714
2883,401056510,13.0,13.0,0,1,-0.18,-0.03,2.06,0.16,2.19,2.01,0.17142857142857143
3669,401056510,57.0,57.0,0,0,0.3,0.33,-1.13,0.52,-0.29,0.01,0.8
4848,401056510,16.0,16.0,0,1,0.06,0.21,1.43,0.06,1.7,1.76,0.21428571428571427
1265,401056510,67.0,67.0,0,0,-0.49,-0.63,0.61,-0.23,-0.25,-0.74,0.9428571428571428
446,401056510,51.0,51.0,0,0,0.3,-0.1,0.42,-0.37,-0.04,0.26,0.7142857142857143
4513,401056510,29.0,29.0,0,1,-0.81,0.39,0.79,0.64,1.82,1.01,0.4
2552,401056510,69.0,69.0,0,0,0.55,-1.3,-0.18,-0.05,-1.53,-0.99,0.9714285714285714
8906,401056510,16.0,16.0,0,1,-0.72,0.76,1.08,0.64,2.48,1.76,0.21428571428571427
1778,401056510,22.0,22.0,0,1,0.44,0.2,0.36,0.26,0.82,1.26,0.3
1367,401056510,29.0,29.0,0,1,0.8,0.82,-0.6,-0.01,0.21,1.01,0.4
257,401056510,1.0,1.0,1,0,1.76,0.34,1.38,0.79,2.5,4.26,0.0
3351,401056510,3.0,3.0,1,0,1.12,0.53,0.81,0.54,1.89,3.01,0.02857142857142857
3688,401056510,69.0,69.0,0,0,0.57,-0.14,-0.65,-0.77,-1.56,-0.99,0.9714285714285714
3980,401056510,13.0,13.0,0,1,0.79,0.59,0.45,0.19,1.23,2.01,0.17142857142857143
5579,401056510,13.0,13.0,0,1,1.42,-0.02,0.23,0.39,0.59,2.01,0.17142857142857143
1750,401056510,22.0,22.0,0,1,1.11,0.48,0.19,-0.52,0.15,1.26,0.3
1935,401056510,64.0,64.0,0,0,0.71,-0.46,0.12,-0.61,-0.95,-0.24,0.9
5409,401056510,66.0,66.0,0,0,-0.09,-0.41,-0.28,0.29,-0.4,-0.49,0.9285714285714286
4350033,401056510,67.0,67.0,0,0,-1.64,-0.1,0.2,0.8,0.9,-0.74,0.9428571428571428
4483,401056510,43.0,43.0,0,0,-0.11,0.62,0.39,-0.39,0.62,0.51,0.6
377,401056510,33.0,33.0,0,0,-0.97,0.16,1.15,0.42,1.74,0.76,0.45714285714285713
6090,401056510,33.0,33.0,0,0,-0.35,0.69,0.62,-0.2,1.11,0.76,0.45714285714285713
4591,401056510,33.0,33.0,0,0,-0.07,0.76,-0.08,0.15,0.83,0.76,0.45714285714285713
78,401056510,20.0,20.0,0,1,0.56,1.27,-0.79,0.48,0.95,1.51,0.2714285714285714
11382,401056510,16.0,16.0,0,1,0.69,-0.03,-0.06,1.15,1.07,1.76,0.21428571428571427
10630,401056510,33.0,33.0,0,0,0.34,0.53,0.1,-0.21,0.42,0.76,0.45714285714285713
6937,401056510,43.0,43.0,0,0,-0.57,0.46,0.24,0.37,1.08,0.51,0.6
4449,401056510,10.0,10.0,1,0,0.8,1.07,0.73,-0.35,1.46,2.26,0.12857142857142856
5506,401056510,43.0,43.0,0,0,1.02,0.04,-0.69,0.14,-0.51,0.51,0.6
10404,401056510,10.0,10.0,1,0,1.01,0.85,-0.27,0.67,1.25,2.26,0.12857142857142856
1037,401056510,33.0,33.0,0,0,-0.59,0.05,1.6,-0.29,1.36,0.76,0.45714285714285713
1613,401056510,33.0,33.0,0,0,0.31,0.47,-0.69,0.67,0.45,0.76,0.45714285714285713
9569,401056510,57.0,57.0,0,0,0.14,-0.24,-0.35,0.46,-0.13,0.01,0.8
9626,401056510,57.0,57.0,0,0,-0.29,0.8,-0.9,0.4,0.3,0.01,0.8
6185,401056510,57.0,57.0,0,0,0.92,0.01,-1.53,0.6,-0.91,0.01,0.8
4399256,401056510,64.0,64.0,0,0,-0.24,-0.7,0.78,-0.08,0.0,-0.24,0.9
1350,401056510,33.0,33.0,0,0,0.09,-0.07,0.14,0.61,0.67,0.76,0.45714285714285713
4682,401056507,22.0,22.0,0,1,0.27,-0.4,-0.51,-0.19,-1.1,-0.83,0.6774193548387096
5502,401056507,14.0,14.0,0,1,1.7,-0.59,0.33,-1.01,-1.27,0.42,0.41935483870967744
10577,401056507,27.0,27.0,0,1,-0.56,-0.07,-1.41,0.22,-1.26,-1.83,0.8387096774193549
10046,401056507,7.0,7.0,1,0,1.83,-0.36,-0.56,0.52,-0.4,1.42,0.1935483870967742
2283,401056507,19.0,19.0,0,1,0.18,-0.03,-0.86,0.13,-0.75,-0.58,0.5806451612903226
1651,401056507,25.0,25.0,0,1,-1.12,0.15,-0.78,0.17,-0.46,-1.58,0.7741935483870968
6798,401056507,24.0,24.0,0,1,-0.38,0.14,0.06,-0.9,-0.69,-1.08,0.7419354838709677
1222,401056507,22.0,22.0,0,1,0.09,0.06,-0.64,-0.34,-0.92,-0.83,0.6774193548387096
780,401056507,31.0,31.0,0,0,-2.86,-0.11,-0.11,1.0,0.78,-2.08,0.967741935483871
11098,401056507,11.0,11.0,0,1,1.19,-0.33,-0.07,0.14,-0.26,0.92,0.3225806451612903
208,401056507,14.0,14.0,0,1,-0.07,0.25,-0.4,0.64,0.49,0.42,0.41935483870967744
3448,401056507,4.0,4.0,1,0,0.41,1.11,-0.22,0.38,1.27,1.67,0.0967741935483871
1483,401056507,27.0,27.0,0,1,0.0,-0.22,-1.45,-0.14,-1.82,-1.83,0.8387096774193549
3550,401056507,2.0,2.0,1,0,0.82,0.26,1.37,0.97,2.6,3.42,0.03225806451612903
619,401056507,18.0,18.0,0,1,-1.08,0.34,0.21,0.46,1.01,-0.08,0.5483870967741935
1680,401056507,13.0,13.0,0,1,0.52,0.33,-0.53,0.36,0.16,0.67,0.3870967741935484
2883,401056507,27.0,27.0,0,1,-0.5,-0.49,-0.57,-0.27,-1.32,-1.83,0.8387096774193549
9780,401056507,8.0,8.0,1,0,-0.59,-0.07,0.99,0.84,1.76,1.17,0.22580645161290322
4848,401056507,3.0,3.0,1,0,-0.19,0.02,2.7,-0.11,2.61,2.42,0.06451612903225806
4513,401056507,27.0,27.0,0,1,-1.78,0.18,0.29,-0.51,-0.04,-1.83,0.8387096774193549
3793,401056507,11.0,11.0,0,1,-0.03,0.48,0.06,0.42,0.96,0.92,0.3225806451612903
8974,401056507,32.0,32.0,0,0,-0.06,0.52,0.54,-4.08,-3.01,-3.08,1.0
257,401056507,19.0,19.0,0,1,-0.23,0.27,-0.08,-0.53,-0.34,-0.58,0.5806451612903226
3351,401056507,4.0,4.0,1,0,0.82,-0.25,1.15,-0.04,0.86,1.67,0.0967741935483871
72,401056507,16.0,16.0,0,1,0.07,-0.18,0.29,-0.01,0.1,0.17,0.4838709677419355
3980,401056507,8.0,8.0,1,0,1.04,0.06,0.43,-0.35,0.14,1.17,0.22580645161290322
5579,401056507,25.0,25.0,0,1,-1.14,0.08,-1.06,0.54,-0.44,-1.58,0.7741935483870968
3470,401056507,4.0,4.0,1,0,0.35,-0.2,0.33,1.19,1.32,1.67,0.0967741935483871
9076,401056507,32.0,32.0,0,0,-0.29,-1.05,-1.25,-0.48,-2.78,-3.08,1.0
1037,401056507,19.0,19.0,0,1,-0.04,0.07,-0.65,0.05,-0.53,-0.58,0.5806451612903226
3970,401056507,16.0,16.0,0,1,0.85,-0.21,-0.58,0.11,-0.68,0.17,0.4838709677419355
1614,401056507,8.0,8.0,1,0,-0.52,-0.19,1.8,0.08,1.69,1.17,0.22580645161290322
10140,401056507,1.0,1.0,1,0,1.34,0.44,1.17,0.72,2.33,3.67,0.0
10357,401056506,15.0,15.0,0,1,-0.21,-0.02,0.61,0.45,1.04,0.83,0.18181818181818182
16,401056506,59.0,59.0,0,0,-1.0,-0.09,0.05,-0.21,-0.25,-1.26,0.7532467532467533
9517,401056506,11.0,11.0,0,1,-1.32,-0.3,1.82,0.54,2.06,0.74,0.12987012987012986
4682,401056506,59.0,59.0,0,0,-1.23,0.85,0.24,0.3,1.39,0.16,0.7532467532467533
10372,401056506,23.0,23.0,0,1,0.12,0.12,1.26,-0.43,0.95,1.08,0.2857142857142857
693,401056506,46.0,46.0,0,0,1.04,-0.88,0.4,-0.74,-1.21,-0.17,0.5844155844155844
1758,401056506,78.0,78.0,0,0,-0.52,-0.21,-0.31,-0.89,-1.41,-1.92,1.0
2283,401056506,37.0,37.0,0,0,0.16,-0.47,-1.09,0.9,-0.66,-0.5,0.4675324675324675
159,401056506,23.0,23.0,0,1,0.53,0.17,1.17,-0.79,0.55,1.08,0.2857142857142857
1225,401056506,32.0,32.0,0,0,0.84,0.87,-1.7,0.82,-0.01,0.83,0.4025974025974026
8910,401056506,46.0,46.0,0,0,1.39,0.35,-0.83,0.17,-0.31,1.08,0.5844155844155844
3454,401056506,54.0,54.0,0,0,0.45,-0.34,-0.97,0.27,-1.04,-0.59,0.6883116883116883
11098,401056506,6.0,6.0,1,0,1.42,-0.47,0.27,0.85,0.65,2.08,0.06493506493506493
9126,401056506,23.0,23.0,0,1,0.07,-0.01,0.87,0.2,1.01,1.08,0.2857142857142857
8971,401056506,71.0,71.0,0,0,-0.49,-0.12,0.0,0.11,-0.01,-0.5,0.9090909090909091
208,401056506,1.0,1.0,1,0,0.72,0.03,0.78,0.21,1.03,1.74,0.0
3449,401056506,46.0,46.0,0,0,0.54,0.13,0.12,0.05,0.29,0.83,0.5844155844155844
7039,401056506,7.0,7.0,1,0,1.87,-0.59,0.2,-0.07,-0.46,1.41,0.07792207792207792
8992,401056506,11.0,11.0,0,1,1.83,-0.47,-0.42,0.22,-0.67,1.16,0.12987012987012986
3577,401056506,37.0,37.0,0,0,-0.52,0.23,0.56,0.23,1.02,0.5,0.4675324675324675
928,401056506,15.0,15.0,0,1,0.21,0.47,-0.07,0.22,0.62,0.83,0.18181818181818182
278,401056506,65.0,65.0,0,0,-0.41,0.43,-0.23,-1.38,-1.18,-1.59,0.8311688311688312
10054,401056506,46.0,46.0,0,0,1.37,-0.44,-0.06,0.54,0.04,1.41,0.5844155844155844
1196,401056506,71.0,71.0,0,0,0.34,-0.38,-0.87,-0.59,-1.84,-1.5,0.9090909090909091
123,401056506,37.0,37.0,0,0,0.26,0.61,-0.23,0.11,0.48,0.74,0.4675324675324675
3375,401056506,37.0,37.0,0,0,-0.72,0.07,1.15,0.25,1.46,0.74,0.4675324675324675
301,401056506,11.0,11.0,0,1,1.57,0.08,-0.08,0.26,0.26,1.83,0.12987012987012986
5408,401056506,46.0,46.0,0,0,0.47,-0.56,0.37,0.55,0.36,0.83,0.5844155844155844
11387,401056506,32.0,32.0,0,0,-0.43,-0.17,1.03,0.32,1.17,0.74,0.4025974025974026
957,401056506,15.0,15.0,0,1,2.15,-0.12,-1.06,0.2,-0.98,1.16,0.18181818181818182
5573,401056506,54.0,54.0,0,0,-0.03,-0.66,0.26,-0.4,-0.81,-0.84,0.6883116883116883
5504,401056506,76.0,76.0,0,0,-0.55,-0.55,0.16,-1.23,-1.62,-2.17,0.974025974025974
6991,401056506,23.0,23.0,0,1,0.26,0.21,0.77,0.6,1.57,1.83,0.2857142857142857
508,401056506,23.0,23.0,0,1,0.06,1.43,0.75,-0.17,2.01,2.08,0.2857142857142857
6196,401056506,37.0,37.0,0,0,-0.44,0.21,-0.06,1.04,1.19,0.74,0.4675324675324675
1676,401056506,65.0,65.0,0,0,0.98,0.37,-1.26,-0.6,-1.48,-0.5,0.8311688311688312
11099,401056506,65.0,65.0,0,0,-0.42,-0.37,0.62,0.58,0.83,0.41,0.8311688311688312
2883,401056506,46.0,46.0,0,0,0.81,-1.18,0.15,-0.03,-1.07,-0.26,0.5844155844155844
10166,401056506,37.0,37.0,0,0,-0.71,-0.02,0.12,0.01,0.12,-0.59,0.4675324675324675
1265,401056506,54.0,54.0,0,0,0.21,-0.5,-0.65,0.43,-0.71,-0.5,0.6883116883116883
10050,401056506,23.0,23.0,0,1,0.36,1.19,-0.36,0.56,1.38,1.74,0.2857142857142857
2552,401056506,7.0,7.0,1,0,0.9,-0.27,0.93,0.84,1.51,2.41,0.07792207792207792
676,401056506,11.0,11.0,0,1,-0.03,0.65,-0.14,1.01,1.53,1.5,0.12987012987012986
1059,401056506,4.0,4.0,1,0,1.05,-0.07,0.51,1.26,1.69,2.74,0.03896103896103896
1411,401056506,15.0,15.0,0,1,0.51,0.26,0.88,0.18,1.32,1.83,0.18181818181818182
4010,401056506,32.0,32.0,0,0,1.31,0.24,-0.06,-1.0,-0.81,0.5,0.4025974025974026
1600,401056506,59.0,59.0,0,0,-0.03,0.14,-0.02,-0.34,-0.23,-0.26,0.7532467532467533
1042,401056506,23.0,23.0,0,1,-1.28,0.25,1.35,-0.49,1.11,-0.17,0.2857142857142857
9568,401056506,74.0,74.0,0,0,-0.41,0.79,-1.24,-0.39,-0.85,-1.26,0.948051948051948
3980,401056506,15.0,15.0,0,1,0.73,0.1,0.14,0.12,0.35,1.08,0.18181818181818182
6825,401056506,2.0,2.0,1,0,2.94,-0.06,0.71,0.57,1.22,4.16,0.012987012987012988
1674,401056506,7.0,7.0,1,0,1.63,0.34,1.09,0.11,1.53,3.16,0.07792207792207792
1750,401056506,15.0,15.0,0,1,-0.03,-0.33,0.79,0.39,0.85,0.83,0.18181818181818182
1935,401056506,4.0,4.0,1,0,1.89,0.49,0.36,0.01,0.85,2.74,0.03896103896103896
3740,401056506,59.0,59.0,0,0,-0.45,-0.18,1.09,-0.34,0.53,0.08,0.7532467532467533
6090,401056506,70.0,70.0,0,0,0.53,-0.97,-0.61,0.46,-1.12,-0.59,0.8961038961038961
5619,401056506,32.0,32.0,0,0,0.65,-0.04,0.15,-0.26,-0.15,0.5,0.4025974025974026
9804,401056506,15.0,15.0,0,1,0.03,0.11,1.41,0.28,1.8,1.83,0.18181818181818182
11,401056506,46.0,46.0,0,0,1.41,0.04,-0.12,-0.51,-0.58,0.83,0.5844155844155844
4015,401056506,59.0,59.0,0,0,0.13,-0.83,0.14,0.73,0.04,0.16,0.7532467532467533
4591,401056506,32.0,32.0,0,0,0.66,0.31,-0.59,0.37,0.08,0.74,0.4025974025974026
9938,401056506,37.0,37.0,0,0,-0.78,0.48,0.36,0.09,0.94,0.16,0.4675324675324675
11382,401056506,37.0,37.0,0,0,-0.81,0.05,0.33,0.51,0.88,0.08,0.4675324675324675
5506,401056506,23.0,23.0,0,1,1.43,0.43,-0.44,-0.02,-0.02,1.41,0.2857142857142857
1359,401056506,46.0,46.0,0,0,-1.59,-0.23,0.57,0.42,0.75,-0.84,0.5844155844155844
10932,401056506,71.0,71.0,0,0,-1.26,-0.4,-0.85,1.01,-0.24,-1.5,0.9090909090909091
1613,401056506,59.0,59.0,0,0,-1.31,-0.01,1.25,-0.52,0.72,-0.59,0.7532467532467533
9569,401056506,74.0,74.0,0,0,-2.09,-0.29,-0.17,0.63,0.16,-1.92,0.948051948051948
6086,401056506,37.0,37.0,0,0,0.29,-0.09,0.54,0.33,0.78,1.08,0.4675324675324675
3970,401056506,23.0,23.0,0,1,0.44,1.03,-0.41,0.1,0.72,1.16,0.2857142857142857
9626,401056506,65.0,65.0,0,0,-0.72,-0.63,0.54,0.23,0.13,-0.59,0.8311688311688312
11119,401056506,65.0,65.0,0,0,-0.41,0.36,-1.67,0.21,-1.09,-1.5,0.8311688311688312
1614,401056506,3.0,3.0,1,0,0.98,0.39,1.19,0.61,2.18,3.16,0.025974025974025976
686,401056506,7.0,7.0,1,0,1.12,0.47,-0.17,0.08,0.38,1.5,0.07792207792207792
9517,3747,18.0,18.0,0,1,0.44,0.21,0.36,0.49,1.06,1.5,0.22666666666666666
5502,3747,69.0,69.0,0,0,-0.59,-0.42,0.78,-0.77,-0.41,-1.0,0.9066666666666666
10372,3747,39.0,39.0,0,0,0.68,-0.22,0.1,0.19,0.07,0.75,0.5066666666666667
6062,3747,67.0,67.0,0,0,0.13,-0.94,0.49,-0.43,-0.87,-0.75,0.88
159,3747,58.0,58.0,0,0,-0.51,0.28,0.1,0.13,0.51,0.0,0.76
7161,3747,25.0,25.0,0,1,1.68,-0.23,0.0,-0.2,-0.43,1.25,0.32
1225,3747,4.0,4.0,1,0,1.43,-0.13,0.34,0.86,1.08,2.5,0.04
4638,3747,7.0,7.0,1,0,0.87,0.29,1.47,-0.37,1.38,2.25,0.08
3599,3747,4.0,4.0,1,0,1.85,-0.39,0.43,0.61,0.65,2.5,0.04
9126,3747,39.0,39.0,0,0,1.46,-0.13,-0.94,0.36,-0.7,0.75,0.5066666666666667
208,3747,32.0,32.0,0,0,-0.5,0.66,0.42,0.43,1.5,1.0,0.41333333333333333
3449,3747,10.0,10.0,1,0,0.09,1.56,0.55,-0.2,1.92,2.0,0.12
1793,3747,69.0,69.0,0,0,-0.79,-0.82,0.25,0.37,-0.2,-1.0,0.9066666666666666
769,3747,18.0,18.0,0,1,-1.14,0.13,2.03,0.49,2.65,1.5,0.22666666666666666
9131,3747,18.0,18.0,0,1,0.81,0.22,0.15,0.32,0.7,1.5,0.22666666666666666
9025,3747,14.0,14.0,0,1,0.5,0.19,0.48,0.58,1.25,1.75,0.17333333333333334
8992,3747,39.0,39.0,0,0,0.54,-0.8,0.87,0.14,0.21,0.75,0.5066666666666667
1196,3747,73.0,73.0,0,0,0.09,-0.38,0.03,-0.98,-1.34,-1.25,0.96
5882,3747,47.0,47.0,0,0,0.05,-0.33,-0.16,0.95,0.45,0.5,0.6133333333333333
3550,3747,7.0,7.0,1,0,0.92,0.62,0.22,0.49,1.33,2.25,0.08
5408,3747,64.0,64.0,0,0,0.56,0.17,-0.38,-0.59,-0.8,-0.25,0.84
5504,3747,54.0,54.0,0,0,-0.52,-0.51,0.6,0.69,0.77,0.25,0.7066666666666667
508,3747,25.0,25.0,0,1,0.81,0.08,0.78,-0.41,0.45,1.25,0.32
6196,3747,73.0,73.0,0,0,-0.48,0.0,-0.53,-0.24,-0.77,-1.25,0.96
110,3747,18.0,18.0,0,1,0.86,-0.52,0.46,0.7,0.64,1.5,0.22666666666666666
5025,3747,2.0,2.0,1,0,0.89,0.07,1.58,0.46,2.11,3.0,0.013333333333333334
243,3747,14.0,14.0,0,1,-0.87,1.19,1.35,0.08,2.62,1.75,0.17333333333333334
3317,3747,47.0,47.0,0,0,0.39,-0.02,-0.95,1.08,0.11,0.5,0.6133333333333333
5578,3747,39.0,39.0,0,0,0.19,0.24,0.43,-0.1,0.57,0.75,0.5066666666666667
10166,3747,47.0,47.0,0,0,-0.4,-0.62,0.75,0.78,0.91,0.5,0.6133333333333333
5467,3747,18.0,18.0,0,1,-0.41,-0.06,1.03,0.94,1.92,1.5,0.22666666666666666
4848,3747,14.0,14.0,0,1,0.04,-0.07,1.14,0.65,1.71,1.75,0.17333333333333334
4513,3747,39.0,39.0,0,0,-0.86,0.29,0.98,0.34,1.61,0.75,0.5066666666666667
2552,3747,25.0,25.0,0,1,1.3,-0.18,-0.23,0.37,-0.04,1.25,0.32
8906,3747,25.0,25.0,0,1,-0.16,0.68,0.19,0.54,1.41,1.25,0.32
1778,3747,10.0,10.0,1,0,1.51,0.24,-0.05,0.3,0.49,2.0,0.12
3793,3747,69.0,69.0,0,0,-0.92,-0.19,-0.62,0.73,-0.08,-1.0,0.9066666666666666
5962,3747,58.0,58.0,0,0,0.82,-0.21,0.01,-0.62,-0.82,0.0,0.76
1411,3747,75.0,75.0,0,0,0.17,-0.78,-0.58,-0.31,-1.67,-1.5,0.9866666666666667
1367,3747,39.0,39.0,0,0,0.98,0.13,-1.61,1.25,-0.23,0.75,0.5066666666666667
3351,3747,47.0,47.0,0,0,0.16,0.66,-0.35,0.03,0.34,0.5,0.6133333333333333
1600,3747,39.0,39.0,0,0,0.37,0.19,-0.66,0.86,0.39,0.75,0.5066666666666667
6999,3747,32.0,32.0,0,0,1.15,-0.5,0.62,-0.27,-0.15,1.0,0.41333333333333333
9568,3747,7.0,7.0,1,0,0.72,0.49,0.45,0.59,1.53,2.25,0.08
3980,3747,1.0,1.0,1,0,1.71,0.08,1.71,-0.5,1.29,3.0,0.0
1750,3747,39.0,39.0,0,0,-0.48,-0.46,1.17,0.53,1.24,0.75,0.5066666666666667
1935,3747,10.0,10.0,1,0,-0.03,0.86,0.7,0.47,2.04,2.0,0.12
6783,3747,47.0,47.0,0,0,0.57,-0.34,0.58,-0.31,-0.07,0.5,0.6133333333333333
4483,3747,10.0,10.0,1,0,0.27,1.14,0.38,0.21,1.74,2.0,0.12
962,3747,58.0,58.0,0,0,-1.1,-0.01,1.18,-0.08,1.1,0.0,0.76
377,3747,32.0,32.0,0,0,-0.34,1.03,0.19,0.13,1.34,1.0,0.41333333333333333
4591,3747,65.0,65.0,0,0,0.04,0.18,-0.33,-0.39,-0.54,-0.5,0.8533333333333334
78,3747,32.0,32.0,0,0,-0.08,0.2,0.6,0.29,1.09,1.0,0.41333333333333333
10630,3747,54.0,54.0,0,0,0.45,0.07,-0.93,0.65,-0.2,0.25,0.7066666666666667
6937,3747,54.0,54.0,0,0,-0.67,-0.13,0.68,0.38,0.93,0.25,0.7066666666666667
7081,3747,58.0,58.0,0,0,-0.9,0.01,-0.25,1.13,0.9,0.0,0.76
1037,3747,25.0,25.0,0,1,-1.09,0.54,1.32,0.48,2.34,1.25,0.32
6001,3747,54.0,54.0,0,0,0.43,1.22,-0.67,-0.72,-0.18,0.25,0.7066666666666667
7001,3747,58.0,58.0,0,0,-0.43,-0.08,0.12,0.4,0.44,0.0,0.76
1613,3747,25.0,25.0,0,1,0.12,-0.3,0.79,0.65,1.13,1.25,0.32
2230,3747,32.0,32.0,0,0,0.65,-0.41,0.82,-0.06,0.36,1.0,0.41333333333333333
9513,3747,18.0,18.0,0,1,1.33,0.37,-0.28,0.09,0.17,1.5,0.22666666666666666
6086,3747,3.0,3.0,1,0,0.48,-0.2,1.54,0.93,2.27,2.75,0.02666666666666667
3295,3747,58.0,58.0,0,0,0.53,1.21,-0.68,-1.06,-0.53,0.0,0.76
1185,3747,76.0,76.0,0,0,0.04,0.07,-1.77,-0.09,-1.79,-1.75,1.0
10360,3747,32.0,32.0,0,0,2.01,0.35,0.22,-1.58,-1.01,1.0,0.41333333333333333
3532,3747,65.0,65.0,0,0,-0.87,0.02,0.53,-0.18,0.37,-0.5,0.8533333333333334
1614,3747,4.0,4.0,1,0,1.14,-0.37,0.93,0.8,1.36,2.5,0.04
10140,3747,32.0,32.0,0,0,0.28,-0.52,-0.06,1.31,0.73,1.0,0.41333333333333333
4479,3747,25.0,25.0,0,1,0.84,1.24,0.07,-0.9,0.41,1.25,0.32
686,3747,14.0,14.0,0,1,0.19,-0.15,1.36,0.36,1.57,1.75,0.17333333333333334
10357,401056504,28.0,28.0,0,1,0.98,-0.14,0.01,0.12,-0.01,0.97,0.3698630136986301
9261,401056504,4.0,4.0,1,0,1.69,0.23,-0.1,0.66,0.78,2.47,0.0410958904109589
3322,401056504,57.0,57.0,0,0,-1.39,-0.26,0.62,0.75,1.11,-0.28,0.7671232876712328
10577,401056504,15.0,15.0,0,1,0.23,-0.16,0.3,1.1,1.24,1.47,0.1917808219178082
5338,401056504,10.0,10.0,1,0,0.9,0.66,-0.13,0.3,0.82,1.72,0.1232876712328767
10046,401056504,1.0,1.0,1,0,0.09,0.63,1.75,1.0,3.39,3.47,0.0
159,401056504,51.0,51.0,0,0,0.58,0.32,-0.52,-0.15,-0.36,0.22,0.684931506849315
7161,401056504,10.0,10.0,1,0,1.09,0.27,0.45,-0.08,0.64,1.72,0.1232876712328767
6011,401056504,23.0,23.0,0,1,0.15,1.05,0.88,-0.86,1.07,1.22,0.3013698630136986
11098,401056504,28.0,28.0,0,1,-0.05,-0.22,-0.65,1.9,1.03,0.97,0.3698630136986301
10863,401056504,28.0,28.0,0,1,1.61,0.31,-0.93,-0.01,-0.64,0.97,0.3698630136986301
5704,401056504,7.0,7.0,1,0,0.89,-0.27,1.09,0.25,1.08,1.97,0.0821917808219178
3449,401056504,41.0,41.0,0,0,0.35,0.23,-0.84,0.75,0.13,0.47,0.547945205479452
1352,401056504,55.0,55.0,0,0,0.47,-0.34,1.3,-1.46,-0.5,-0.03,0.7397260273972602
8992,401056504,41.0,41.0,0,0,0.77,0.2,-0.16,-0.34,-0.3,0.47,0.547945205479452
3950,401056504,41.0,41.0,0,0,0.45,-0.47,-0.28,0.78,0.03,0.47,0.547945205479452
278,401056504,57.0,57.0,0,0,-1.55,-0.11,1.92,-0.54,1.28,-0.28,0.7671232876712328
10054,401056504,15.0,15.0,0,1,0.44,-0.19,0.29,0.94,1.04,1.47,0.1917808219178082
431,401056504,51.0,51.0,0,0,-0.04,-0.08,-0.14,0.49,0.26,0.22,0.684931506849315
301,401056504,41.0,41.0,0,0,0.43,-0.34,0.57,-0.19,0.04,0.47,0.547945205479452
3550,401056504,10.0,10.0,1,0,0.29,0.06,0.96,0.41,1.43,1.72,0.1232876712328767
5408,401056504,36.0,36.0,0,0,0.27,0.64,-0.05,-0.13,0.46,0.72,0.4794520547945205
5504,401056504,28.0,28.0,0,1,0.7,0.16,0.34,-0.23,0.27,0.97,0.3698630136986301
6991,401056504,15.0,15.0,0,1,0.99,-0.03,0.25,0.27,0.49,1.47,0.1917808219178082
6196,401056504,69.0,69.0,0,0,-0.61,-0.19,-0.35,0.37,-0.17,-0.78,0.9315068493150684
5025,401056504,28.0,28.0,0,1,0.05,0.41,0.03,0.49,0.93,0.97,0.3698630136986301
3317,401056504,66.0,66.0,0,0,-0.65,-1.08,0.95,0.25,0.13,-0.53,0.8904109589041096
11099,401056504,10.0,10.0,1,0,-0.44,0.33,0.79,1.04,2.16,1.72,0.1232876712328767
3669,401056504,41.0,41.0,0,0,1.27,0.23,-0.55,-0.47,-0.8,0.47,0.547945205479452
710,401056504,72.0,72.0,0,0,-0.77,0.16,-0.25,-0.66,-0.75,-1.53,0.9726027397260274
10166,401056504,15.0,15.0,0,1,-0.25,-0.01,2.11,-0.37,1.73,1.47,0.1917808219178082
5467,401056504,55.0,55.0,0,0,0.69,-0.23,0.49,-0.97,-0.71,-0.03,0.7397260273972602
1030,401056504,28.0,28.0,0,1,-0.77,0.3,0.3,1.14,1.75,0.97,0.3698630136986301
10363,401056504,23.0,23.0,0,1,0.42,0.05,0.6,0.15,0.8,1.22,0.3013698630136986
10050,401056504,71.0,71.0,0,0,-0.4,0.01,-0.82,-0.08,-0.88,-1.28,0.958904109589041
6689,401056504,66.0,66.0,0,0,-0.19,0.26,-0.04,-0.55,-0.33,-0.53,0.8904109589041096
1077,401056504,51.0,51.0,0,0,-0.43,0.66,-0.1,0.09,0.65,0.22,0.684931506849315
3793,401056504,23.0,23.0,0,1,0.13,0.43,0.53,0.13,1.1,1.22,0.3013698630136986
676,401056504,7.0,7.0,1,0,0.64,0.33,1.02,-0.01,1.33,1.97,0.0821917808219178
1367,401056504,57.0,57.0,0,0,0.19,-0.48,-0.4,0.41,-0.47,-0.28,0.7671232876712328
257,401056504,57.0,57.0,0,0,-1.38,-0.56,1.18,0.49,1.11,-0.28,0.7671232876712328
2571,401056504,28.0,28.0,0,1,0.38,0.53,0.47,-0.41,0.59,0.97,0.3698630136986301
3792,401056504,36.0,36.0,0,0,0.67,0.29,-0.94,0.71,0.05,0.72,0.4794520547945205
1042,401056504,28.0,28.0,0,1,0.49,-0.55,0.51,0.53,0.49,0.97,0.3698630136986301
9568,401056504,57.0,57.0,0,0,-0.31,0.52,0.04,-0.53,0.03,-0.28,0.7671232876712328
6007,401056504,2.0,2.0,1,0,0.75,0.11,1.18,1.19,2.48,3.22,0.0136986301369863
5692,401056504,15.0,15.0,0,1,0.37,0.54,0.56,-0.01,1.1,1.47,0.1917808219178082
6825,401056504,41.0,41.0,0,0,0.23,0.01,0.48,-0.25,0.24,0.47,0.547945205479452
1674,401056504,23.0,23.0,0,1,0.35,0.34,0.49,0.04,0.88,1.22,0.3013698630136986
1935,401056504,74.0,74.0,0,0,-2.18,0.33,-0.25,-0.43,-0.35,-2.53,1.0
3740,401056504,51.0,51.0,0,0,0.42,-0.14,0.59,-0.64,-0.2,0.22,0.684931506849315
6783,401056504,57.0,57.0,0,0,0.26,-0.79,0.16,0.09,-0.54,-0.28,0.7671232876712328
3702,401056504,4.0,4.0,1,0,1.04,-0.09,0.92,0.6,1.43,2.47,0.0410958904109589
809,401056504,36.0,36.0,0,0,0.06,-0.1,0.84,-0.07,0.67,0.72,0.4794520547945205
962,401056504,7.0,7.0,1,0,0.68,0.63,0.87,-0.21,1.29,1.97,0.0821917808219178
335,401056504,66.0,66.0,0,0,-0.58,0.49,0.14,-0.57,0.05,-0.53,0.8904109589041096
5619,401056504,4.0,4.0,1,0,0.49,0.89,0.95,0.15,1.99,2.47,0.0410958904109589
9804,401056504,23.0,23.0,0,1,0.53,-0.18,0.74,0.14,0.7,1.22,0.3013698630136986
11382,401056504,15.0,15.0,0,1,-0.5,0.28,0.75,0.93,1.97,1.47,0.1917808219178082
7081,401056504,15.0,15.0,0,1,2.45,0.37,-0.41,-0.94,-0.98,1.47,0.1917808219178082
9076,401056504,41.0,41.0,0,0,-1.0,0.42,0.57,0.48,1.47,0.47,0.547945205479452
10404,401056504,41.0,41.0,0,0,-0.18,0.57,0.15,-0.05,0.66,0.47,0.547945205479452
1037,401056504,10.0,10.0,1,0,0.01,0.59,0.52,0.61,1.72,1.72,0.1232876712328767
10932,401056504,73.0,73.0,0,0,-1.05,-0.17,-1.2,0.65,-0.73,-1.78,0.9863013698630136
7001,401056504,3.0,3.0,1,0,0.76,0.59,0.76,0.86,2.22,2.97,0.0273972602739726
3378,401056504,69.0,69.0,0,0,-0.43,-0.58,0.33,-0.1,-0.35,-0.78,0.9315068493150684
2230,401056504,36.0,36.0,0,0,-0.17,0.8,-0.38,0.47,0.89,0.72,0.4794520547945205
3970,401056504,57.0,57.0,0,0,-0.09,-0.1,0.12,-0.21,-0.19,-0.28,0.7671232876712328
1185,401056504,57.0,57.0,0,0,0.05,-0.2,-0.35,0.21,-0.33,-0.28,0.7671232876712328
11119,401056504,57.0,57.0,0,0,1.08,0.24,-1.02,-0.58,-1.36,-0.28,0.7671232876712328
7082,401056504,41.0,41.0,0,0,1.16,-0.76,0.4,-0.33,-0.69,0.47,0.547945205479452
6185,401056504,41.0,41.0,0,0,0.75,0.0,0.48,-0.76,-0.27,0.47,0.547945205479452
1614,401056504,15.0,15.0,0,1,0.58,0.39,0.82,-0.32,0.89,1.47,0.1917808219178082
10357,401056503,5.0,5.0,1,0,-0.84,0.09,2.61,0.69,3.39,2.55,0.056338028169014086
512,401056503,54.0,54.0,0,0,-0.03,-0.49,0.4,-0.08,-0.16,-0.2,0.7464788732394366
3322,401056503,39.0,39.0,0,0,-1.11,0.13,1.31,0.22,1.67,0.55,0.5352112676056338
1712,401056503,26.0,26.0,0,1,0.74,-0.4,0.62,0.1,0.32,1.05,0.352112676056338
10372,401056503,7.0,7.0,1,0,1.84,-0.07,0.27,0.26,0.46,2.3,0.08450704225352113
9127,401056503,39.0,39.0,0,0,-0.32,0.78,0.19,-0.09,0.87,0.55,0.5352112676056338
774,401056503,14.0,14.0,0,1,1.12,1.08,-0.34,0.19,0.93,2.05,0.18309859154929578
3446,401056503,45.0,45.0,0,0,0.52,1.0,-0.85,-0.36,-0.22,0.3,0.6197183098591549
8910,401056503,39.0,39.0,0,0,1.11,-0.19,-0.48,0.12,-0.56,0.55,0.5352112676056338
11098,401056503,1.0,1.0,1,0,2.27,-0.05,0.66,1.42,2.03,4.3,0.0
9126,401056503,2.0,2.0,1,0,0.37,1.06,0.71,1.15,2.93,3.3,0.014084507042253521
10910,401056503,50.0,50.0,0,0,0.6,0.63,-0.74,-0.44,-0.55,0.05,0.6901408450704225
5532,401056503,3.0,3.0,1,0,1.45,0.28,0.34,0.73,1.35,2.8,0.028169014084507043
3279,401056503,45.0,45.0,0,0,0.21,0.16,0.35,-0.41,0.1,0.3,0.6197183098591549
4645,401056503,50.0,50.0,0,0,0.61,-0.38,-0.01,-0.18,-0.56,0.05,0.6901408450704225
7004,401056503,68.0,68.0,0,0,-0.26,0.32,-0.57,-0.44,-0.69,-0.95,0.9436619718309859
5167,401056503,54.0,54.0,0,0,-0.26,-0.65,0.32,0.4,0.06,-0.2,0.7464788732394366
11456,401056503,71.0,71.0,0,0,-1.76,-0.15,0.21,0.01,0.06,-1.7,0.9859154929577465
10054,401056503,7.0,7.0,1,0,2.52,0.57,-0.73,-0.05,-0.22,2.3,0.08450704225352113
11115,401056503,7.0,7.0,1,0,1.8,-0.28,1.05,-0.27,0.5,2.3,0.08450704225352113
431,401056503,7.0,7.0,1,0,-0.25,0.26,1.89,0.41,2.55,2.3,0.08450704225352113
3375,401056503,70.0,70.0,0,0,-0.08,-0.24,-1.25,0.38,-1.11,-1.2,0.971830985915493
5408,401056503,39.0,39.0,0,0,-0.1,-0.03,0.37,0.3,0.65,0.55,0.5352112676056338
957,401056503,61.0,61.0,0,0,-0.51,-0.42,0.39,0.1,0.06,-0.45,0.8450704225352113
5504,401056503,26.0,26.0,0,1,0.32,0.28,0.17,0.28,0.73,1.05,0.352112676056338
3856,401056503,35.0,35.0,0,0,0.54,0.25,0.12,-0.1,0.26,0.8,0.4788732394366197
508,401056503,39.0,39.0,0,0,1.36,-0.3,-0.28,-0.23,-0.81,0.55,0.5352112676056338
5567,401056503,45.0,45.0,0,0,0.83,-0.23,-0.01,-0.28,-0.52,0.3,0.6197183098591549
196,401056503,50.0,50.0,0,0,-0.34,-0.23,0.68,-0.06,0.39,0.05,0.6901408450704225
10505,401056503,54.0,54.0,0,0,-1.46,0.36,0.9,0.01,1.27,-0.2,0.7464788732394366
5578,401056503,35.0,35.0,0,0,1.84,0.54,-1.38,-0.2,-1.04,0.8,0.4788732394366197
3669,401056503,63.0,63.0,0,0,-0.3,0.35,-0.38,-0.37,-0.4,-0.7,0.8732394366197183
1265,401056503,35.0,35.0,0,0,1.47,0.03,-0.45,-0.25,-0.67,0.8,0.4788732394366197
7083,401056503,35.0,35.0,0,0,-0.01,0.95,-0.12,-0.01,0.81,0.8,0.4788732394366197
676,401056503,14.0,14.0,0,1,0.15,0.91,0.33,0.66,1.9,2.05,0.18309859154929578
1411,401056503,20.0,20.0,0,1,0.86,-0.12,0.57,0.24,0.7,1.55,0.2676056338028169
2571,401056503,7.0,7.0,1,0,1.28,0.99,-0.1,0.13,1.02,2.3,0.08450704225352113
4010,401056503,54.0,54.0,0,0,1.27,0.64,-1.94,-0.17,-1.47,-0.2,0.7464788732394366
1600,401056503,20.0,20.0,0,1,1.97,-0.6,0.25,-0.06,-0.41,1.55,0.2676056338028169
6999,401056503,26.0,26.0,0,1,0.73,0.28,0.11,-0.07,0.32,1.05,0.352112676056338
3792,401056503,26.0,26.0,0,1,0.42,-0.06,0.28,0.42,0.64,1.05,0.352112676056338
1259,401056503,63.0,63.0,0,0,-0.09,0.78,0.07,-1.46,-0.61,-0.7,0.8732394366197183
6825,401056503,14.0,14.0,0,1,0.7,0.13,1.06,0.16,1.35,2.05,0.18309859154929578
1750,401056503,54.0,54.0,0,0,0.84,-0.1,-0.39,-0.56,-1.04,-0.2,0.7464788732394366
1935,401056503,20.0,20.0,0,1,0.47,0.35,0.54,0.19,1.08,1.55,0.2676056338028169
3740,401056503,5.0,5.0,1,0,1.36,0.41,0.96,-0.18,1.19,2.55,0.056338028169014086
1254,401056503,20.0,20.0,0,1,1.14,0.01,1.42,-1.01,0.41,1.55,0.2676056338028169
377,401056503,20.0,20.0,0,1,0.08,-0.09,1.28,0.28,1.47,1.55,0.2676056338028169
5619,401056503,26.0,26.0,0,1,1.22,0.0,0.61,-0.78,-0.17,1.05,0.352112676056338
9804,401056503,61.0,61.0,0,0,0.08,-1.37,0.17,0.67,-0.53,-0.45,0.8450704225352113
11,401056503,68.0,68.0,0,0,0.04,-0.51,0.9,-1.38,-0.99,-0.95,0.9436619718309859
9938,401056503,3.0,3.0,1,0,-0.52,0.66,1.44,1.22,3.33,2.8,0.028169014084507043
6937,401056503,14.0,14.0,0,1,1.32,-0.15,0.9,-0.02,0.73,2.05,0.18309859154929578
5506,401056503,63.0,63.0,0,0,1.26,-0.11,-0.19,-1.66,-1.96,-0.7,0.8732394366197183
10404,401056503,50.0,50.0,0,0,-0.89,0.64,0.28,0.03,0.94,0.05,0.6901408450704225
6001,401056503,19.0,19.0,0,1,1.05,0.36,-0.5,0.9,0.75,1.8,0.2535211267605634
10932,401056503,7.0,7.0,1,0,-0.27,0.76,0.98,0.83,2.57,2.3,0.08450704225352113
1613,401056503,26.0,26.0,0,1,-0.68,-0.11,1.07,0.77,1.73,1.05,0.352112676056338
9478,401056503,45.0,45.0,0,0,-2.35,0.72,1.11,0.83,2.66,0.3,0.6197183098591549
3378,401056503,39.0,39.0,0,0,-0.12,-0.14,0.45,0.37,0.67,0.55,0.5352112676056338
4643,401056503,7.0,7.0,1,0,0.96,-0.17,0.61,0.9,1.34,2.3,0.08450704225352113
9513,401056503,14.0,14.0,0,1,-0.01,-0.21,1.81,0.46,2.06,2.05,0.18309859154929578
10586,401056503,25.0,25.0,0,1,-1.16,0.11,0.79,1.57,2.46,1.3,0.3380281690140845
1157,401056503,72.0,72.0,0,0,-1.58,-0.07,-0.82,-0.72,-1.62,-3.2,1.0
1185,401056503,26.0,26.0,0,1,0.31,0.34,0.56,-0.16,0.74,1.05,0.352112676056338
11119,401056503,54.0,54.0,0,0,-0.41,0.25,-0.16,0.12,0.22,-0.2,0.7464788732394366
6185,401056503,45.0,45.0,0,0,-0.11,0.06,-0.1,0.46,0.42,0.3,0.6197183098591549
16,401056252,4.0,4.0,1,0,-0.2,0.67,2.42,-0.28,2.81,2.61,0.0410958904109589
4682,401056252,66.0,66.0,0,0,-0.87,-0.06,0.45,-0.17,0.22,-0.64,0.8904109589041096
6015,401056252,63.0,63.0,0,0,0.22,-1.07,0.55,-0.1,-0.61,-0.39,0.8493150684931506
3322,401056252,33.0,33.0,0,0,-0.19,0.02,-0.35,1.38,1.04,0.86,0.4383561643835616
10372,401056252,14.0,14.0,0,1,0.48,-0.17,0.43,0.86,1.12,1.61,0.1780821917808219
9127,401056252,41.0,41.0,0,0,-0.54,0.0,2.04,-0.89,1.15,0.61,0.547945205479452
1626,401056252,53.0,53.0,0,0,0.31,-0.29,-0.29,0.38,-0.2,0.11,0.7123287671232876
5338,401056252,46.0,46.0,0,0,0.07,1.06,-0.27,-0.5,0.28,0.36,0.6164383561643836
693,401056252,46.0,46.0,0,0,1.16,-0.43,-0.07,-0.31,-0.8,0.36,0.6164383561643836
774,401056252,10.0,10.0,1,0,-0.26,1.75,-0.29,0.65,2.12,1.86,0.1232876712328767
7161,401056252,74.0,74.0,0,0,-0.85,-0.32,-0.04,-0.68,-1.04,-1.89,1.0
1222,401056252,2.0,2.0,1,0,1.66,0.59,0.05,0.55,1.19,2.86,0.0136986301369863
3596,401056252,53.0,53.0,0,0,-0.51,-0.06,-0.39,1.07,0.62,0.11,0.7123287671232876
3599,401056252,53.0,53.0,0,0,-0.04,0.58,-0.1,-0.32,0.15,0.11,0.7123287671232876
11098,401056252,25.0,25.0,0,1,-0.18,-0.27,-0.05,1.6,1.29,1.11,0.3287671232876712
10863,401056252,17.0,17.0,0,1,-0.05,-0.17,0.85,0.73,1.41,1.36,0.2191780821917808
5532,401056252,53.0,53.0,0,0,0.4,0.41,-0.94,0.24,-0.29,0.11,0.7123287671232876
769,401056252,33.0,33.0,0,0,0.18,0.12,0.93,-0.38,0.67,0.86,0.4383561643835616
4645,401056252,46.0,46.0,0,0,0.3,0.83,0.43,-1.2,0.06,0.36,0.6164383561643836
7039,401056252,10.0,10.0,1,0,0.74,0.04,0.92,0.15,1.12,1.86,0.1232876712328767
5167,401056252,25.0,25.0,0,1,-0.25,0.35,0.31,0.7,1.35,1.11,0.3287671232876712
3950,401056252,10.0,10.0,1,0,1.13,0.11,0.15,0.47,0.73,1.86,0.1232876712328767
5882,401056252,41.0,41.0,0,0,-0.7,-0.49,1.54,0.26,1.31,0.61,0.547945205479452
91,401056252,41.0,41.0,0,0,-0.43,0.45,0.45,0.14,1.04,0.61,0.547945205479452
3375,401056252,63.0,63.0,0,0,0.01,-0.04,-0.2,-0.16,-0.4,-0.39,0.8493150684931506
5462,401056252,41.0,41.0,0,0,0.49,0.19,-0.18,0.11,0.12,0.61,0.547945205479452
5408,401056252,66.0,66.0,0,0,0.13,0.44,-0.58,-0.64,-0.77,-0.64,0.8904109589041096
957,401056252,17.0,17.0,0,1,-0.26,-0.48,1.4,0.69,1.62,1.36,0.2191780821917808
5504,401056252,69.0,69.0,0,0,-0.19,0.13,-0.58,-0.25,-0.7,-0.89,0.9315068493150684
6991,401056252,14.0,14.0,0,1,0.28,1.33,-0.3,0.3,1.32,1.61,0.1780821917808219
3856,401056252,33.0,33.0,0,0,1.01,0.14,-0.13,-0.17,-0.15,0.86,0.4383561643835616
6196,401056252,46.0,46.0,0,0,-0.1,0.1,0.34,0.02,0.46,0.36,0.6164383561643836
5259,401056252,14.0,14.0,0,1,2.13,-0.59,0.31,-0.24,-0.53,1.61,0.1780821917808219
1067,401056252,9.0,9.0,1,0,0.67,1.02,0.1,0.32,1.44,2.11,0.1095890410958904
6894,401056252,10.0,10.0,1,0,1.22,0.02,0.05,0.57,0.64,1.86,0.1232876712328767
10505,401056252,46.0,46.0,0,0,0.19,-0.82,0.67,0.31,0.17,0.36,0.6164383561643836
10166,401056252,41.0,41.0,0,0,0.14,-0.05,0.04,0.48,0.46,0.61,0.547945205479452
1030,401056252,53.0,53.0,0,0,-0.62,-0.07,0.87,-0.07,0.73,0.11,0.7123287671232876
1265,401056252,25.0,25.0,0,1,1.02,0.97,0.0,-0.88,0.09,1.11,0.3287671232876712
1077,401056252,25.0,25.0,0,1,-0.69,-0.71,1.48,1.03,1.8,1.11,0.3287671232876712
3793,401056252,1.0,1.0,1,0,0.76,0.97,0.49,0.64,2.1,2.86,0.0
676,401056252,17.0,17.0,0,1,-0.46,0.04,1.14,0.64,1.82,1.36,0.2191780821917808
1059,401056252,4.0,4.0,1,0,0.71,0.02,0.42,1.47,1.9,2.61,0.0410958904109589
8973,401056252,60.0,60.0,0,0,0.25,-1.22,0.63,0.2,-0.39,-0.14,0.8082191780821918
6931,401056252,33.0,33.0,0,0,0.82,1.0,0.32,-1.28,0.04,0.86,0.4383561643835616
8974,401056252,73.0,73.0,0,0,-0.55,-0.2,-0.42,0.02,-0.59,-1.14,0.9863013698630136
2571,401056252,46.0,46.0,0,0,0.06,-0.36,1.24,-0.59,0.3,0.36,0.6164383561643836
9530,401056252,63.0,63.0,0,0,0.12,0.23,-0.3,-0.44,-0.51,-0.39,0.8493150684931506
3688,401056252,17.0,17.0,0,1,0.6,-0.7,0.76,0.69,0.76,1.36,0.2191780821917808
6151,401056252,60.0,60.0,0,0,-0.64,0.79,-1.64,1.35,0.5,-0.14,0.8082191780821918
1600,401056252,17.0,17.0,0,1,1.04,0.32,0.33,-0.33,0.32,1.36,0.2191780821917808
3792,401056252,53.0,53.0,0,0,0.21,-0.13,-0.29,0.32,-0.11,0.11,0.7123287671232876
6007,401056252,17.0,17.0,0,1,0.34,0.69,-0.26,0.59,1.02,1.36,0.2191780821917808
5692,401056252,25.0,25.0,0,1,1.5,0.25,0.5,-1.15,-0.39,1.11,0.3287671232876712
308,401056252,17.0,17.0,0,1,0.96,0.74,-0.42,0.07,0.39,1.36,0.2191780821917808
6825,401056252,25.0,25.0,0,1,0.59,0.06,0.35,0.11,0.51,1.11,0.3287671232876712
801,401056252,69.0,69.0,0,0,0.5,0.19,-0.3,-1.28,-1.39,-0.89,0.9315068493150684
1935,401056252,33.0,33.0,0,0,0.48,0.55,-0.46,0.29,0.37,0.86,0.4383561643835616
3740,401056252,53.0,53.0,0,0,-0.23,0.14,0.23,-0.03,0.34,0.11,0.7123287671232876
809,401056252,2.0,2.0,1,0,1.47,-0.04,0.76,0.67,1.39,2.86,0.0136986301369863
6090,401056252,60.0,60.0,0,0,-0.13,0.04,0.21,-0.25,-0.01,-0.14,0.8082191780821918
9804,401056252,33.0,33.0,0,0,0.61,0.64,-0.72,0.32,0.25,0.86,0.4383561643835616
11382,401056252,4.0,4.0,1,0,1.5,0.04,0.2,0.87,1.11,2.61,0.0410958904109589
10932,401056252,69.0,69.0,0,0,0.27,-0.77,-1.1,0.7,-1.17,-0.89,0.9315068493150684
7001,401056252,4.0,4.0,1,0,0.81,0.21,1.42,0.16,1.79,2.61,0.0410958904109589
8961,401056252,46.0,46.0,0,0,1.64,-0.63,-0.84,0.19,-1.28,0.36,0.6164383561643836
9569,401056252,69.0,69.0,0,0,-0.86,-0.3,0.59,-0.32,-0.03,-0.89,0.9315068493150684
6086,401056252,17.0,17.0,0,1,0.12,0.71,1.0,-0.47,1.24,1.36,0.2191780821917808
9002,401056252,25.0,25.0,0,1,0.33,-0.26,0.36,0.68,0.78,1.11,0.3287671232876712
3970,401056252,4.0,4.0,1,0,1.46,1.13,-0.3,0.31,1.15,2.61,0.0410958904109589
3295,401056252,66.0,66.0,0,0,0.2,-0.02,0.49,-1.31,-0.84,-0.64,0.8904109589041096
11119,401056252,33.0,33.0,0,0,1.35,-0.55,-0.21,0.27,-0.49,0.86,0.4383561643835616
7082,401056252,33.0,33.0,0,0,0.25,0.63,0.9,-0.91,0.61,0.86,0.4383561643835616
9261,401025264,24.0,24.0,0,1,0.75,-0.09,-0.28,1.02,0.65,1.4,0.3333333333333333
16,401025264,24.0,24.0,0,1,0.43,1.22,0.2,-0.45,0.97,1.4,0.3333333333333333
6062,401025264,41.0,41.0,0,0,0.77,-0.1,-0.69,0.67,-0.12,0.65,0.5797101449275363
2283,401025264,20.0,20.0,0,1,1.69,-0.03,-0.1,0.09,-0.04,1.65,0.2753623188405797
159,401025264,6.0,6.0,1,0,0.21,0.44,1.04,0.7,2.19,2.4,0.07246376811594203
774,401025264,45.0,45.0,0,0,0.63,0.12,0.21,-0.55,-0.23,0.4,0.6376811594202898
1651,401025264,11.0,11.0,0,1,-0.79,0.21,1.53,0.94,2.69,1.9,0.14492753623188406
1222,401025264,1.0,1.0,1,0,0.87,0.76,1.99,0.03,2.78,3.65,0.0
1673,401025264,11.0,11.0,0,1,1.1,-0.23,1.06,-0.04,0.8,1.9,0.14492753623188406
9126,401025264,45.0,45.0,0,0,0.61,-0.66,-0.41,0.87,-0.21,0.4,0.6376811594202898
5704,401025264,45.0,45.0,0,0,-0.67,-0.51,0.89,0.7,1.07,0.4,0.6376811594202898
3449,401025264,11.0,11.0,0,1,1.77,0.24,-0.42,0.31,0.13,1.9,0.14492753623188406
6017,401025264,2.0,2.0,1,0,-0.08,0.13,2.29,0.56,2.97,2.9,0.014492753623188406
1121,401025264,33.0,33.0,0,0,0.23,0.58,-0.75,1.09,0.92,1.15,0.463768115942029
11456,401025264,20.0,20.0,0,1,-0.09,0.25,0.81,0.67,1.73,1.65,0.2753623188405797
928,401025264,8.0,8.0,1,0,-0.41,0.15,2.41,0.0,2.56,2.15,0.10144927536231885
3950,401025264,24.0,24.0,0,1,0.55,0.1,-0.1,0.85,0.85,1.4,0.3333333333333333
10054,401025264,36.0,36.0,0,0,0.07,0.28,0.16,0.39,0.83,0.9,0.5072463768115942
1196,401025264,4.0,4.0,1,0,1.32,1.09,0.26,-0.02,1.33,2.65,0.043478260869565216
301,401025264,57.0,57.0,0,0,-0.37,-0.48,0.32,0.43,0.27,-0.1,0.8115942028985508
5408,401025264,11.0,11.0,0,1,0.06,0.32,0.83,0.69,1.84,1.9,0.14492753623188406
5860,401025264,11.0,11.0,0,1,-0.51,-0.18,1.84,0.75,2.41,1.9,0.14492753623188406
576,401025264,20.0,20.0,0,1,-0.89,0.32,1.66,0.56,2.54,1.65,0.2753623188405797
5504,401025264,66.0,66.0,0,0,0.71,0.14,-0.3,-1.15,-1.31,-0.6,0.9420289855072463
6991,401025264,53.0,53.0,0,0,0.67,0.12,-0.75,0.1,-0.52,0.15,0.7536231884057971
3856,401025264,36.0,36.0,0,0,0.14,0.18,-0.32,0.9,0.76,0.9,0.5072463768115942
508,401025264,24.0,24.0,0,1,0.29,0.6,0.48,0.04,1.11,1.4,0.3333333333333333
110,401025264,66.0,66.0,0,0,0.25,0.1,-0.65,-0.3,-0.85,-0.6,0.9420289855072463
153,401025264,4.0,4.0,1,0,1.49,0.61,0.14,0.42,1.16,2.65,0.043478260869565216
3317,401025264,57.0,57.0,0,0,0.12,0.1,0.31,-0.63,-0.22,-0.1,0.8115942028985508
1676,401025264,24.0,24.0,0,1,1.3,1.2,0.05,-1.15,0.1,1.4,0.3333333333333333
11099,401025264,33.0,33.0,0,0,-0.08,0.25,-0.31,1.29,1.23,1.15,0.463768115942029
1265,401025264,33.0,33.0,0,0,1.57,-0.16,0.03,-0.29,-0.42,1.15,0.463768115942029
8906,401025264,41.0,41.0,0,0,0.66,-0.63,-0.24,0.85,-0.01,0.65,0.5797101449275363
3793,401025264,11.0,11.0,0,1,1.33,0.99,-0.74,0.31,0.57,1.9,0.14492753623188406
5962,401025264,57.0,57.0,0,0,-0.45,-0.2,0.43,0.13,0.35,-0.1,0.8115942028985508
9037,401025264,36.0,36.0,0,0,1.97,-0.57,-0.69,0.19,-1.08,0.9,0.5072463768115942
1637,401025264,65.0,65.0,0,0,1.02,-0.06,-1.1,-0.21,-1.37,-0.35,0.927536231884058
6931,401025264,66.0,66.0,0,0,-0.72,-0.22,-0.14,0.48,0.12,-0.6,0.9420289855072463
2571,401025264,45.0,45.0,0,0,0.25,0.37,0.22,-0.43,0.15,0.4,0.6376811594202898
3688,401025264,11.0,11.0,0,1,0.49,0.64,-0.06,0.83,1.41,1.9,0.14492753623188406
3792,401025264,8.0,8.0,1,0,1.04,-0.44,0.88,0.66,1.11,2.15,0.10144927536231885
9568,401025264,57.0,57.0,0,0,0.42,-0.27,0.79,-1.04,-0.52,-0.1,0.8115942028985508
5692,401025264,24.0,24.0,0,1,0.54,-0.29,1.46,-0.3,0.86,1.4,0.3333333333333333
6825,401025264,24.0,24.0,0,1,1.05,-0.06,0.34,0.07,0.35,1.4,0.3333333333333333
1750,401025264,8.0,8.0,1,0,0.17,0.41,0.9,0.67,1.98,2.15,0.10144927536231885
801,401025264,70.0,70.0,0,0,0.8,0.46,1.32,-3.43,-1.65,-0.85,1.0
1935,401025264,57.0,57.0,0,0,0.55,0.0,0.24,-0.89,-0.65,-0.1,0.8115942028985508
4321,401025264,11.0,11.0,0,1,1.01,-0.18,0.26,0.81,0.89,1.9,0.14492753623188406
6783,401025264,53.0,53.0,0,0,0.93,-0.27,-0.5,-0.02,-0.78,0.15,0.7536231884057971
809,401025264,6.0,6.0,1,0,-0.03,0.16,0.93,1.35,2.43,2.4,0.07246376811594203
377,401025264,57.0,57.0,0,0,-0.92,0.04,0.02,0.76,0.82,-0.1,0.8115942028985508
9804,401025264,53.0,53.0,0,0,0.26,0.12,-0.93,0.7,-0.11,0.15,0.7536231884057971
4015,401025264,45.0,45.0,0,0,1.46,0.11,-1.6,0.43,-1.06,0.4,0.6376811594202898
4591,401025264,57.0,57.0,0,0,1.22,-0.33,-0.73,-0.26,-1.32,-0.1,0.8115942028985508
158,401025264,24.0,24.0,0,1,0.4,0.13,0.26,0.6,1.0,1.4,0.3333333333333333
6937,401025264,70.0,70.0,0,0,-1.75,0.29,-0.36,0.97,0.9,-0.85,1.0
4449,401025264,53.0,53.0,0,0,-0.65,-0.1,1.42,-0.52,0.8,0.15,0.7536231884057971
1037,401025264,45.0,45.0,0,0,0.16,-0.31,0.67,-0.12,0.24,0.4,0.6376811594202898
7001,401025264,45.0,45.0,0,0,-0.64,0.29,0.74,0.02,1.04,0.4,0.6376811594202898
1613,401025264,45.0,45.0,0,0,0.36,0.05,-0.09,0.08,0.04,0.4,0.6376811594202898
4643,401025264,24.0,24.0,0,1,-0.02,-0.07,0.96,0.53,1.42,1.4,0.3333333333333333
6086,401025264,20.0,20.0,0,1,0.75,0.06,0.33,0.52,0.9,1.65,0.2753623188405797
9626,401025264,36.0,36.0,0,0,-0.21,0.7,-0.09,0.49,1.11,0.9,0.5072463768115942
3532,401025264,57.0,57.0,0,0,0.58,0.56,-0.35,-0.9,-0.68,-0.1,0.8115942028985508
1614,401025264,2.0,2.0,1,0,0.95,0.27,0.84,0.84,1.95,2.9,0.014492753623188406
4479,401025264,70.0,70.0,0,0,-0.35,-0.83,0.52,-0.19,-0.5,-0.85,1.0
512,401025265,56.0,56.0,0,0,0.35,0.5,-0.44,-0.51,-0.45,-0.11,0.7142857142857143
9517,401025265,60.0,60.0,0,0,0.53,-0.29,-0.03,-0.56,-0.88,-0.36,0.7662337662337663
5548,401025265,11.0,11.0,0,1,2.02,0.84,-0.96,0.0,-0.13,1.89,0.12987012987012986
4989,401025265,71.0,71.0,0,0,-0.33,0.19,-0.62,-0.1,-0.53,-0.86,0.9090909090909091
4682,401025265,76.0,76.0,0,0,-0.81,-0.1,-0.53,-0.17,-0.79,-1.61,0.974025974025974
5502,401025265,78.0,78.0,0,0,0.12,-0.47,-0.33,-1.42,-2.23,-2.11,1.0
388,401025265,5.0,5.0,1,0,2.12,-0.94,0.9,0.31,0.28,2.39,0.05194805194805195
10577,401025265,5.0,5.0,1,0,0.94,0.31,0.33,0.81,1.46,2.39,0.05194805194805195
5285,401025265,40.0,40.0,0,0,-1.75,0.93,0.51,0.7,2.14,0.39,0.5064935064935064
1626,401025265,11.0,11.0,0,1,1.46,-0.56,1.26,-0.26,0.43,1.89,0.12987012987012986
10046,401025265,1.0,1.0,1,0,1.74,0.36,1.04,0.75,2.15,3.89,0.0
159,401025265,70.0,70.0,0,0,0.83,0.44,-1.33,-0.54,-1.43,-0.61,0.8961038961038961
7161,401025265,60.0,60.0,0,0,-0.25,1.26,-1.07,-0.31,-0.11,-0.36,0.7662337662337663
1225,401025265,48.0,48.0,0,0,-0.56,0.11,0.61,-0.01,0.71,0.14,0.6103896103896104
1651,401025265,3.0,3.0,1,0,0.52,0.88,0.84,0.4,2.13,2.64,0.025974025974025976
6011,401025265,60.0,60.0,0,0,-0.02,0.08,0.09,-0.51,-0.34,-0.36,0.7662337662337663
6798,401025265,8.0,8.0,1,0,-0.37,0.48,0.93,1.11,2.52,2.14,0.09090909090909091
3599,401025265,25.0,25.0,0,1,1.55,-0.47,1.03,-0.97,-0.41,1.14,0.3116883116883117
780,401025265,34.0,34.0,0,0,-0.54,0.47,-0.2,0.91,1.18,0.64,0.42857142857142855
5704,401025265,56.0,56.0,0,0,-1.15,0.39,-0.15,0.81,1.04,-0.11,0.7142857142857143
205,401025265,20.0,20.0,0,1,0.23,-0.01,0.82,0.35,1.17,1.39,0.24675324675324675
3449,401025265,78.0,78.0,0,0,-0.52,0.1,-1.35,-0.34,-1.59,-2.11,1.0
6017,401025265,60.0,60.0,0,0,-0.29,-0.22,-0.01,0.17,-0.06,-0.36,0.7662337662337663
769,401025265,20.0,20.0,0,1,0.56,-0.06,0.96,-0.07,0.83,1.39,0.24675324675324675
9131,401025265,3.0,3.0,1,0,1.4,-0.17,1.41,0.0,1.24,2.64,0.025974025974025976
9025,401025265,15.0,15.0,0,1,1.81,-0.3,0.18,-0.05,-0.17,1.64,0.18181818181818182
3448,401025265,11.0,11.0,0,1,1.08,-0.42,1.3,-0.06,0.82,1.89,0.12987012987012986
3950,401025265,34.0,34.0,0,0,0.17,0.02,0.12,0.33,0.48,0.64,0.42857142857142855
5882,401025265,48.0,48.0,0,0,-0.03,-0.46,0.27,0.35,0.17,0.14,0.6103896103896104
3550,401025265,48.0,48.0,0,0,-0.54,-0.37,0.4,0.65,0.68,0.14,0.6103896103896104
5860,401025265,15.0,15.0,0,1,0.2,-0.64,1.9,0.19,1.45,1.64,0.18181818181818182
6991,401025265,40.0,40.0,0,0,0.07,0.45,-0.57,0.44,0.32,0.39,0.5064935064935064
619,401025265,48.0,48.0,0,0,0.34,-0.04,0.3,-0.46,-0.19,0.14,0.6103896103896104
1680,401025265,20.0,20.0,0,1,0.88,0.75,-0.37,0.13,0.51,1.39,0.24675324675324675
3317,401025265,40.0,40.0,0,0,-0.36,0.16,0.18,0.41,0.75,0.39,0.5064935064935064
1676,401025265,34.0,34.0,0,0,1.46,0.58,-0.72,-0.69,-0.82,0.64,0.42857142857142855
2883,401025265,40.0,40.0,0,0,0.39,0.58,-0.05,-0.54,0.0,0.39,0.5064935064935064
10166,401025265,60.0,60.0,0,0,1.17,-0.17,-0.94,-0.42,-1.52,-0.36,0.7662337662337663
5467,401025265,25.0,25.0,0,1,0.59,0.03,1.13,-0.61,0.55,1.14,0.3116883116883117
4848,401025265,8.0,8.0,1,0,0.24,0.8,0.89,0.21,1.9,2.14,0.09090909090909091
1030,401025265,15.0,15.0,0,1,1.08,-0.15,0.05,0.67,0.56,1.64,0.18181818181818182
446,401025265,71.0,71.0,0,0,-0.61,-0.61,0.26,0.1,-0.25,-0.86,0.9090909090909091
4513,401025265,34.0,34.0,0,0,-0.16,-0.41,1.47,-0.26,0.8,0.64,0.42857142857142855
2552,401025265,73.0,73.0,0,0,-0.27,-0.9,-0.31,0.37,-0.84,-1.11,0.935064935064935
318,401025265,15.0,15.0,0,1,2.0,0.05,0.03,-0.43,-0.35,1.64,0.18181818181818182
1778,401025265,28.0,28.0,0,1,-0.55,0.75,0.63,0.07,1.45,0.89,0.35064935064935066
1077,401025265,40.0,40.0,0,0,-0.03,0.43,-0.6,0.6,0.43,0.39,0.5064935064935064
3793,401025265,56.0,56.0,0,0,0.32,-0.57,-0.01,0.16,-0.43,-0.11,0.7142857142857143
1059,401025265,48.0,48.0,0,0,-0.66,0.25,-0.23,0.78,0.8,0.14,0.6103896103896104
1293,401025265,28.0,28.0,0,1,0.67,0.1,-0.58,0.7,0.22,0.89,0.35064935064935066
257,401025265,60.0,60.0,0,0,0.67,0.35,-0.51,-0.87,-1.03,-0.36,0.7662337662337663
2571,401025265,73.0,73.0,0,0,0.05,-0.33,-0.11,-0.72,-1.16,-1.11,0.935064935064935
3351,401025265,34.0,34.0,0,0,0.6,-0.26,0.31,0.0,0.04,0.64,0.42857142857142855
1042,401025265,11.0,11.0,0,1,1.11,-0.56,1.16,0.18,0.78,1.89,0.12987012987012986
6007,401025265,8.0,8.0,1,0,-0.14,0.53,0.96,0.8,2.28,2.14,0.09090909090909091
72,401025265,60.0,60.0,0,0,-0.16,-0.81,0.26,0.36,-0.2,-0.36,0.7662337662337663
3980,401025265,60.0,60.0,0,0,-0.21,-0.29,1.36,-1.22,-0.15,-0.36,0.7662337662337663
308,401025265,15.0,15.0,0,1,0.39,0.65,0.64,-0.03,1.25,1.64,0.18181818181818182
707,401025265,40.0,40.0,0,0,0.81,0.68,-0.59,-0.51,-0.42,0.39,0.5064935064935064
5579,401025265,25.0,25.0,0,1,-0.51,1.1,-0.24,0.79,1.66,1.14,0.3116883116883117
1674,401025265,48.0,48.0,0,0,-0.45,0.64,0.09,-0.14,0.59,0.14,0.6103896103896104
1750,401025265,78.0,78.0,0,0,-0.9,-0.43,-0.15,-0.62,-1.21,-2.11,1.0
4321,401025265,60.0,60.0,0,0,0.16,-0.6,0.23,-0.14,-0.52,-0.36,0.7662337662337663
962,401025265,5.0,5.0,1,0,-0.13,0.91,1.27,0.34,2.53,2.39,0.05194805194805195
4449,401025265,75.0,75.0,0,0,0.65,-0.27,-0.96,-0.77,-2.01,-1.36,0.961038961038961
7081,401025265,76.0,76.0,0,0,-1.23,-0.34,0.31,-0.35,-0.38,-1.61,0.974025974025974
1359,401025265,28.0,28.0,0,1,0.29,-0.33,0.54,0.39,0.6,0.89,0.35064935064935066
1037,401025265,48.0,48.0,0,0,-0.83,0.6,-0.12,0.49,0.97,0.14,0.6103896103896104
6001,401025265,34.0,34.0,0,0,0.23,0.68,-0.15,-0.12,0.41,0.64,0.42857142857142855
7001,401025265,28.0,28.0,0,1,0.2,0.4,0.76,-0.47,0.69,0.89,0.35064935064935066
1613,401025265,60.0,60.0,0,0,-0.01,-0.01,-0.74,0.41,-0.35,-0.36,0.7662337662337663
3378,401025265,28.0,28.0,0,1,0.26,0.46,0.43,-0.26,0.63,0.89,0.35064935064935066
2230,401025265,2.0,2.0,1,0,-0.25,1.95,0.13,1.06,3.14,2.89,0.012987012987012988
5539,401025265,20.0,20.0,0,1,0.09,0.9,0.31,0.08,1.3,1.39,0.24675324675324675
5553,401025265,20.0,20.0,0,1,-0.53,0.15,1.36,0.41,1.93,1.39,0.24675324675324675
9626,401025265,56.0,56.0,0,0,0.28,-1.05,-0.12,0.79,-0.38,-0.11,0.7142857142857143
462,401025265,40.0,40.0,0,0,-1.23,-0.25,1.42,0.46,1.62,0.39,0.5064935064935064
7082,401025265,48.0,48.0,0,0,0.27,0.04,0.68,-0.85,-0.13,0.14,0.6103896103896104
1614,401025265,28.0,28.0,0,1,0.99,0.54,-0.74,0.11,-0.09,0.89,0.35064935064935066
686,401025265,40.0,40.0,0,0,0.68,0.02,-0.12,-0.19,-0.29,0.39,0.5064935064935064
9469,401025261,48.0,48.0,0,0,-0.96,-0.19,1.82,-1.27,0.37,-0.59,0.7014925373134329
9517,401025261,53.0,53.0,0,0,0.12,0.51,-0.31,-1.16,-0.97,-0.85,0.7761194029850746
4989,401025261,6.0,6.0,1,0,0.65,0.52,0.44,0.29,1.26,1.9,0.07462686567164178
4682,401025261,57.0,57.0,0,0,0.03,-0.83,-0.29,-0.01,-1.12,-1.09,0.835820895522388
3832,401025261,31.0,31.0,0,0,1.84,-0.03,-1.41,-0.49,-1.93,-0.1,0.44776119402985076
388,401025261,57.0,57.0,0,0,0.01,-0.48,-0.05,-0.58,-1.1,-1.09,0.835820895522388
10577,401025261,6.0,6.0,1,0,1.18,-0.18,0.54,0.36,0.73,1.9,0.07462686567164178
5285,401025261,57.0,57.0,0,0,-2.3,0.94,0.37,-0.11,1.21,-1.09,0.835820895522388
10046,401025261,30.0,30.0,0,1,-0.63,0.84,-0.22,0.17,0.79,0.16,0.43283582089552236
4383,401025261,63.0,63.0,0,0,-1.02,-0.85,0.65,-0.62,-0.82,-1.84,0.9253731343283582
1225,401025261,62.0,62.0,0,0,0.31,-0.61,-0.72,-0.57,-1.9,-1.59,0.9104477611940298
6798,401025261,5.0,5.0,1,0,-0.52,-0.06,1.48,1.26,2.68,2.15,0.05970149253731343
3596,401025261,60.0,60.0,0,0,-1.1,-0.29,-0.07,0.11,-0.25,-1.34,0.8805970149253731
6280,401025261,53.0,53.0,0,0,-0.35,0.01,-0.37,-0.13,-0.5,-0.84,0.7761194029850746
780,401025261,31.0,31.0,0,0,-0.11,-0.02,-0.63,0.67,0.02,-0.1,0.44776119402985076
205,401025261,53.0,53.0,0,0,0.69,-0.71,-0.87,0.05,-1.53,-0.85,0.7761194029850746
1097,401025261,31.0,31.0,0,0,0.63,-0.6,-0.18,0.05,-0.72,-0.09,0.44776119402985076
9131,401025261,23.0,23.0,0,1,1.09,-0.23,0.05,-0.01,-0.19,0.9,0.3283582089552239
9025,401025261,48.0,48.0,0,0,-0.65,-0.68,0.27,0.46,0.05,-0.6,0.7014925373134329
3448,401025261,3.0,3.0,1,0,0.7,0.21,0.37,1.14,1.71,2.41,0.029850746268656716
5882,401025261,66.0,66.0,0,0,0.91,-1.07,-1.97,0.04,-3.0,-2.1,0.9701492537313433
1483,401025261,39.0,39.0,0,0,-0.33,-0.62,0.62,-0.01,-0.01,-0.34,0.5671641791044776
3550,401025261,17.0,17.0,0,1,-0.56,-0.38,0.6,1.49,1.71,1.16,0.23880597014925373
5934,401025261,39.0,39.0,0,0,0.94,-0.7,0.07,-0.65,-1.29,-0.35,0.5671641791044776
5860,401025261,39.0,39.0,0,0,-0.74,0.4,0.4,-0.41,0.39,-0.34,0.5671641791044776
576,401025261,39.0,39.0,0,0,-1.54,0.09,0.19,0.91,1.2,-0.34,0.5671641791044776
619,401025261,10.0,10.0,1,0,1.11,-0.17,0.71,0.0,0.55,1.65,0.13432835820895522
1680,401025261,10.0,10.0,1,0,0.35,0.23,1.18,-0.1,1.31,1.66,0.13432835820895522
2883,401025261,48.0,48.0,0,0,0.11,-0.33,0.3,-0.68,-0.71,-0.59,0.7014925373134329
9780,401025261,17.0,17.0,0,1,-1.43,1.06,1.04,0.49,2.59,1.16,0.23880597014925373
5467,401025261,60.0,60.0,0,0,0.66,-0.27,-0.97,-0.76,-2.01,-1.34,0.8805970149253731
4848,401025261,1.0,1.0,1,0,1.17,0.44,1.91,0.13,2.48,3.66,0.0
1030,401025261,53.0,53.0,0,0,-0.62,1.16,-1.56,0.18,-0.22,-0.84,0.7761194029850746
5771,401025261,31.0,31.0,0,0,-0.28,0.09,-0.09,0.19,0.18,-0.09,0.44776119402985076
3857,401025261,39.0,39.0,0,0,-2.02,-0.06,1.53,0.2,1.67,-0.34,0.5671641791044776
2552,401025261,39.0,39.0,0,0,0.97,0.33,-1.07,-0.58,-1.32,-0.34,0.5671641791044776
318,401025261,31.0,31.0,0,0,0.09,0.05,0.1,-0.34,-0.18,-0.09,0.44776119402985076
1778,401025261,2.0,2.0,1,0,0.12,0.81,0.79,0.94,2.54,2.65,0.014925373134328358
1059,401025261,24.0,24.0,0,1,-0.47,0.39,-0.68,1.41,1.12,0.65,0.34328358208955223
1293,401025261,24.0,24.0,0,1,0.28,0.8,-0.83,0.42,0.38,0.66,0.34328358208955223
9037,401025261,48.0,48.0,0,0,-0.61,-0.39,0.27,0.14,0.02,-0.59,0.7014925373134329
257,401025261,14.0,14.0,0,1,0.17,0.47,0.96,-0.2,1.23,1.41,0.19402985074626866
3351,401025261,14.0,14.0,0,1,-0.56,1.42,-0.06,0.6,1.96,1.4,0.19402985074626866
6007,401025261,6.0,6.0,1,0,1.02,-0.34,-0.03,1.25,0.88,1.9,0.07462686567164178
72,401025261,31.0,31.0,0,0,0.12,-0.57,0.51,-0.15,-0.21,-0.1,0.44776119402985076
3980,401025261,31.0,31.0,0,0,-0.29,0.7,-0.43,-0.08,0.19,-0.1,0.44776119402985076
308,401025261,24.0,24.0,0,1,-0.12,-0.21,1.02,-0.03,0.78,0.66,0.34328358208955223
707,401025261,63.0,63.0,0,0,0.39,-0.3,-1.71,-0.23,-2.23,-1.85,0.9253731343283582
5579,401025261,28.0,28.0,0,1,0.84,-0.38,-0.1,0.04,-0.44,0.4,0.40298507462686567
4321,401025261,17.0,17.0,0,1,-0.58,0.28,0.65,0.81,1.73,1.16,0.23880597014925373
3702,401025261,17.0,17.0,0,1,0.94,-0.63,1.06,-0.21,0.22,1.15,0.23880597014925373
4483,401025261,48.0,48.0,0,0,0.81,0.24,-1.13,-0.51,-1.4,-0.6,0.7014925373134329
3470,401025261,6.0,6.0,1,0,1.07,0.6,-0.7,0.94,0.84,1.9,0.07462686567164178
158,401025261,39.0,39.0,0,0,0.49,0.49,-0.06,-1.26,-0.83,-0.34,0.5671641791044776
7081,401025261,10.0,10.0,1,0,1.61,0.3,0.3,-0.55,0.05,1.65,0.13432835820895522
9076,401025261,63.0,63.0,0,0,-1.91,-0.65,0.29,0.43,0.07,-1.84,0.9253731343283582
2230,401025261,10.0,10.0,1,0,0.34,-0.1,1.15,0.26,1.31,1.66,0.13432835820895522
5539,401025261,14.0,14.0,0,1,0.61,-0.57,0.54,0.83,0.79,1.4,0.19402985074626866
5553,401025261,28.0,28.0,0,1,0.5,0.03,-0.39,0.26,-0.1,0.4,0.40298507462686567
5140,401025261,3.0,3.0,1,0,0.98,0.17,1.04,0.21,1.42,2.4,0.029850746268656716
462,401025261,31.0,31.0,0,0,0.69,-0.23,-0.16,-0.4,-0.79,-0.09,0.44776119402985076
1614,401025261,24.0,24.0,0,1,0.59,-0.16,0.87,-0.65,0.07,0.65,0.34328358208955223
10140,401025261,68.0,68.0,0,0,-1.21,0.14,-1.34,-0.69,-1.89,-3.09,1.0
686,401025261,17.0,17.0,0,1,0.37,1.46,0.49,-1.16,0.78,1.15,0.23880597014925373
9261,401025260,5.0,5.0,1,0,-0.04,0.06,1.64,0.96,2.66,2.61,0.05194805194805195
16,401025260,65.0,65.0,0,0,-0.12,0.36,-0.31,-0.07,-0.02,-0.14,0.8311688311688312
512,401025260,65.0,65.0,0,0,-0.58,0.09,0.46,-0.11,0.44,-0.14,0.8311688311688312
5502,401025260,8.0,8.0,1,0,0.96,-0.18,0.44,0.9,1.16,2.11,0.09090909090909091
10372,401025260,22.0,22.0,0,1,0.65,-0.22,1.19,-0.25,0.71,1.36,0.2727272727272727
5285,401025260,2.0,2.0,1,0,0.89,0.17,1.17,1.12,2.47,3.36,0.012987012987012988
8910,401025260,71.0,71.0,0,0,0.81,-1.06,-0.43,0.04,-1.45,-0.64,0.9090909090909091
1222,401025260,8.0,8.0,1,0,0.64,0.19,1.18,0.1,1.47,2.11,0.09090909090909091
3599,401025260,37.0,37.0,0,0,0.04,0.89,0.47,-0.53,0.82,0.86,0.4675324675324675
68,401025260,37.0,37.0,0,0,-0.14,0.38,0.97,-0.36,1.0,0.86,0.4675324675324675
205,401025260,29.0,29.0,0,1,0.45,-0.62,1.0,0.28,0.66,1.11,0.36363636363636365
3449,401025260,76.0,76.0,0,0,-1.43,0.57,0.32,-0.35,0.54,-0.89,0.974025974025974
1121,401025260,69.0,69.0,0,0,-0.26,-0.43,-0.15,0.46,-0.12,-0.39,0.8831168831168831
1352,401025260,37.0,37.0,0,0,-0.85,0.91,1.28,-0.48,1.71,0.86,0.4675324675324675
8992,401025260,65.0,65.0,0,0,0.31,-0.12,0.91,-1.23,-0.44,-0.14,0.8311688311688312
928,401025260,61.0,61.0,0,0,0.68,-0.22,-0.4,0.05,-0.57,0.11,0.7792207792207793
3448,401025260,1.0,1.0,1,0,0.56,0.22,1.45,1.88,3.56,4.11,0.0
3950,401025260,6.0,6.0,1,0,1.35,0.24,0.37,0.4,1.01,2.36,0.06493506493506493
5574,401025260,50.0,50.0,0,0,0.54,0.43,0.3,-0.9,-0.18,0.36,0.6363636363636364
301,401025260,17.0,17.0,0,1,0.94,-0.01,0.79,-0.11,0.67,1.61,0.2077922077922078
3550,401025260,22.0,22.0,0,1,-0.95,0.84,1.09,0.39,2.32,1.36,0.2727272727272727
5504,401025260,12.0,12.0,0,1,1.24,0.1,-0.29,0.81,0.62,1.86,0.14285714285714285
6991,401025260,17.0,17.0,0,1,0.46,-0.04,0.88,0.31,1.15,1.61,0.2077922077922078
619,401025260,12.0,12.0,0,1,-0.3,0.77,0.61,0.78,2.16,1.86,0.14285714285714285
6196,401025260,8.0,8.0,1,0,0.67,0.15,0.94,0.36,1.44,2.11,0.09090909090909091
153,401025260,45.0,45.0,0,0,0.32,0.73,-0.07,-0.37,0.29,0.61,0.5714285714285714
5025,401025260,50.0,50.0,0,0,-0.75,-0.06,0.05,1.13,1.11,0.36,0.6363636363636364
1067,401025260,61.0,61.0,0,0,0.06,-0.46,0.41,0.11,0.06,0.11,0.7792207792207793
5797,401025260,50.0,50.0,0,0,0.35,0.09,0.31,-0.39,0.01,0.36,0.6363636363636364
3317,401025260,12.0,12.0,0,1,1.27,-0.49,0.89,0.19,0.59,1.86,0.14285714285714285
1676,401025260,50.0,50.0,0,0,-0.57,0.89,-1.1,1.14,0.93,0.36,0.6363636363636364
11099,401025260,37.0,37.0,0,0,-0.92,0.53,1.14,0.11,1.78,0.86,0.4675324675324675
5578,401025260,37.0,37.0,0,0,0.9,0.18,-0.46,0.24,-0.04,0.86,0.4675324675324675
1030,401025260,29.0,29.0,0,1,1.08,0.63,-1.41,0.82,0.03,1.11,0.36363636363636365
1265,401025260,29.0,29.0,0,1,0.33,0.36,0.75,-0.33,0.78,1.11,0.36363636363636365
446,401025260,29.0,29.0,0,1,1.11,-0.55,1.2,-0.64,0.0,1.11,0.36363636363636365
4513,401025260,4.0,4.0,1,0,1.3,0.85,1.04,-0.08,1.81,3.11,0.03896103896103896
6689,401025260,50.0,50.0,0,0,-0.34,-0.25,0.79,0.16,0.7,0.36,0.6363636363636364
8906,401025260,65.0,65.0,0,0,-1.45,-0.2,0.57,0.95,1.31,-0.14,0.8311688311688312
3793,401025260,17.0,17.0,0,1,0.51,0.44,-0.39,1.06,1.11,1.61,0.2077922077922078
5962,401025260,69.0,69.0,0,0,0.32,0.28,-0.4,-0.59,-0.71,-0.39,0.8831168831168831
1411,401025260,61.0,61.0,0,0,-0.45,-0.15,0.9,-0.19,0.57,0.11,0.7792207792207793
1637,401025260,50.0,50.0,0,0,0.41,0.42,0.15,-0.62,-0.05,0.36,0.6363636363636364
6931,401025260,8.0,8.0,1,0,1.06,0.0,1.06,-0.01,1.05,2.11,0.09090909090909091
4010,401025260,45.0,45.0,0,0,0.57,0.04,0.68,-0.67,0.04,0.61,0.5714285714285714
3792,401025260,71.0,71.0,0,0,-0.75,-0.05,0.23,-0.06,0.11,-0.64,0.9090909090909091
1042,401025260,29.0,29.0,0,1,0.04,-0.07,1.16,-0.02,1.08,1.11,0.36363636363636365
5692,401025260,61.0,61.0,0,0,-0.16,-0.03,-0.14,0.45,0.27,0.11,0.7792207792207793
801,401025260,17.0,17.0,0,1,1.99,1.09,-0.95,-0.51,-0.37,1.61,0.2077922077922078
1935,401025260,22.0,22.0,0,1,0.96,-0.67,0.9,0.17,0.41,1.36,0.2727272727272727
1254,401025260,22.0,22.0,0,1,0.36,-0.4,0.59,0.82,1.01,1.36,0.2727272727272727
1733,401025260,45.0,45.0,0,0,1.4,0.18,-0.4,-0.57,-0.78,0.61,0.5714285714285714
962,401025260,22.0,22.0,0,1,0.54,-0.26,0.77,0.31,0.82,1.36,0.2727272727272727
335,401025260,77.0,77.0,0,0,-0.52,0.28,-0.92,0.01,-0.62,-1.14,0.987012987012987
377,401025260,12.0,12.0,0,1,1.22,0.16,0.42,0.06,0.65,1.86,0.14285714285714285
6090,401025260,37.0,37.0,0,0,-0.54,-0.06,2.26,-0.79,1.41,0.86,0.4675324675324675
78,401025260,37.0,37.0,0,0,0.37,0.71,-0.08,-0.14,0.49,0.86,0.4675324675324675
6937,401025260,71.0,71.0,0,0,-1.47,0.84,0.04,-0.04,0.83,-0.64,0.9090909090909091
7081,401025260,29.0,29.0,0,1,0.42,0.63,0.65,-0.58,0.7,1.11,0.36363636363636365
4587,401025260,12.0,12.0,0,1,1.08,-0.35,0.6,0.54,0.78,1.86,0.14285714285714285
1359,401025260,71.0,71.0,0,0,-0.78,0.33,-0.16,-0.03,0.14,-0.64,0.9090909090909091
7001,401025260,78.0,78.0,0,0,-1.86,-0.29,-0.05,0.56,0.22,-1.64,1.0
3378,401025260,45.0,45.0,0,0,0.16,-0.21,1.96,-1.29,0.46,0.61,0.5714285714285714
4643,401025260,22.0,22.0,0,1,0.81,-0.11,0.79,-0.12,0.56,1.36,0.2727272727272727
412,401025260,50.0,50.0,0,0,-0.95,0.82,0.6,-0.12,1.31,0.36,0.6363636363636364
9569,401025260,17.0,17.0,0,1,-0.42,0.39,0.86,0.78,2.03,1.61,0.2077922077922078
2230,401025260,37.0,37.0,0,0,0.16,0.17,-0.55,1.08,0.7,0.86,0.4675324675324675
5539,401025260,6.0,6.0,1,0,0.51,0.53,0.45,0.87,1.85,2.36,0.06493506493506493
3970,401025260,50.0,50.0,0,0,0.51,-0.03,-0.36,0.24,-0.15,0.36,0.6363636363636364
7082,401025260,2.0,2.0,1,0,1.5,0.65,1.26,-0.05,1.86,3.36,0.012987012987012988
3532,401025260,29.0,29.0,0,1,0.33,0.38,0.2,0.2,0.79,1.11,0.36363636363636365
9040,401025260,50.0,50.0,0,0,-0.13,0.75,-0.01,-0.25,0.49,0.36,0.6363636363636364
1712,401025271,21.0,21.0,0,1,0.51,-0.45,1.67,-0.17,1.06,1.57,0.2777777777777778
6062,401025271,12.0,12.0,0,1,0.96,0.04,-0.04,1.1,1.1,2.07,0.1527777777777778
1049,401025271,68.0,68.0,0,0,-1.13,0.01,0.18,-0.5,-0.3,-1.43,0.9305555555555556
159,401025271,6.0,6.0,1,0,2.32,-0.02,0.9,-0.38,0.5,2.82,0.06944444444444445
1651,401025271,2.0,2.0,1,0,0.71,0.45,0.92,1.24,2.61,3.32,0.013888888888888888
8910,401025271,12.0,12.0,0,1,0.1,0.5,1.23,0.24,1.96,2.07,0.1527777777777778
3599,401025271,21.0,21.0,0,1,1.13,-0.32,1.07,-0.31,0.44,1.57,0.2777777777777778
3449,401025271,40.0,40.0,0,0,-0.95,-0.28,1.94,0.11,1.77,0.82,0.5416666666666666
1121,401025271,7.0,7.0,1,0,0.52,0.09,1.4,0.56,2.05,2.57,0.08333333333333333
3950,401025271,21.0,21.0,0,1,0.85,0.57,-0.62,0.77,0.72,1.57,0.2777777777777778
5574,401025271,15.0,15.0,0,1,0.6,0.05,1.14,0.03,1.22,1.82,0.19444444444444445
278,401025271,44.0,44.0,0,0,0.54,-0.02,0.09,-0.05,0.02,0.57,0.5972222222222222
1196,401025271,40.0,40.0,0,0,0.0,0.35,0.74,-0.26,0.82,0.82,0.5416666666666666
3452,401025271,53.0,53.0,0,0,1.64,0.18,-1.24,-0.51,-1.57,0.07,0.7222222222222222
431,401025271,34.0,34.0,0,0,-0.61,0.3,0.72,0.65,1.68,1.07,0.4583333333333333
3375,401025271,15.0,15.0,0,1,0.46,0.15,1.1,0.11,1.36,1.82,0.19444444444444445
957,401025271,7.0,7.0,1,0,0.1,-0.19,1.66,1.0,2.46,2.57,0.08333333333333333
1173,401025271,73.0,73.0,0,0,-1.19,0.38,-1.06,-0.57,-1.25,-2.43,1.0
508,401025271,21.0,21.0,0,1,0.38,0.31,0.76,0.12,1.19,1.57,0.2777777777777778
6196,401025271,15.0,15.0,0,1,-0.99,-0.05,1.82,1.03,2.8,1.82,0.19444444444444445
196,401025271,15.0,15.0,0,1,-0.18,-0.11,1.12,0.99,2.0,1.82,0.19444444444444445
10505,401025271,5.0,5.0,1,0,1.44,-0.61,0.99,1.24,1.62,3.07,0.05555555555555555
5578,401025271,53.0,53.0,0,0,-0.3,0.35,0.03,-0.01,0.37,0.07,0.7222222222222222
1568,401025271,40.0,40.0,0,0,-0.42,-0.09,0.29,1.04,1.24,0.82,0.5416666666666666
1265,401025271,31.0,31.0,0,0,0.01,0.25,0.93,0.13,1.31,1.32,0.4166666666666667
5962,401025271,49.0,49.0,0,0,-0.3,-0.16,0.04,0.74,0.62,0.32,0.6666666666666666
6931,401025271,60.0,60.0,0,0,-1.83,-0.2,1.38,-0.04,1.14,-0.68,0.8194444444444444
4010,401025271,53.0,53.0,0,0,1.33,-0.16,-0.79,-0.31,-1.26,0.07,0.7222222222222222
3688,401025271,40.0,40.0,0,0,0.0,0.69,-0.15,0.27,0.81,0.82,0.5416666666666666
6999,401025271,70.0,70.0,0,0,0.71,-0.18,-2.14,-0.32,-2.64,-1.93,0.9583333333333334
3792,401025271,21.0,21.0,0,1,-0.27,0.63,0.6,0.6,1.83,1.57,0.2777777777777778
5692,401025271,21.0,21.0,0,1,1.22,0.07,-0.07,0.34,0.35,1.57,0.2777777777777778
1259,401025271,56.0,56.0,0,0,1.14,0.93,-1.94,-0.3,-1.32,-0.18,0.7638888888888888
801,401025271,49.0,49.0,0,0,0.04,-0.1,0.46,-0.09,0.27,0.32,0.6666666666666666
1254,401025271,66.0,66.0,0,0,-0.37,-0.11,-1.46,0.76,-0.82,-1.18,0.9027777777777778
1733,401025271,44.0,44.0,0,0,-0.02,0.48,0.91,-0.81,0.58,0.57,0.5972222222222222
5619,401025271,10.0,10.0,1,0,0.15,0.08,1.9,0.19,2.17,2.32,0.125
9804,401025271,2.0,2.0,1,0,0.81,0.26,2.02,0.22,2.51,3.32,0.013888888888888888
4591,401025271,21.0,21.0,0,1,0.86,-0.25,0.51,0.45,0.71,1.57,0.2777777777777778
6937,401025271,21.0,21.0,0,1,0.51,0.25,0.25,0.55,1.06,1.57,0.2777777777777778
307,401025271,70.0,70.0,0,0,-0.6,-0.5,-0.6,-0.23,-1.33,-1.93,0.9583333333333334
10404,401025271,34.0,34.0,0,0,-0.31,0.3,0.32,0.76,1.38,1.07,0.4583333333333333
6001,401025271,34.0,34.0,0,0,0.53,-0.83,0.29,1.07,0.54,1.07,0.4583333333333333
7001,401025271,7.0,7.0,1,0,0.04,0.42,1.43,0.69,2.53,2.57,0.08333333333333333
4643,401025271,34.0,34.0,0,0,0.48,0.43,-0.86,1.02,0.59,1.07,0.4583333333333333
9569,401025271,49.0,49.0,0,0,-0.1,-0.21,0.5,0.12,0.41,0.32,0.6666666666666666
10586,401025271,2.0,2.0,1,0,0.44,1.08,0.67,1.13,2.88,3.32,0.013888888888888888
3970,401025271,1.0,1.0,1,0,-0.11,0.16,2.55,0.97,3.67,3.57,0.0
7082,401025271,66.0,66.0,0,0,-0.42,-0.48,-0.07,-0.21,-0.76,-1.18,0.9027777777777778
3532,401025271,12.0,12.0,0,1,0.76,0.62,0.62,0.06,1.3,2.07,0.1527777777777778
4479,401025271,31.0,31.0,0,0,0.8,-0.59,-0.08,1.19,0.52,1.32,0.4166666666666667
9040,401025271,15.0,15.0,0,1,0.83,0.06,0.89,0.04,0.99,1.82,0.19444444444444445
824,401025258,65.0,65.0,0,0,0.85,0.56,-0.14,-2.08,-1.67,-0.81,0.9142857142857143
9517,401025258,34.0,34.0,0,0,-0.62,0.62,1.1,-0.16,1.55,0.94,0.4714285714285714
4682,401025258,55.0,55.0,0,0,0.15,0.11,-0.82,0.75,0.04,0.19,0.7714285714285715
1712,401025258,7.0,7.0,1,0,2.87,-0.14,-0.63,0.09,-0.69,2.19,0.08571428571428572
6062,401025258,43.0,43.0,0,0,0.0,-0.05,0.91,-0.18,0.68,0.69,0.6
1626,401025258,2.0,2.0,1,0,0.86,-0.09,1.58,0.59,2.08,2.94,0.014285714285714285
8910,401025258,65.0,65.0,0,0,0.29,0.16,-1.82,0.56,-1.1,-0.81,0.9142857142857143
1673,401025258,65.0,65.0,0,0,0.15,-0.89,-0.22,0.15,-0.96,-0.81,0.9142857142857143
68,401025258,7.0,7.0,1,0,1.77,-0.32,1.24,-0.51,0.41,2.19,0.08571428571428572
9126,401025258,50.0,50.0,0,0,0.28,-0.19,-0.28,0.62,0.16,0.44,0.7
8971,401025258,34.0,34.0,0,0,0.52,0.32,-0.59,0.67,0.41,0.94,0.4714285714285714
3449,401025258,23.0,23.0,0,1,0.07,0.15,1.8,-0.58,1.36,1.44,0.3142857142857143
6017,401025258,34.0,34.0,0,0,-0.18,0.04,1.2,-0.13,1.11,0.94,0.4714285714285714
1352,401025258,30.0,30.0,0,1,0.47,-0.21,0.36,0.56,0.71,1.19,0.4142857142857143
8992,401025258,23.0,23.0,0,1,-0.04,0.8,0.68,-0.01,1.47,1.44,0.3142857142857143
3577,401025258,23.0,23.0,0,1,0.91,0.12,1.07,-0.66,0.53,1.44,0.3142857142857143
928,401025258,16.0,16.0,0,1,1.23,0.08,0.9,-0.52,0.45,1.69,0.21428571428571427
10054,401025258,34.0,34.0,0,0,0.82,0.05,-0.32,0.38,0.11,0.94,0.4714285714285714
3375,401025258,23.0,23.0,0,1,0.23,-0.12,1.45,-0.12,1.21,1.44,0.3142857142857143
1483,401025258,2.0,2.0,1,0,0.5,0.44,1.1,0.9,2.44,2.94,0.014285714285714285
957,401025258,34.0,34.0,0,0,-0.23,0.43,0.31,0.44,1.17,0.94,0.4714285714285714
5504,401025258,50.0,50.0,0,0,-0.1,-0.24,0.34,0.43,0.53,0.44,0.7
6991,401025258,6.0,6.0,1,0,0.23,0.55,1.01,0.89,2.45,2.69,0.07142857142857142
1173,401025258,30.0,30.0,0,1,0.49,0.26,1.41,-0.97,0.7,1.19,0.4142857142857143
6196,401025258,2.0,2.0,1,0,0.62,0.71,0.7,0.9,2.32,2.94,0.014285714285714285
196,401025258,34.0,34.0,0,0,-0.86,0.16,1.39,0.24,1.8,0.94,0.4714285714285714
5797,401025258,7.0,7.0,1,0,0.06,0.81,1.33,-0.02,2.12,2.19,0.08571428571428572
1422,401025258,23.0,23.0,0,1,1.24,0.09,0.24,-0.13,0.19,1.44,0.3142857142857143
11099,401025258,23.0,23.0,0,1,-0.89,0.03,1.27,1.02,2.33,1.44,0.3142857142857143
10505,401025258,65.0,65.0,0,0,-0.27,-0.05,-0.71,0.21,-0.55,-0.81,0.9142857142857143
710,401025258,34.0,34.0,0,0,0.97,-0.42,-0.11,0.5,-0.03,0.94,0.4714285714285714
1265,401025258,16.0,16.0,0,1,1.54,-0.28,0.26,0.16,0.15,1.69,0.21428571428571427
1933,401025258,71.0,71.0,0,0,-0.06,-0.23,-1.02,0.01,-1.25,-1.31,1.0
6689,401025258,63.0,63.0,0,0,-0.95,1.01,-0.4,0.02,0.63,-0.31,0.8857142857142857
8906,401025258,7.0,7.0,1,0,-0.19,0.27,0.77,1.33,2.37,2.19,0.08571428571428572
1077,401025258,7.0,7.0,1,0,0.11,1.19,0.33,0.55,2.07,2.19,0.08571428571428572
3793,401025258,50.0,50.0,0,0,0.32,-0.59,0.02,0.69,0.12,0.44,0.7
5962,401025258,60.0,60.0,0,0,-0.09,-0.04,-0.74,0.8,0.02,-0.06,0.8428571428571429
6931,401025258,16.0,16.0,0,1,0.72,-0.49,1.44,0.01,0.97,1.69,0.21428571428571427
1367,401025258,12.0,12.0,0,1,0.58,0.72,-0.24,0.87,1.35,1.94,0.15714285714285714
8974,401025258,1.0,1.0,1,0,3.38,-0.07,1.32,0.31,1.56,4.94,0.0
479,401025258,63.0,63.0,0,0,1.13,0.43,-1.03,-0.85,-1.44,-0.31,0.8857142857142857
6999,401025258,69.0,69.0,0,0,-0.62,-0.04,-0.1,-0.31,-0.44,-1.06,0.9714285714285714
3792,401025258,34.0,34.0,0,0,0.73,0.03,0.01,0.17,0.2,0.94,0.4714285714285714
1042,401025258,60.0,60.0,0,0,-0.04,0.1,-0.64,0.51,-0.03,-0.06,0.8428571428571429
3980,401025258,30.0,30.0,0,1,0.57,-0.57,0.61,0.57,0.61,1.19,0.4142857142857143
1259,401025258,16.0,16.0,0,1,2.26,0.2,-0.3,-0.47,-0.58,1.69,0.21428571428571427
6825,401025258,43.0,43.0,0,0,0.33,-0.2,-0.22,0.77,0.36,0.69,0.6
801,401025258,43.0,43.0,0,0,0.28,-0.2,1.01,-0.4,0.41,0.69,0.6
1935,401025258,55.0,55.0,0,0,-0.42,0.0,0.96,-0.36,0.6,0.19,0.7714285714285715
1254,401025258,30.0,30.0,0,1,-0.45,-0.13,0.74,1.02,1.63,1.19,0.4142857142857143
809,401025258,55.0,55.0,0,0,0.58,-0.45,0.16,-0.1,-0.39,0.19,0.7714285714285715
9804,401025258,23.0,23.0,0,1,-0.37,0.1,1.04,0.66,1.81,1.44,0.3142857142857143
11,401025258,50.0,50.0,0,0,0.09,0.95,-0.63,0.02,0.34,0.44,0.7
4591,401025258,12.0,12.0,0,1,-0.03,-0.15,1.54,0.58,1.97,1.94,0.15714285714285714
6001,401025258,16.0,16.0,0,1,0.94,0.84,-0.43,0.35,0.75,1.69,0.21428571428571427
7001,401025258,2.0,2.0,1,0,1.26,0.06,0.67,0.95,1.68,2.94,0.014285714285714285
1613,401025258,60.0,60.0,0,0,0.42,-0.5,-0.91,0.93,-0.48,-0.06,0.8428571428571429
412,401025258,43.0,43.0,0,0,0.99,-0.27,0.21,-0.24,-0.3,0.69,0.6
9569,401025258,12.0,12.0,0,1,-0.78,0.43,2.82,-0.54,2.71,1.94,0.15714285714285714
1798,401025258,69.0,69.0,0,0,0.85,-1.06,-0.32,-0.52,-1.91,-1.06,0.9714285714285714
10586,401025258,50.0,50.0,0,0,-0.49,-0.07,-0.22,1.21,0.92,0.44,0.7
3970,401025258,43.0,43.0,0,0,0.11,0.76,-0.09,-0.09,0.57,0.69,0.6
1185,401025258,34.0,34.0,0,0,-0.46,0.25,0.97,0.17,1.4,0.94,0.4714285714285714
7082,401025258,16.0,16.0,0,1,0.24,0.13,1.3,0.01,1.45,1.69,0.21428571428571427
686,401025258,16.0,16.0,0,1,0.88,0.49,-0.34,0.65,0.8,1.69,0.21428571428571427
9261,401025270,4.0,4.0,1,0,0.49,0.53,0.08,1.52,2.14,2.63,0.0410958904109589
512,401025270,32.0,32.0,0,0,0.01,1.48,-0.96,0.1,0.62,0.63,0.4246575342465753
5548,401025270,48.0,48.0,0,0,-0.64,0.08,0.32,0.37,0.77,0.13,0.6438356164383562
4989,401025270,13.0,13.0,0,1,1.8,0.14,-0.6,0.28,-0.18,1.63,0.1643835616438356
4682,401025270,8.0,8.0,1,0,0.1,0.27,0.62,1.13,2.03,2.13,0.0958904109589041
5502,401025270,27.0,27.0,0,1,0.42,1.07,-0.61,0.0,0.45,0.88,0.3561643835616438
10372,401025270,41.0,41.0,0,0,0.98,-0.12,-0.16,-0.32,-0.6,0.38,0.547945205479452
5285,401025270,41.0,41.0,0,0,0.38,0.89,-0.28,-0.62,-0.01,0.38,0.547945205479452
6062,401025270,53.0,53.0,0,0,-0.77,0.17,0.12,0.35,0.65,-0.12,0.7123287671232876
1626,401025270,6.0,6.0,1,0,0.18,0.68,0.92,0.59,2.2,2.38,0.0684931506849315
693,401025270,13.0,13.0,0,1,0.67,0.96,0.84,-0.85,0.95,1.63,0.1643835616438356
159,401025270,8.0,8.0,1,0,0.1,0.58,0.42,1.03,2.03,2.13,0.0958904109589041
774,401025270,71.0,71.0,0,0,-0.11,0.05,-0.38,-0.69,-1.01,-1.12,0.958904109589041
7161,401025270,32.0,32.0,0,0,-0.41,-0.53,1.18,0.39,1.03,0.63,0.4246575342465753
1651,401025270,17.0,17.0,0,1,0.59,-0.77,0.94,0.62,0.79,1.38,0.2191780821917808
6011,401025270,6.0,6.0,1,0,1.37,-0.62,0.95,0.68,1.01,2.38,0.0684931506849315
9126,401025270,41.0,41.0,0,0,-0.65,-0.45,0.78,0.69,1.02,0.38,0.547945205479452
5704,401025270,8.0,8.0,1,0,1.72,-0.47,0.64,0.24,0.4,2.13,0.0958904109589041
208,401025270,17.0,17.0,0,1,-0.89,0.28,1.37,0.62,2.27,1.38,0.2191780821917808
6017,401025270,17.0,17.0,0,1,0.34,0.65,0.38,0.0,1.04,1.38,0.2191780821917808
1121,401025270,32.0,32.0,0,0,-0.03,0.07,0.89,-0.3,0.66,0.63,0.4246575342465753
1352,401025270,32.0,32.0,0,0,-0.62,0.45,0.53,0.28,1.25,0.63,0.4246575342465753
8992,401025270,64.0,64.0,0,0,0.58,-0.21,-0.6,-0.64,-1.46,-0.87,0.863013698630137
3577,401025270,53.0,53.0,0,0,1.38,0.07,-1.28,-0.3,-1.5,-0.12,0.7123287671232876
11456,401025270,71.0,71.0,0,0,-0.79,0.52,-0.26,-0.59,-0.33,-1.12,0.958904109589041
928,401025270,41.0,41.0,0,0,-0.64,-0.02,0.93,0.1,1.01,0.38,0.547945205479452
5574,401025270,48.0,48.0,0,0,0.25,-0.28,-0.31,0.46,-0.12,0.13,0.6438356164383562
11448,401025270,32.0,32.0,0,0,0.25,-1.21,1.16,0.43,0.37,0.63,0.4246575342465753
3375,401025270,32.0,32.0,0,0,0.17,0.52,0.24,-0.3,0.46,0.63,0.4246575342465753
1483,401025270,1.0,1.0,1,0,0.8,0.77,2.46,1.09,4.33,5.13,0.0
3550,401025270,53.0,53.0,0,0,0.27,-1.1,0.12,0.59,-0.39,-0.12,0.7123287671232876
6991,401025270,41.0,41.0,0,0,-0.28,0.26,1.1,-0.71,0.66,0.38,0.547945205479452
3856,401025270,53.0,53.0,0,0,0.31,-0.1,-0.36,0.02,-0.43,-0.12,0.7123287671232876
6196,401025270,23.0,23.0,0,1,0.43,-0.15,1.2,-0.35,0.7,1.13,0.3013698630136986
5025,401025270,60.0,60.0,0,0,0.83,-0.18,-1.43,0.15,-1.45,-0.62,0.8082191780821918
5797,401025270,64.0,64.0,0,0,0.29,0.06,-0.3,-0.92,-1.16,-0.87,0.863013698630137
1676,401025270,74.0,74.0,0,0,-1.41,0.53,-1.05,-1.19,-1.71,-3.12,1.0
11099,401025270,17.0,17.0,0,1,0.52,-0.26,0.06,1.05,0.86,1.38,0.2191780821917808
10505,401025270,27.0,27.0,0,1,0.95,-0.04,-0.06,0.02,-0.08,0.88,0.3561643835616438
2883,401025270,23.0,23.0,0,1,1.0,-1.77,1.22,0.68,0.12,1.13,0.3013698630136986
10166,401025270,27.0,27.0,0,1,-0.47,-0.75,0.56,1.53,1.35,0.88,0.3561643835616438
1265,401025270,41.0,41.0,0,0,0.11,-0.21,0.58,-0.11,0.27,0.38,0.547945205479452
446,401025270,60.0,60.0,0,0,0.04,1.62,-1.52,-0.76,-0.66,-0.62,0.8082191780821918
5771,401025270,48.0,48.0,0,0,-0.66,0.29,-0.95,1.44,0.78,0.13,0.6438356164383562
318,401025270,64.0,64.0,0,0,0.14,-0.68,0.11,-0.44,-1.01,-0.87,0.863013698630137
1778,401025270,32.0,32.0,0,0,0.19,1.03,-1.05,0.45,0.43,0.63,0.4246575342465753
1077,401025270,32.0,32.0,0,0,-0.62,-0.79,0.78,1.25,1.24,0.63,0.4246575342465753
3793,401025270,73.0,73.0,0,0,-0.28,-1.0,-0.08,-0.76,-1.85,-2.12,0.9863013698630136
5962,401025270,64.0,64.0,0,0,-0.7,-0.27,0.1,0.0,-0.17,-0.87,0.863013698630137
1637,401025270,53.0,53.0,0,0,-0.13,-0.03,-0.53,0.56,0.0,-0.12,0.7123287671232876
3351,401025270,13.0,13.0,0,1,0.41,0.82,-0.07,0.46,1.21,1.63,0.1643835616438356
1042,401025270,64.0,64.0,0,0,-0.8,-0.31,0.35,-0.12,-0.08,-0.87,0.863013698630137
9568,401025270,32.0,32.0,0,0,0.88,0.44,0.04,-0.73,-0.25,0.63,0.4246575342465753
6825,401025270,53.0,53.0,0,0,0.82,-0.41,-0.66,0.13,-0.95,-0.12,0.7123287671232876
1750,401025270,2.0,2.0,1,0,0.98,-0.06,1.68,0.53,2.15,3.13,0.0136986301369863
1935,401025270,23.0,23.0,0,1,1.09,0.0,0.52,-0.48,0.04,1.13,0.3013698630136986
6783,401025270,60.0,60.0,0,0,-0.1,0.32,-1.45,0.6,-0.53,-0.62,0.8082191780821918
3702,401025270,12.0,12.0,0,1,0.56,-0.02,0.9,0.44,1.32,1.88,0.1506849315068493
1254,401025270,27.0,27.0,0,1,-0.21,0.4,0.12,0.57,1.09,0.88,0.3561643835616438
962,401025270,8.0,8.0,1,0,-0.13,0.38,1.97,-0.1,2.26,2.13,0.0958904109589041
4591,401025270,60.0,60.0,0,0,0.4,-0.67,1.06,-1.41,-1.02,-0.62,0.8082191780821918
78,401025270,23.0,23.0,0,1,-1.09,0.59,0.4,1.23,2.22,1.13,0.3013698630136986
6937,401025270,13.0,13.0,0,1,1.69,0.26,-0.94,0.62,-0.06,1.63,0.1643835616438356
4449,401025270,3.0,3.0,1,0,1.21,0.17,1.98,-0.48,1.67,2.88,0.0273972602739726
6001,401025270,53.0,53.0,0,0,-0.38,-0.38,-0.08,0.71,0.26,-0.12,0.7123287671232876
7001,401025270,48.0,48.0,0,0,0.32,0.25,-0.37,-0.08,-0.19,0.13,0.6438356164383562
9569,401025270,41.0,41.0,0,0,-0.36,0.27,0.7,-0.23,0.74,0.38,0.547945205479452
10586,401025270,64.0,64.0,0,0,0.35,-0.06,-0.85,-0.32,-1.23,-0.87,0.863013698630137
3970,401025270,17.0,17.0,0,1,-0.29,-0.17,1.43,0.41,1.67,1.38,0.2191780821917808
462,401025270,4.0,4.0,1,0,1.19,0.41,0.64,0.38,1.43,2.63,0.0410958904109589
4479,401025270,64.0,64.0,0,0,-0.73,-0.65,0.53,-0.03,-0.14,-0.87,0.863013698630137
9040,401025270,27.0,27.0,0,1,0.97,0.37,0.09,-0.55,-0.09,0.88,0.3561643835616438
512,401025256,33.0,33.0,0,0,2.93,-0.69,-0.11,-0.95,-1.75,1.19,0.4383561643835616
5548,401025256,42.0,42.0,0,0,1.02,-0.5,-0.27,0.19,-0.59,0.44,0.5616438356164384
4989,401025256,9.0,9.0,1,0,0.74,0.31,1.12,0.27,1.7,2.44,0.1095890410958904
6062,401025256,26.0,26.0,0,1,0.47,0.83,0.31,-0.18,0.96,1.44,0.3424657534246575
10046,401025256,9.0,9.0,1,0,0.76,0.7,1.02,-0.04,1.68,2.44,0.1095890410958904
7161,401025256,38.0,38.0,0,0,0.88,-0.63,0.04,0.39,-0.19,0.69,0.5068493150684932
1225,401025256,6.0,6.0,1,0,2.16,-0.16,0.39,0.29,0.52,2.69,0.0684931506849315
6011,401025256,2.0,2.0,1,0,1.79,0.22,0.24,0.69,1.15,2.94,0.0136986301369863
6798,401025256,19.0,19.0,0,1,0.62,-0.37,0.62,0.8,1.06,1.69,0.2465753424657534
1673,401025256,42.0,42.0,0,0,1.8,-1.54,0.22,-0.05,-1.37,0.44,0.5616438356164384
780,401025256,1.0,1.0,1,0,0.81,0.96,0.9,1.02,2.88,3.69,0.0
205,401025256,15.0,15.0,0,1,0.67,0.11,0.96,0.18,1.26,1.94,0.1917808219178082
8975,401025256,9.0,9.0,1,0,1.05,1.44,-0.37,0.31,1.38,2.44,0.1095890410958904
4645,401025256,69.0,69.0,0,0,-0.39,0.6,1.09,-2.11,-0.42,-0.81,0.9315068493150684
9025,401025256,67.0,67.0,0,0,0.23,-0.83,0.03,0.0,-0.8,-0.56,0.9041095890410958
8992,401025256,72.0,72.0,0,0,1.23,-1.16,-1.35,0.21,-2.3,-1.06,0.9726027397260274
3950,401025256,15.0,15.0,0,1,0.46,0.51,0.69,0.27,1.47,1.94,0.1917808219178082
5574,401025256,19.0,19.0,0,1,1.12,0.58,-0.47,0.45,0.57,1.69,0.2465753424657534
10054,401025256,47.0,47.0,0,0,0.0,-0.08,-0.31,0.57,0.19,0.19,0.6301369863013698
5882,401025256,19.0,19.0,0,1,0.28,0.26,0.3,0.84,1.4,1.69,0.2465753424657534
3375,401025256,19.0,19.0,0,1,0.02,0.42,0.78,0.46,1.66,1.69,0.2465753424657534
957,401025256,56.0,56.0,0,0,-0.21,-1.31,1.01,0.45,0.15,-0.06,0.7534246575342466
1680,401025256,12.0,12.0,0,1,1.21,0.85,0.52,-0.4,0.98,2.19,0.1506849315068493
5025,401025256,36.0,36.0,0,0,0.22,-0.06,0.38,0.39,0.71,0.94,0.4794520547945205
196,401025256,42.0,42.0,0,0,-1.09,0.66,0.05,0.81,1.53,0.44,0.5616438356164384
1067,401025256,2.0,2.0,1,0,0.27,0.53,1.3,0.83,2.67,2.94,0.0136986301369863
5797,401025256,61.0,61.0,0,0,-1.1,-0.04,1.16,-0.33,0.79,-0.31,0.821917808219178
1676,401025256,19.0,19.0,0,1,1.14,1.46,-0.69,-0.23,0.54,1.69,0.2465753424657534
10166,401025256,47.0,47.0,0,0,0.0,-0.26,-0.53,0.98,0.19,0.19,0.6301369863013698
5467,401025256,42.0,42.0,0,0,0.81,0.1,-0.25,-0.23,-0.38,0.44,0.5616438356164384
4848,401025256,56.0,56.0,0,0,-0.82,0.04,0.96,-0.23,0.76,-0.06,0.7534246575342466
4513,401025256,47.0,47.0,0,0,-1.14,1.03,1.13,-0.83,1.33,0.19,0.6301369863013698
745,401025256,56.0,56.0,0,0,0.06,0.61,-0.18,-0.56,-0.12,-0.06,0.7534246575342466
6689,401025256,47.0,47.0,0,0,-0.1,-0.27,0.31,0.25,0.29,0.19,0.6301369863013698
8906,401025256,56.0,56.0,0,0,-0.49,0.74,-0.3,-0.02,0.42,-0.06,0.7534246575342466
1778,401025256,15.0,15.0,0,1,1.32,-0.32,0.07,0.86,0.61,1.94,0.1917808219178082
1077,401025256,33.0,33.0,0,0,-0.13,-0.4,1.82,-0.09,1.32,1.19,0.4383561643835616
3793,401025256,6.0,6.0,1,0,0.35,1.51,0.63,0.19,2.33,2.69,0.0684931506849315
5962,401025256,38.0,38.0,0,0,0.35,0.97,0.15,-0.78,0.34,0.69,0.5068493150684932
1637,401025256,72.0,72.0,0,0,0.05,-0.82,-0.45,0.16,-1.11,-1.06,0.9726027397260274
6931,401025256,42.0,42.0,0,0,-0.57,0.18,0.53,0.29,1.0,0.44,0.5616438356164384
1367,401025256,19.0,19.0,0,1,0.8,0.35,0.12,0.42,0.88,1.69,0.2465753424657534
2571,401025256,61.0,61.0,0,0,1.57,-0.64,-0.53,-0.72,-1.88,-0.31,0.821917808219178
6007,401025256,15.0,15.0,0,1,-0.35,0.3,0.94,1.04,2.28,1.94,0.1917808219178082
72,401025256,2.0,2.0,1,0,1.2,1.01,1.09,-0.37,1.73,2.94,0.0136986301369863
186,401025256,74.0,74.0,0,0,-0.55,1.03,-1.2,-0.84,-1.01,-1.56,1.0
5692,401025256,26.0,26.0,0,1,0.25,0.94,-0.22,0.47,1.19,1.44,0.3424657534246575
6825,401025256,26.0,26.0,0,1,0.86,-0.14,0.4,0.32,0.57,1.44,0.3424657534246575
1750,401025256,56.0,56.0,0,0,-0.61,-0.47,0.95,0.07,0.55,-0.06,0.7534246575342466
1935,401025256,12.0,12.0,0,1,1.28,0.91,-0.67,0.67,0.91,2.19,0.1506849315068493
5409,401025256,6.0,6.0,1,0,0.57,0.28,1.11,0.73,2.12,2.69,0.0684931506849315
4483,401025256,38.0,38.0,0,0,0.31,-0.37,0.27,0.48,0.38,0.69,0.5068493150684932
3470,401025256,12.0,12.0,0,1,-1.37,0.83,0.97,1.75,3.55,2.19,0.1506849315068493
9804,401025256,26.0,26.0,0,1,-0.74,0.51,0.54,1.13,2.18,1.44,0.3424657534246575
4591,401025256,47.0,47.0,0,0,0.96,-0.79,0.62,-0.61,-0.78,0.19,0.6301369863013698
78,401025256,2.0,2.0,1,0,1.64,-0.13,0.57,0.85,1.3,2.94,0.0136986301369863
7081,401025256,26.0,26.0,0,1,-0.11,0.59,1.57,-0.61,1.55,1.44,0.3424657534246575
1170,401025256,26.0,26.0,0,1,-0.31,0.92,0.13,0.68,1.74,1.44,0.3424657534246575
6001,401025256,36.0,36.0,0,0,0.22,0.74,0.85,-0.87,0.72,0.94,0.4794520547945205
7001,401025256,26.0,26.0,0,1,-0.01,0.03,0.76,0.66,1.45,1.44,0.3424657534246575
1613,401025256,47.0,47.0,0,0,-0.23,-0.28,0.16,0.53,0.41,0.19,0.6301369863013698
3378,401025256,38.0,38.0,0,0,-0.35,-0.75,1.27,0.51,1.04,0.69,0.5068493150684932
9569,401025256,33.0,33.0,0,0,-0.38,-0.02,0.66,0.93,1.57,1.19,0.4383561643835616
10586,401025256,61.0,61.0,0,0,-0.8,0.08,0.69,-0.28,0.49,-0.31,0.821917808219178
9626,401025256,67.0,67.0,0,0,-0.39,-0.19,-0.3,0.31,-0.17,-0.56,0.9041095890410958
1185,401025256,47.0,47.0,0,0,-1.16,0.31,0.41,0.62,1.35,0.19,0.6301369863013698
10360,401025256,47.0,47.0,0,0,0.15,1.38,-0.51,-0.84,0.04,0.19,0.6301369863013698
686,401025256,19.0,19.0,0,1,0.89,0.04,0.59,0.17,0.8,1.69,0.2465753424657534
16,401025254,37.0,37.0,0,0,-0.08,0.2,0.78,0.05,1.03,0.94,0.5070422535211268
9517,401025254,6.0,6.0,1,0,0.75,0.18,0.65,0.61,1.44,2.2,0.07042253521126761
5502,401025254,2.0,2.0,1,0,0.55,0.96,1.46,0.72,3.14,3.69,0.014084507042253521
2283,401025254,56.0,56.0,0,0,0.75,-1.06,-0.41,0.67,-0.81,-0.06,0.7746478873239436
159,401025254,12.0,12.0,0,1,1.9,-0.32,-0.08,0.45,0.04,1.94,0.15492957746478872
7161,401025254,37.0,37.0,0,0,1.15,0.63,-0.11,-0.73,-0.21,0.94,0.5070422535211268
1651,401025254,51.0,51.0,0,0,0.13,0.01,-1.28,1.34,0.07,0.19,0.704225352112676
6798,401025254,30.0,30.0,0,1,0.49,0.22,-0.6,1.09,0.71,1.19,0.4084507042253521
8910,401025254,67.0,67.0,0,0,-0.41,-0.75,-0.56,0.67,-0.64,-1.05,0.9295774647887324
1222,401025254,6.0,6.0,1,0,1.5,1.15,-0.18,-0.28,0.69,2.19,0.07042253521126761
68,401025254,45.0,45.0,0,0,0.16,0.09,0.18,0.02,0.29,0.44,0.6197183098591549
9126,401025254,68.0,68.0,0,0,-0.51,-0.84,-0.39,0.43,-0.8,-1.3,0.9436619718309859
8971,401025254,30.0,30.0,0,1,0.76,0.17,-0.06,0.32,0.43,1.19,0.4084507042253521
208,401025254,26.0,26.0,0,1,0.08,0.39,0.18,0.79,1.36,1.44,0.352112676056338
3449,401025254,6.0,6.0,1,0,1.32,-0.4,0.86,0.42,0.88,2.19,0.07042253521126761
6017,401025254,18.0,18.0,0,1,0.47,-0.11,1.03,0.3,1.23,1.7,0.23943661971830985
1121,401025254,26.0,26.0,0,1,0.83,1.14,-0.63,0.11,0.61,1.44,0.352112676056338
769,401025254,6.0,6.0,1,0,1.82,-0.46,-0.03,0.88,0.38,2.19,0.07042253521126761
1097,401025254,72.0,72.0,0,0,-0.48,0.24,-0.8,-1.02,-1.57,-2.05,1.0
8992,401025254,51.0,51.0,0,0,-0.41,0.13,-0.16,0.63,0.6,0.19,0.704225352112676
3577,401025254,56.0,56.0,0,0,0.77,0.54,-0.54,-0.84,-0.83,-0.05,0.7746478873239436
3448,401025254,1.0,1.0,1,0,0.96,0.52,2.46,1.25,4.23,5.19,0.0
10054,401025254,18.0,18.0,0,1,1.26,-0.39,0.55,0.27,0.44,1.69,0.23943661971830985
3375,401025254,45.0,45.0,0,0,0.7,-0.23,-0.54,0.51,-0.26,0.45,0.6197183098591549
5462,401025254,70.0,70.0,0,0,-0.93,-0.36,-1.28,0.77,-0.88,-1.81,0.971830985915493
576,401025254,26.0,26.0,0,1,-0.99,0.01,1.46,0.96,2.43,1.45,0.352112676056338
6991,401025254,51.0,51.0,0,0,-1.25,0.02,0.13,1.29,1.45,0.2,0.704225352112676
5025,401025254,45.0,45.0,0,0,0.25,-0.47,-0.07,0.74,0.2,0.45,0.6197183098591549
1067,401025254,3.0,3.0,1,0,-0.11,-0.16,1.71,1.25,2.8,2.7,0.028169014084507043
10505,401025254,18.0,18.0,0,1,0.95,0.4,-0.33,0.67,0.74,1.7,0.23943661971830985
5578,401025254,70.0,70.0,0,0,0.62,-0.77,-0.69,-0.97,-2.43,-1.81,0.971830985915493
745,401025254,45.0,45.0,0,0,-0.63,0.14,1.14,-0.21,1.07,0.45,0.6197183098591549
6689,401025254,66.0,66.0,0,0,0.13,0.15,-1.34,0.25,-0.94,-0.8,0.9154929577464789
8906,401025254,37.0,37.0,0,0,0.3,-0.69,1.64,-0.31,0.64,0.94,0.5070422535211268
1059,401025254,56.0,56.0,0,0,-1.17,0.29,0.73,0.1,1.11,-0.05,0.7746478873239436
1367,401025254,51.0,51.0,0,0,-0.45,0.29,-0.35,0.7,0.65,0.2,0.704225352112676
8974,401025254,18.0,18.0,0,1,-0.05,1.24,2.24,-1.74,1.75,1.7,0.23943661971830985
1600,401025254,37.0,37.0,0,0,1.51,-0.2,-0.37,0.0,-0.57,0.94,0.5070422535211268
6999,401025254,56.0,56.0,0,0,0.09,-0.49,0.38,-0.04,-0.15,-0.05,0.7746478873239436
3792,401025254,30.0,30.0,0,1,-0.01,0.15,0.8,0.25,1.2,1.19,0.4084507042253521
186,401025254,56.0,56.0,0,0,0.82,0.45,-0.94,-0.38,-0.87,-0.06,0.7746478873239436
5692,401025254,30.0,30.0,0,1,0.89,0.26,0.55,-0.5,0.31,1.19,0.4084507042253521
1259,401025254,56.0,56.0,0,0,1.23,-0.11,-0.35,-0.82,-1.28,-0.05,0.7746478873239436
308,401025254,12.0,12.0,0,1,0.43,0.2,0.99,0.32,1.52,1.94,0.15492957746478872
1674,401025254,43.0,43.0,0,0,-0.05,0.57,0.09,0.07,0.74,0.7,0.5915492957746479
1935,401025254,18.0,18.0,0,1,0.82,0.77,0.1,0.0,0.87,1.69,0.23943661971830985
1254,401025254,18.0,18.0,0,1,-1.56,0.05,2.8,0.4,3.25,1.7,0.23943661971830985
167,401025254,6.0,6.0,1,0,0.51,0.09,0.61,0.99,1.69,2.2,0.07042253521126761
962,401025254,51.0,51.0,0,0,-0.11,-0.42,0.59,0.14,0.31,0.2,0.704225352112676
9804,401025254,4.0,4.0,1,0,-0.44,0.38,2.17,0.33,2.88,2.45,0.04225352112676056
11,401025254,12.0,12.0,0,1,0.73,-0.46,1.05,0.62,1.22,1.95,0.15492957746478872
78,401025254,4.0,4.0,1,0,0.06,1.15,2.01,-0.77,2.39,2.44,0.04225352112676056
4587,401025254,30.0,30.0,0,1,-0.43,0.47,0.73,0.43,1.63,1.2,0.4084507042253521
6001,401025254,12.0,12.0,0,1,0.91,0.78,0.59,-0.34,1.04,1.94,0.15492957746478872
9478,401025254,43.0,43.0,0,0,0.75,0.24,-0.67,0.37,-0.05,0.69,0.5915492957746479
3378,401025254,30.0,30.0,0,1,-1.09,0.08,1.14,1.07,2.29,1.2,0.4084507042253521
412,401025254,18.0,18.0,0,1,0.24,1.34,0.1,0.01,1.46,1.7,0.23943661971830985
9569,401025254,37.0,37.0,0,0,-0.25,-0.04,0.63,0.6,1.19,0.94,0.5070422535211268
198,401025254,37.0,37.0,0,0,0.82,0.39,-0.35,0.09,0.12,0.94,0.5070422535211268
3970,401025254,12.0,12.0,0,1,0.76,0.71,0.59,-0.12,1.19,1.94,0.15492957746478872
9626,401025254,6.0,6.0,1,0,0.64,0.27,0.56,0.71,1.55,2.2,0.07042253521126761
1185,401025254,18.0,18.0,0,1,-0.34,0.34,1.76,-0.06,2.04,1.7,0.23943661971830985
10360,401025254,12.0,12.0,0,1,0.25,0.47,2.2,-0.97,1.7,1.94,0.15492957746478872
3532,401025254,30.0,30.0,0,1,0.05,0.8,0.76,-0.42,1.15,1.2,0.4084507042253521
9040,401025254,45.0,45.0,0,0,-0.06,0.31,0.05,0.16,0.51,0.45,0.6197183098591549
8889,401025254,56.0,56.0,0,0,-0.81,-0.08,0.13,0.7,0.75,-0.05,0.7746478873239436
9261,401025253,57.0,57.0,0,0,-0.17,-0.5,0.43,0.1,0.04,-0.13,0.7777777777777778
512,401025253,40.0,40.0,0,0,0.84,1.2,-0.83,-0.58,-0.22,0.62,0.5416666666666666
4989,401025253,37.0,37.0,0,0,0.52,-0.16,0.67,-0.16,0.35,0.87,0.5
4682,401025253,65.0,65.0,0,0,-0.02,0.1,-0.36,-0.36,-0.61,-0.63,0.8888888888888888
388,401025253,35.0,35.0,0,0,-1.35,-0.16,1.5,1.12,2.46,1.12,0.4722222222222222
5285,401025253,2.0,2.0,1,0,0.24,0.78,1.1,1.0,2.88,3.12,0.013888888888888888
10046,401025253,1.0,1.0,1,0,1.37,0.39,0.92,0.43,1.75,3.12,0.0
2283,401025253,62.0,62.0,0,0,-1.39,0.31,0.84,-0.14,1.01,-0.38,0.8472222222222222
159,401025253,44.0,44.0,0,0,0.75,0.2,-0.26,-0.32,-0.38,0.37,0.5972222222222222
4383,401025253,52.0,52.0,0,0,-0.71,-0.32,0.61,0.54,0.83,0.12,0.7083333333333334
774,401025253,57.0,57.0,0,0,0.99,1.23,-1.84,-0.51,-1.12,-0.13,0.7777777777777778
6011,401025253,44.0,44.0,0,0,0.6,-0.45,-0.39,0.6,-0.23,0.37,0.5972222222222222
3599,401025253,70.0,70.0,0,0,-0.55,-0.09,-0.65,0.15,-0.59,-1.13,0.9583333333333334
780,401025253,44.0,44.0,0,0,-0.07,0.01,-0.49,0.92,0.44,0.37,0.5972222222222222
5704,401025253,40.0,40.0,0,0,0.34,-0.38,0.27,0.38,0.28,0.62,0.5416666666666666
208,401025253,65.0,65.0,0,0,-1.31,0.58,0.18,-0.09,0.68,-0.63,0.8888888888888888
3449,401025253,52.0,52.0,0,0,0.47,-0.22,-0.35,0.21,-0.36,0.12,0.7083333333333334
3448,401025253,8.0,8.0,1,0,0.89,-0.31,1.01,0.52,1.22,2.12,0.09722222222222222
5574,401025253,29.0,29.0,0,1,0.16,0.12,1.22,-0.13,1.21,1.37,0.3888888888888889
5882,401025253,23.0,23.0,0,1,0.55,0.39,-0.05,0.73,1.06,1.62,0.3055555555555556
5462,401025253,73.0,73.0,0,0,-0.69,0.48,-1.36,-0.56,-1.44,-2.13,1.0
3550,401025253,23.0,23.0,0,1,0.3,-0.85,1.24,0.92,1.31,1.62,0.3055555555555556
5860,401025253,13.0,13.0,0,1,-0.08,0.73,1.23,-0.02,1.94,1.87,0.16666666666666666
576,401025253,13.0,13.0,0,1,0.8,-0.35,0.87,0.54,1.06,1.87,0.16666666666666666
1680,401025253,44.0,44.0,0,0,0.24,0.43,-1.06,0.75,0.13,0.37,0.5972222222222222
1067,401025253,13.0,13.0,0,1,1.6,0.42,-0.64,0.49,0.27,1.86,0.16666666666666666
5797,401025253,44.0,44.0,0,0,0.48,-0.46,0.48,-0.14,-0.12,0.37,0.5972222222222222
1676,401025253,37.0,37.0,0,0,-0.41,-0.1,0.86,0.51,1.27,0.87,0.5
11099,401025253,6.0,6.0,1,0,1.45,-0.71,1.53,0.1,0.92,2.37,0.06944444444444445
2883,401025253,57.0,57.0,0,0,-0.23,-0.31,-0.31,0.71,0.09,-0.13,0.7777777777777778
569,401025253,6.0,6.0,1,0,0.68,1.32,0.3,0.07,1.69,2.37,0.06944444444444445
4848,401025253,8.0,8.0,1,0,0.56,-0.18,1.26,0.47,1.56,2.12,0.09722222222222222
1030,401025253,40.0,40.0,0,0,0.41,-0.7,1.06,-0.15,0.21,0.62,0.5416666666666666
5771,401025253,13.0,13.0,0,1,0.66,0.22,0.52,0.47,1.21,1.87,0.16666666666666666
4513,401025253,23.0,23.0,0,1,-0.81,0.0,1.46,0.97,2.43,1.62,0.3055555555555556
6689,401025253,35.0,35.0,0,0,0.67,-0.76,0.84,0.37,0.44,1.12,0.4722222222222222
1778,401025253,2.0,2.0,1,0,1.08,0.39,1.89,-0.24,2.04,3.12,0.013888888888888888
1077,401025253,44.0,44.0,0,0,0.19,-1.04,1.26,-0.05,0.17,0.37,0.5972222222222222
3793,401025253,65.0,65.0,0,0,0.32,-0.43,-0.43,-0.1,-0.95,-0.63,0.8888888888888888
676,401025253,52.0,52.0,0,0,-0.53,-0.03,0.52,0.16,0.64,0.12,0.7083333333333334
1059,401025253,37.0,37.0,0,0,-0.44,0.01,0.18,1.11,1.31,0.87,0.5
1293,401025253,13.0,13.0,0,1,0.41,0.71,0.37,0.38,1.46,1.87,0.16666666666666666
257,401025253,13.0,13.0,0,1,0.29,0.63,1.15,-0.21,1.58,1.87,0.16666666666666666
2571,401025253,23.0,23.0,0,1,0.6,0.76,0.08,0.18,1.02,1.62,0.3055555555555556
3351,401025253,62.0,62.0,0,0,0.59,-0.75,-0.3,0.07,-0.97,-0.38,0.8472222222222222
1042,401025253,57.0,57.0,0,0,0.36,0.29,-0.28,-0.5,-0.49,-0.13,0.7777777777777778
9568,401025253,65.0,65.0,0,0,0.79,0.52,-1.06,-0.88,-1.42,-0.63,0.8888888888888888
6007,401025253,4.0,4.0,1,0,-0.17,0.29,2.55,0.2,3.04,2.87,0.041666666666666664
308,401025253,13.0,13.0,0,1,0.67,0.44,0.98,-0.23,1.19,1.87,0.16666666666666666
707,401025253,70.0,70.0,0,0,-1.21,0.48,-0.6,0.19,0.07,-1.13,0.9583333333333334
5579,401025253,29.0,29.0,0,1,0.02,0.99,0.31,0.04,1.34,1.37,0.3888888888888889
6825,401025253,8.0,8.0,1,0,1.75,-0.15,-0.35,0.87,0.37,2.11,0.09722222222222222
1674,401025253,5.0,5.0,1,0,0.06,0.29,1.48,0.78,2.55,2.62,0.05555555555555555
1750,401025253,23.0,23.0,0,1,-0.14,0.67,0.59,0.49,1.76,1.62,0.3055555555555556
3702,401025253,8.0,8.0,1,0,0.5,0.68,0.41,0.53,1.62,2.12,0.09722222222222222
5409,401025253,29.0,29.0,0,1,0.89,0.15,0.41,-0.08,0.47,1.37,0.3888888888888889
4483,401025253,44.0,44.0,0,0,-1.03,0.25,1.0,0.15,1.4,0.37,0.5972222222222222
3470,401025253,8.0,8.0,1,0,-0.43,1.41,0.64,0.5,2.55,2.12,0.09722222222222222
809,401025253,13.0,13.0,0,1,-0.49,0.34,1.19,0.82,2.36,1.87,0.16666666666666666
377,401025253,44.0,44.0,0,0,0.7,-0.17,-0.69,0.53,-0.33,0.37,0.5972222222222222
4449,401025253,57.0,57.0,0,0,-0.8,0.48,0.96,-0.78,0.67,-0.13,0.7777777777777778
7081,401025253,29.0,29.0,0,1,1.12,1.09,-0.39,-0.45,0.24,1.36,0.3888888888888889
4587,401025253,52.0,52.0,0,0,-0.05,-0.16,0.71,-0.39,0.16,0.12,0.7083333333333334
2230,401025253,13.0,13.0,0,1,0.41,0.59,0.67,0.2,1.46,1.87,0.16666666666666666
6086,401025253,13.0,13.0,0,1,1.26,-0.71,1.53,-0.22,0.6,1.87,0.16666666666666666
462,401025253,23.0,23.0,0,1,-1.92,1.24,2.79,-0.5,3.54,1.62,0.3055555555555556
392,401025253,69.0,69.0,0,0,-1.98,-0.26,1.42,-0.06,1.1,-0.88,0.9444444444444444
10360,401025253,52.0,52.0,0,0,0.61,0.52,-0.05,-0.96,-0.5,0.12,0.7083333333333334
7082,401025253,29.0,29.0,0,1,1.38,-0.12,0.19,-0.09,-0.01,1.37,0.3888888888888889
686,401025253,40.0,40.0,0,0,-0.74,0.18,0.94,0.24,1.36,0.62,0.5416666666666666
9261,401025251,42.0,42.0,0,0,0.33,-0.1,-0.23,0.43,0.1,0.43,0.5540540540540541
4989,401025251,26.0,26.0,0,1,-0.42,0.15,0.92,0.29,1.36,0.93,0.33783783783783783
5502,401025251,42.0,42.0,0,0,0.24,0.35,-0.78,0.62,0.19,0.43,0.5540540540540541
10372,401025251,59.0,59.0,0,0,-0.63,0.16,-0.12,0.53,0.57,-0.07,0.7837837837837838
388,401025251,9.0,9.0,1,0,-0.7,0.97,1.41,0.5,2.88,2.18,0.10810810810810811
10577,401025251,1.0,1.0,1,0,1.39,0.15,1.5,1.15,2.79,4.18,0.0
1626,401025251,16.0,16.0,0,1,0.83,0.1,0.17,0.33,0.6,1.43,0.20270270270270271
693,401025251,53.0,53.0,0,0,0.15,-0.17,0.94,-0.73,0.04,0.18,0.7027027027027027
1049,401025251,73.0,73.0,0,0,0.48,-0.34,-0.85,-0.61,-1.8,-1.32,0.972972972972973
159,401025251,12.0,12.0,0,1,1.21,0.48,-0.14,0.39,0.73,1.93,0.14864864864864866
4383,401025251,3.0,3.0,1,0,0.96,1.63,0.23,0.36,2.22,3.18,0.02702702702702703
1651,401025251,21.0,21.0,0,1,0.8,0.35,-0.42,0.46,0.39,1.18,0.2702702702702703
6011,401025251,32.0,32.0,0,0,1.04,-0.21,-0.41,0.26,-0.36,0.68,0.4189189189189189
3599,401025251,42.0,42.0,0,0,-0.28,0.08,0.73,-0.1,0.71,0.43,0.5540540540540541
9126,401025251,53.0,53.0,0,0,0.52,-0.36,-0.81,0.83,-0.33,0.18,0.7027027027027027
8971,401025251,32.0,32.0,0,0,1.08,0.54,-0.53,-0.4,-0.39,0.68,0.4189189189189189
208,401025251,9.0,9.0,1,0,2.04,0.58,-0.76,0.32,0.14,2.18,0.10810810810810811
6017,401025251,32.0,32.0,0,0,-1.07,0.93,0.02,0.8,1.75,0.68,0.4189189189189189
1121,401025251,70.0,70.0,0,0,-1.72,0.09,0.63,0.18,0.91,-0.82,0.9324324324324325
8992,401025251,59.0,59.0,0,0,-0.02,-0.29,-0.37,0.62,-0.04,-0.07,0.7837837837837838
3577,401025251,16.0,16.0,0,1,1.77,-0.11,0.14,-0.37,-0.33,1.43,0.20270270270270271
10054,401025251,42.0,42.0,0,0,1.07,-0.25,0.05,-0.44,-0.63,0.43,0.5540540540540541
3375,401025251,32.0,32.0,0,0,1.42,-0.3,-0.46,0.02,-0.74,0.68,0.4189189189189189
328,401025251,32.0,32.0,0,0,0.15,0.77,0.0,-0.24,0.53,0.68,0.4189189189189189
5860,401025251,16.0,16.0,0,1,1.46,0.11,-0.14,0.0,-0.03,1.43,0.20270270270270271
5504,401025251,59.0,59.0,0,0,-1.52,-0.2,0.65,1.0,1.45,-0.07,0.7837837837837838
508,401025251,42.0,42.0,0,0,-0.46,0.8,0.06,0.03,0.89,0.43,0.5540540540540541
6196,401025251,16.0,16.0,0,1,-0.21,0.47,0.88,0.29,1.64,1.43,0.20270270270270271
1067,401025251,42.0,42.0,0,0,-0.72,0.51,1.07,-0.42,1.16,0.43,0.5540540540540541
10505,401025251,26.0,26.0,0,1,0.88,-0.57,0.12,0.51,0.06,0.93,0.33783783783783783
10166,401025251,3.0,3.0,1,0,0.95,0.81,0.69,0.73,2.24,3.18,0.02702702702702703
5467,401025251,21.0,21.0,0,1,-0.92,0.1,1.12,0.88,2.1,1.18,0.2702702702702703
1265,401025251,32.0,32.0,0,0,1.31,0.56,-0.65,-0.53,-0.63,0.68,0.4189189189189189
446,401025251,6.0,6.0,1,0,0.94,0.62,1.26,-0.39,1.49,2.43,0.06756756756756757
8906,401025251,3.0,3.0,1,0,0.53,0.12,1.32,1.21,2.65,3.18,0.02702702702702703
318,401025251,6.0,6.0,1,0,0.42,0.74,1.14,0.13,2.01,2.43,0.06756756756756757
3793,401025251,9.0,9.0,1,0,0.15,-0.04,1.2,0.88,2.04,2.18,0.10810810810810811
1637,401025251,26.0,26.0,0,1,0.59,-0.2,0.46,0.09,0.34,0.93,0.33783783783783783
1367,401025251,13.0,13.0,0,1,-0.27,1.49,0.41,0.05,1.95,1.68,0.16216216216216217
3351,401025251,2.0,2.0,1,0,2.23,-0.04,0.56,0.69,1.21,3.43,0.013513513513513514
9530,401025251,42.0,42.0,0,0,0.38,0.34,-0.16,-0.13,0.05,0.43,0.5540540540540541
4010,401025251,21.0,21.0,0,1,0.03,0.4,0.63,0.13,1.16,1.18,0.2702702702702703
3688,401025251,59.0,59.0,0,0,1.06,0.09,-0.06,-1.15,-1.12,-0.07,0.7837837837837838
479,401025251,74.0,74.0,0,0,-0.63,0.01,-0.71,-0.49,-1.19,-1.82,0.9864864864864865
1600,401025251,32.0,32.0,0,0,0.9,0.02,-0.42,0.17,-0.22,0.68,0.4189189189189189
6999,401025251,32.0,32.0,0,0,1.57,-0.06,-0.85,0.02,-0.89,0.68,0.4189189189189189
3792,401025251,32.0,32.0,0,0,0.32,0.32,-0.01,0.05,0.36,0.68,0.4189189189189189
5692,401025251,59.0,59.0,0,0,0.78,0.01,-0.44,-0.42,-0.85,-0.07,0.7837837837837838
1259,401025251,26.0,26.0,0,1,0.92,0.03,0.98,-1.01,0.01,0.93,0.33783783783783783
6825,401025251,53.0,53.0,0,0,-0.41,-0.2,0.13,0.67,0.6,0.18,0.7027027027027027
1674,401025251,21.0,21.0,0,1,0.16,-0.1,1.0,0.13,1.03,1.18,0.2702702702702703
5,401025251,75.0,75.0,0,0,1.06,-1.32,-1.07,-0.73,-3.12,-2.07,1.0
1750,401025251,59.0,59.0,0,0,-0.5,0.38,-0.41,0.46,0.44,-0.07,0.7837837837837838
1935,401025251,6.0,6.0,1,0,0.97,0.72,0.71,0.03,1.46,2.43,0.06756756756756757
6783,401025251,66.0,66.0,0,0,-0.39,0.46,-0.31,-0.08,0.07,-0.32,0.8783783783783784
1254,401025251,21.0,21.0,0,1,-0.31,0.19,0.65,0.65,1.49,1.18,0.2702702702702703
4483,401025251,16.0,16.0,0,1,1.22,-0.65,0.36,0.5,0.22,1.43,0.20270270270270271
335,401025251,70.0,70.0,0,0,0.01,-0.75,0.05,-0.13,-0.82,-0.82,0.9324324324324325
377,401025251,13.0,13.0,0,1,1.03,-0.05,0.08,0.64,0.66,1.68,0.16216216216216217
5619,401025251,53.0,53.0,0,0,-0.44,0.38,1.29,-1.05,0.62,0.18,0.7027027027027027
4015,401025251,69.0,69.0,0,0,-0.36,-0.42,-0.03,0.25,-0.21,-0.57,0.918918918918919
4449,401025251,42.0,42.0,0,0,-0.17,-0.24,0.11,0.73,0.6,0.43,0.5540540540540541
1037,401025251,32.0,32.0,0,0,-0.63,0.31,0.5,0.5,1.31,0.68,0.4189189189189189
7001,401025251,42.0,42.0,0,0,0.35,-0.69,0.33,0.44,0.09,0.43,0.5540540540540541
4643,401025251,26.0,26.0,0,1,0.6,-0.12,0.52,-0.07,0.34,0.93,0.33783783783783783
9569,401025251,26.0,26.0,0,1,-0.77,0.51,1.03,0.17,1.71,0.93,0.33783783783783783
10586,401025251,70.0,70.0,0,0,0.32,-0.81,-0.94,0.61,-1.13,-0.82,0.9324324324324325
3970,401025251,53.0,53.0,0,0,-0.03,-0.32,0.42,0.11,0.21,0.18,0.7027027027027027
1185,401025251,59.0,59.0,0,0,-0.07,-0.18,0.77,-0.59,0.0,-0.07,0.7837837837837838
9040,401025251,42.0,42.0,0,0,0.38,0.6,0.15,-0.7,0.05,0.43,0.5540540540540541
9517,401025250,46.0,46.0,0,0,1.31,-0.7,0.79,-0.87,-0.78,0.52,0.6521739130434783
5548,401025250,57.0,57.0,0,0,0.47,-1.0,0.0,0.8,-0.19,0.28,0.8115942028985508
4682,401025250,67.0,67.0,0,0,1.2,-0.78,-1.29,0.39,-1.67,-0.48,0.9565217391304348
3832,401025250,17.0,17.0,0,1,0.67,0.01,0.84,0.25,1.11,1.78,0.2318840579710145
388,401025250,11.0,11.0,0,1,0.59,0.31,0.74,0.39,1.43,2.02,0.14492753623188406
5285,401025250,30.0,30.0,0,1,0.18,0.21,0.27,0.61,1.1,1.27,0.42028985507246375
10046,401025250,37.0,37.0,0,0,0.0,0.29,0.19,0.54,1.02,1.02,0.5217391304347826
2283,401025250,41.0,41.0,0,0,0.06,0.01,0.04,0.66,0.71,0.77,0.5797101449275363
4383,401025250,46.0,46.0,0,0,0.43,0.1,0.45,-0.46,0.09,0.52,0.6521739130434783
7161,401025250,67.0,67.0,0,0,-1.19,-0.22,1.5,-0.57,0.72,-0.47,0.9565217391304348
1651,401025250,37.0,37.0,0,0,1.22,-0.55,-0.12,0.47,-0.2,1.02,0.5217391304347826
6011,401025250,46.0,46.0,0,0,-1.78,0.71,0.54,1.05,2.3,0.53,0.6521739130434783
6798,401025250,11.0,11.0,0,1,0.46,0.13,0.65,0.79,1.57,2.03,0.14492753623188406
780,401025250,57.0,57.0,0,0,-0.22,0.23,-0.03,0.31,0.5,0.28,0.8115942028985508
8971,401025250,30.0,30.0,0,1,1.31,-0.08,0.06,-0.02,-0.03,1.27,0.42028985507246375
5704,401025250,11.0,11.0,0,1,1.75,-0.49,0.8,-0.04,0.27,2.02,0.14492753623188406
208,401025250,17.0,17.0,0,1,1.19,0.12,0.35,0.12,0.59,1.77,0.2318840579710145
3449,401025250,46.0,46.0,0,0,-0.56,0.58,0.63,-0.14,1.08,0.53,0.6521739130434783
6017,401025250,46.0,46.0,0,0,0.41,-0.26,-0.01,0.38,0.12,0.53,0.6521739130434783
769,401025250,30.0,30.0,0,1,1.92,-1.22,0.43,0.14,-0.65,1.27,0.42028985507246375
1097,401025250,2.0,2.0,1,0,0.8,-0.02,1.23,0.76,1.97,2.77,0.014492753623188406
1352,401025250,46.0,46.0,0,0,0.18,-0.01,0.91,-0.56,0.34,0.53,0.6521739130434783
9025,401025250,57.0,57.0,0,0,-0.47,-0.29,1.89,-0.85,0.75,0.28,0.8115942028985508
3448,401025250,17.0,17.0,0,1,0.46,0.47,-0.1,0.95,1.32,1.78,0.2318840579710145
3950,401025250,7.0,7.0,1,0,1.43,0.35,0.99,-0.5,0.85,2.27,0.08695652173913043
5882,401025250,37.0,37.0,0,0,0.32,-0.08,1.24,-0.45,0.7,1.03,0.5217391304347826
5462,401025250,30.0,30.0,0,1,0.18,0.18,-0.41,1.32,1.09,1.28,0.42028985507246375
576,401025250,23.0,23.0,0,1,0.28,0.34,0.52,0.39,1.25,1.52,0.3188405797101449
6991,401025250,7.0,7.0,1,0,1.74,0.42,-0.32,0.44,0.53,2.27,0.08695652173913043
619,401025250,11.0,11.0,0,1,1.45,0.68,-0.03,-0.07,0.57,2.02,0.14492753623188406
1680,401025250,5.0,5.0,1,0,0.83,0.76,0.17,0.76,1.7,2.52,0.057971014492753624
110,401025250,5.0,5.0,1,0,1.86,-0.57,0.21,1.02,0.66,2.53,0.057971014492753624
196,401025250,67.0,67.0,0,0,-1.12,0.12,0.17,0.35,0.64,-0.47,0.9565217391304348
3317,401025250,46.0,46.0,0,0,-0.41,-0.31,1.2,0.04,0.93,0.52,0.6521739130434783
1676,401025250,17.0,17.0,0,1,-0.16,0.89,0.48,0.56,1.94,1.78,0.2318840579710145
2883,401025250,41.0,41.0,0,0,1.04,0.99,-1.33,0.07,-0.27,0.77,0.5797101449275363
9780,401025250,63.0,63.0,0,0,-1.54,0.35,0.58,0.63,1.56,0.03,0.8985507246376812
569,401025250,23.0,23.0,0,1,0.18,0.33,0.37,0.64,1.34,1.53,0.3188405797101449
5467,401025250,41.0,41.0,0,0,-0.36,0.46,0.11,0.57,1.14,0.78,0.5797101449275363
4848,401025250,11.0,11.0,0,1,0.24,1.08,0.44,0.26,1.78,2.02,0.14492753623188406
1030,401025250,41.0,41.0,0,0,0.37,-0.7,0.68,0.42,0.41,0.77,0.5797101449275363
446,401025250,2.0,2.0,1,0,1.02,0.78,0.53,0.44,1.76,2.77,0.014492753623188406
5771,401025250,30.0,30.0,0,1,1.37,0.61,-1.16,0.45,-0.09,1.27,0.42028985507246375
4513,401025250,7.0,7.0,1,0,0.83,0.16,1.63,-0.35,1.44,2.27,0.08695652173913043
318,401025250,46.0,46.0,0,0,0.05,0.73,0.24,-0.49,0.48,0.53,0.6521739130434783
3793,401025250,46.0,46.0,0,0,-0.11,0.85,0.74,-0.96,0.64,0.53,0.6521739130434783
9037,401025250,46.0,46.0,0,0,0.42,-0.22,0.41,-0.09,0.1,0.52,0.6521739130434783
6931,401025250,57.0,57.0,0,0,0.17,-1.23,1.02,0.3,0.1,0.27,0.8115942028985508
257,401025250,17.0,17.0,0,1,0.32,0.38,1.1,-0.03,1.45,1.77,0.2318840579710145
2571,401025250,57.0,57.0,0,0,1.3,-0.85,-0.3,0.13,-1.03,0.27,0.8115942028985508
3351,401025250,63.0,63.0,0,0,-1.33,0.98,0.72,-0.34,1.36,0.02,0.8985507246376812
1042,401025250,37.0,37.0,0,0,0.67,-0.05,0.33,0.07,0.36,1.02,0.5217391304347826
6007,401025250,23.0,23.0,0,1,-0.66,1.72,-0.09,0.55,2.18,1.53,0.3188405797101449
5579,401025250,41.0,41.0,0,0,-0.13,0.07,0.68,0.16,0.9,0.78,0.5797101449275363
4321,401025250,17.0,17.0,0,1,0.24,0.26,0.51,0.76,1.53,1.78,0.2318840579710145
809,401025250,30.0,30.0,0,1,-1.6,0.85,1.66,0.37,2.88,1.28,0.42028985507246375
962,401025250,23.0,23.0,0,1,1.2,0.05,-0.11,0.38,0.33,1.52,0.3188405797101449
377,401025250,30.0,30.0,0,1,0.3,0.25,0.09,0.63,0.98,1.27,0.42028985507246375
9804,401025250,23.0,23.0,0,1,0.22,-0.6,1.15,0.75,1.3,1.52,0.3188405797101449
4591,401025250,23.0,23.0,0,1,0.81,0.04,1.29,-0.62,0.71,1.52,0.3188405797101449
158,401025250,70.0,70.0,0,0,-0.16,-0.07,0.4,-0.89,-0.57,-0.73,1.0
7081,401025250,63.0,63.0,0,0,-0.38,0.68,-0.87,0.59,0.4,0.03,0.8985507246376812
4587,401025250,46.0,46.0,0,0,1.48,0.61,-0.88,-0.68,-0.95,0.52,0.6521739130434783
412,401025250,23.0,23.0,0,1,0.25,0.1,1.2,-0.03,1.27,1.52,0.3188405797101449
2230,401025250,57.0,57.0,0,0,0.15,-0.52,0.41,0.23,0.12,0.28,0.8115942028985508
5539,401025250,7.0,7.0,1,0,1.03,0.27,1.05,-0.08,1.24,2.27,0.08695652173913043
3295,401025250,66.0,66.0,0,0,0.97,0.17,-0.2,-1.16,-1.19,-0.23,0.9420289855072463
462,401025250,11.0,11.0,0,1,1.02,0.68,0.18,0.14,1.01,2.02,0.14492753623188406
1614,401025250,1.0,1.0,1,0,2.34,1.25,-0.18,0.37,1.43,3.77,0.0
10140,401025250,2.0,2.0,1,0,-0.31,1.61,1.37,0.09,3.08,2.78,0.014492753623188406
512,401025249,27.0,27.0,0,1,-1.13,0.94,0.68,0.68,2.3,1.17,0.35135135135135137
9517,401025249,34.0,34.0,0,0,0.35,0.53,-0.35,0.38,0.57,0.92,0.44594594594594594
5548,401025249,16.0,16.0,0,1,0.78,0.52,0.67,-0.3,0.89,1.67,0.20270270270270271
10577,401025249,2.0,2.0,1,0,1.06,1.12,0.33,0.91,2.36,3.42,0.013513513513513514
5285,401025249,63.0,63.0,0,0,-1.41,0.34,0.67,0.32,1.33,-0.08,0.8378378378378378
6062,401025249,67.0,67.0,0,0,0.68,0.17,-0.82,-0.36,-1.01,-0.33,0.8918918918918919
5338,401025249,67.0,67.0,0,0,-0.2,0.74,-0.43,-0.44,-0.14,-0.33,0.8918918918918919
10046,401025249,4.0,4.0,1,0,1.72,-0.52,1.1,0.62,1.2,2.92,0.04054054054054054
2283,401025249,75.0,75.0,0,0,-1.79,-1.42,-0.53,-0.33,-2.29,-4.08,1.0
7161,401025249,63.0,63.0,0,0,0.52,-0.01,-0.1,-0.49,-0.61,-0.08,0.8378378378378378
1225,401025249,74.0,74.0,0,0,-0.75,1.02,-1.19,-0.66,-0.83,-1.58,0.9864864864864865
6011,401025249,34.0,34.0,0,0,0.62,-0.23,-0.05,0.59,0.3,0.92,0.44594594594594594
6798,401025249,42.0,42.0,0,0,0.42,0.19,0.41,-0.35,0.25,0.67,0.5540540540540541
9126,401025249,42.0,42.0,0,0,-0.37,-0.27,1.54,-0.23,1.04,0.67,0.5540540540540541
5704,401025249,16.0,16.0,0,1,0.54,0.78,0.77,-0.42,1.13,1.67,0.20270270270270271
208,401025249,21.0,21.0,0,1,0.45,0.11,0.21,0.65,0.97,1.42,0.2702702702702703
1097,401025249,9.0,9.0,1,0,1.05,0.1,0.58,0.44,1.12,2.17,0.10810810810810811
1352,401025249,67.0,67.0,0,0,-1.19,0.15,0.42,0.29,0.86,-0.33,0.8918918918918919
4645,401025249,27.0,27.0,0,1,0.33,0.28,0.92,-0.36,0.84,1.17,0.35135135135135137
9025,401025249,55.0,55.0,0,0,-0.33,-0.31,0.95,0.11,0.75,0.42,0.7297297297297297
5882,401025249,9.0,9.0,1,0,0.25,0.23,0.88,0.81,1.92,2.17,0.10810810810810811
1483,401025249,16.0,16.0,0,1,-1.25,-0.06,1.63,1.34,2.92,1.67,0.20270270270270271
74,401025249,21.0,21.0,0,1,0.64,-0.58,1.4,-0.04,0.77,1.42,0.2702702702702703
301,401025249,27.0,27.0,0,1,1.68,-0.05,-0.15,-0.31,-0.51,1.17,0.35135135135135137
5462,401025249,59.0,59.0,0,0,-1.46,0.6,0.13,0.89,1.63,0.17,0.7837837837837838
6991,401025249,55.0,55.0,0,0,-0.27,1.14,-0.81,0.36,0.69,0.42,0.7297297297297297
3856,401025249,27.0,27.0,0,1,-0.04,1.12,0.21,-0.12,1.21,1.17,0.35135135135135137
6196,401025249,16.0,16.0,0,1,0.66,0.01,0.49,0.52,1.01,1.67,0.20270270270270271
1680,401025249,1.0,1.0,1,0,2.06,1.24,0.03,0.59,1.86,3.92,0.0
110,401025249,42.0,42.0,0,0,-0.12,-0.04,0.43,0.4,0.79,0.67,0.5540540540540541
1067,401025249,42.0,42.0,0,0,-0.01,-0.14,-0.18,1.0,0.68,0.67,0.5540540540540541
2883,401025249,27.0,27.0,0,1,1.09,-0.39,0.48,-0.01,0.08,1.17,0.35135135135135137
5578,401025249,70.0,70.0,0,0,0.01,-0.17,-0.15,-0.27,-0.6,-0.58,0.9324324324324325
4848,401025249,21.0,21.0,0,1,-0.12,0.11,0.01,1.43,1.54,1.42,0.2702702702702703
1030,401025249,42.0,42.0,0,0,0.86,-0.15,-0.8,0.75,-0.19,0.67,0.5540540540540541
1265,401025249,13.0,13.0,0,1,1.8,0.49,0.48,-0.86,0.12,1.92,0.16216216216216217
8906,401025249,34.0,34.0,0,0,-0.71,-0.82,0.56,1.89,1.63,0.92,0.44594594594594594
1778,401025249,13.0,13.0,0,1,0.21,0.46,0.72,0.53,1.71,1.92,0.16216216216216217
1059,401025249,9.0,9.0,1,0,-0.48,0.55,0.34,1.74,2.64,2.17,0.10810810810810811
1637,401025249,59.0,59.0,0,0,-0.69,0.54,0.38,-0.06,0.86,0.17,0.7837837837837838
6931,401025249,59.0,59.0,0,0,0.71,0.04,-0.29,-0.29,-0.54,0.17,0.7837837837837838
3670,401025249,42.0,42.0,0,0,0.67,1.04,-0.51,-0.53,0.0,0.67,0.5540540540540541
3688,401025249,42.0,42.0,0,0,1.15,-0.15,-0.19,-0.14,-0.48,0.67,0.5540540540540541
1042,401025249,2.0,2.0,1,0,1.62,-0.04,0.93,0.91,1.8,3.42,0.013513513513513514
9568,401025249,34.0,34.0,0,0,0.78,0.82,-0.15,-0.54,0.13,0.92,0.44594594594594594
72,401025249,5.0,5.0,1,0,1.49,-0.26,1.19,0.25,1.18,2.67,0.05405405405405406
5692,401025249,34.0,34.0,0,0,1.5,0.47,0.04,-1.09,-0.58,0.92,0.44594594594594594
308,401025249,5.0,5.0,1,0,1.21,0.22,0.31,0.93,1.46,2.67,0.05405405405405406
5579,401025249,8.0,8.0,1,0,1.14,0.56,1.04,-0.32,1.28,2.42,0.0945945945945946
6825,401025249,34.0,34.0,0,0,1.49,-0.51,-0.4,0.34,-0.57,0.92,0.44594594594594594
1674,401025249,5.0,5.0,1,0,1.29,0.99,0.21,0.17,1.38,2.67,0.05405405405405406
3702,401025249,21.0,21.0,0,1,-0.5,0.88,0.03,1.01,1.92,1.42,0.2702702702702703
3470,401025249,16.0,16.0,0,1,-0.01,-0.35,1.48,0.55,1.68,1.67,0.20270270270270271
377,401025249,27.0,27.0,0,1,0.7,-0.05,0.47,0.04,0.47,1.17,0.35135135135135137
5619,401025249,42.0,42.0,0,0,0.89,0.56,-0.47,-0.31,-0.22,0.67,0.5540540540540541
9938,401025249,55.0,55.0,0,0,0.68,-0.43,0.51,-0.34,-0.26,0.42,0.7297297297297297
78,401025249,72.0,72.0,0,0,-0.87,-0.82,0.54,0.32,0.04,-0.83,0.9594594594594594
4587,401025249,34.0,34.0,0,0,-0.34,-0.44,0.61,1.09,1.26,0.92,0.44594594594594594
1359,401025249,63.0,63.0,0,0,-0.14,0.09,0.04,-0.06,0.06,-0.08,0.8378378378378378
6001,401025249,27.0,27.0,0,1,0.7,0.16,-0.24,0.54,0.47,1.17,0.35135135135135137
1613,401025249,9.0,9.0,1,0,1.33,-0.12,0.62,0.33,0.84,2.17,0.10810810810810811
4643,401025249,42.0,42.0,0,0,-0.14,0.91,-0.27,0.16,0.8,0.67,0.5540540540540541
2230,401025249,21.0,21.0,0,1,1.4,0.64,-0.58,-0.04,0.02,1.42,0.2702702702702703
9513,401025249,13.0,13.0,0,1,1.69,0.28,0.08,-0.13,0.22,1.92,0.16216216216216217
5553,401025249,42.0,42.0,0,0,0.68,-0.44,0.9,-0.47,-0.01,0.67,0.5540540540540541
10586,401025249,34.0,34.0,0,0,-0.57,-0.63,0.86,1.26,1.49,0.92,0.44594594594594594
3970,401025249,42.0,42.0,0,0,0.73,-0.58,1.21,-0.69,-0.06,0.67,0.5540540540540541
462,401025249,55.0,55.0,0,0,-1.46,-0.01,1.13,0.75,1.87,0.42,0.7297297297297297
1185,401025249,42.0,42.0,0,0,0.73,-0.13,0.33,-0.26,-0.06,0.67,0.5540540540540541
1614,401025249,21.0,21.0,0,1,0.12,0.22,1.24,-0.16,1.29,1.42,0.2702702702702703
10140,401025249,72.0,72.0,0,0,-0.86,0.67,-0.08,-0.56,0.03,-0.83,0.9594594594594594
4479,401025249,70.0,70.0,0,0,-0.52,0.56,0.01,-0.63,-0.06,-0.58,0.9324324324324325
9261,401025247,58.0,58.0,0,0,0.32,-0.25,-1.15,0.99,-0.41,-0.09,0.8507462686567164
16,401025247,16.0,16.0,0,1,-0.28,1.16,0.95,0.08,2.19,1.91,0.22388059701492538
9517,401025247,30.0,30.0,0,1,0.82,-0.15,-0.49,0.73,0.09,0.91,0.43283582089552236
4989,401025247,58.0,58.0,0,0,0.54,0.46,-0.42,-0.68,-0.63,-0.09,0.8507462686567164
4682,401025247,1.0,1.0,1,0,1.29,0.29,1.92,0.9,3.12,4.41,0.0
5502,401025247,8.0,8.0,1,0,1.32,0.55,0.78,0.0,1.34,2.66,0.1044776119402985
10372,401025247,58.0,58.0,0,0,0.64,0.55,-1.79,0.5,-0.74,-0.09,0.8507462686567164
693,401025247,11.0,11.0,0,1,0.37,1.12,0.44,0.48,2.04,2.41,0.14925373134328357
1651,401025247,11.0,11.0,0,1,0.79,0.12,0.73,0.77,1.61,2.41,0.14925373134328357
6011,401025247,51.0,51.0,0,0,-0.53,0.37,-0.09,0.41,0.69,0.16,0.746268656716418
4638,401025247,45.0,45.0,0,0,0.7,-0.04,0.12,-0.37,-0.29,0.41,0.6567164179104478
8910,401025247,45.0,45.0,0,0,0.83,-0.54,-0.12,0.24,-0.42,0.41,0.6567164179104478
1222,401025247,15.0,15.0,0,1,0.56,1.18,0.71,-0.29,1.59,2.16,0.208955223880597
3596,401025247,30.0,30.0,0,1,-1.02,-0.15,0.86,1.21,1.92,0.91,0.43283582089552236
3599,401025247,36.0,36.0,0,0,0.45,0.33,-0.31,0.2,0.21,0.66,0.5223880597014925
9126,401025247,26.0,26.0,0,1,0.01,0.38,0.28,0.49,1.15,1.16,0.373134328358209
5704,401025247,20.0,20.0,0,1,0.47,0.69,0.05,0.19,0.93,1.41,0.2835820895522388
205,401025247,64.0,64.0,0,0,-0.13,-0.83,-0.35,0.97,-0.21,-0.34,0.9402985074626866
3449,401025247,8.0,8.0,1,0,-0.11,1.27,0.86,0.64,2.77,2.66,0.1044776119402985
5167,401025247,20.0,20.0,0,1,0.43,-0.45,0.23,1.2,0.98,1.41,0.2835820895522388
928,401025247,16.0,16.0,0,1,0.71,0.38,1.09,-0.27,1.2,1.91,0.22388059701492538
3950,401025247,51.0,51.0,0,0,1.0,-1.17,0.21,0.12,-0.84,0.16,0.746268656716418
5574,401025247,51.0,51.0,0,0,0.2,0.11,-0.64,0.49,-0.04,0.16,0.746268656716418
10054,401025247,20.0,20.0,0,1,1.49,0.08,0.17,-0.32,-0.08,1.41,0.2835820895522388
3452,401025247,58.0,58.0,0,0,0.5,0.99,-0.55,-1.03,-0.59,-0.09,0.8507462686567164
123,401025247,30.0,30.0,0,1,0.56,0.01,0.32,0.01,0.34,0.91,0.43283582089552236
301,401025247,51.0,51.0,0,0,-0.96,0.67,-0.33,0.77,1.12,0.16,0.746268656716418
5462,401025247,16.0,16.0,0,1,0.71,0.38,-0.24,1.07,1.2,1.91,0.22388059701492538
5408,401025247,36.0,36.0,0,0,-0.46,1.36,-0.42,0.17,1.12,0.66,0.5223880597014925
957,401025247,45.0,45.0,0,0,1.69,-1.45,-0.71,0.88,-1.28,0.41,0.6567164179104478
153,401025247,26.0,26.0,0,1,1.27,0.46,0.42,-0.99,-0.11,1.16,0.373134328358209
3317,401025247,36.0,36.0,0,0,1.09,0.09,0.02,-0.54,-0.43,0.66,0.5223880597014925
1676,401025247,30.0,30.0,0,1,-0.18,-0.06,0.87,0.27,1.09,0.91,0.43283582089552236
11099,401025247,6.0,6.0,1,0,1.1,-0.51,1.89,0.67,2.06,3.16,0.07462686567164178
10505,401025247,30.0,30.0,0,1,0.15,0.57,-0.64,0.82,0.75,0.91,0.43283582089552236
10166,401025247,26.0,26.0,0,1,0.41,-0.07,1.09,-0.28,0.75,1.16,0.373134328358209
1265,401025247,20.0,20.0,0,1,-0.36,0.76,1.21,-0.2,1.77,1.41,0.2835820895522388
446,401025247,4.0,4.0,1,0,1.6,1.11,1.26,-0.31,2.06,3.66,0.04477611940298507
4513,401025247,45.0,45.0,0,0,-1.25,0.13,1.68,-0.16,1.66,0.41,0.6567164179104478
3857,401025247,30.0,30.0,0,1,0.27,-0.77,1.49,-0.08,0.64,0.91,0.43283582089552236
77,401025247,45.0,45.0,0,0,1.04,-0.01,0.51,-1.14,-0.64,0.41,0.6567164179104478
8906,401025247,26.0,26.0,0,1,-1.26,0.65,0.59,1.17,2.42,1.16,0.373134328358209
1077,401025247,8.0,8.0,1,0,0.11,1.32,0.45,0.78,2.55,2.66,0.1044776119402985
3793,401025247,36.0,36.0,0,0,0.07,-0.31,0.55,0.35,0.59,0.66,0.5223880597014925
5962,401025247,58.0,58.0,0,0,0.13,-0.47,0.11,0.13,-0.23,-0.09,0.8507462686567164
257,401025247,51.0,51.0,0,0,-0.12,0.65,-0.17,-0.2,0.28,0.16,0.746268656716418
2571,401025247,11.0,11.0,0,1,0.69,0.15,0.56,1.0,1.72,2.41,0.14925373134328357
3688,401025247,68.0,68.0,0,0,1.52,-0.07,-1.26,-1.02,-2.36,-0.84,1.0
6999,401025247,36.0,36.0,0,0,0.31,0.72,-0.05,-0.33,0.34,0.66,0.5223880597014925
1042,401025247,20.0,20.0,0,1,0.32,0.06,0.66,0.37,1.08,1.41,0.2835820895522388
9568,401025247,36.0,36.0,0,0,-0.77,0.0,1.36,0.07,1.43,0.66,0.5223880597014925
5692,401025247,64.0,64.0,0,0,0.79,-0.18,-0.25,-0.7,-1.13,-0.34,0.9402985074626866
801,401025247,51.0,51.0,0,0,0.54,0.75,0.42,-1.54,-0.38,0.16,0.746268656716418
167,401025247,20.0,20.0,0,1,1.25,0.63,0.38,-0.85,0.16,1.41,0.2835820895522388
809,401025247,7.0,7.0,1,0,0.57,0.04,1.52,0.78,2.33,2.91,0.08955223880597014
335,401025247,68.0,68.0,0,0,-1.47,0.06,0.47,0.1,0.63,-0.84,1.0
9804,401025247,11.0,11.0,0,1,1.78,0.41,0.04,0.19,0.63,2.41,0.14925373134328357
7081,401025247,45.0,45.0,0,0,0.09,1.05,-1.66,0.92,0.31,0.41,0.6567164179104478
1170,401025247,68.0,68.0,0,0,0.28,-1.41,0.45,-0.16,-1.12,-0.84,1.0
1359,401025247,2.0,2.0,1,0,1.24,0.28,1.5,0.89,2.67,3.91,0.014925373134328358
7001,401025247,36.0,36.0,0,0,0.14,-0.5,1.36,-0.35,0.52,0.66,0.5223880597014925
3970,401025247,36.0,36.0,0,0,0.74,-0.63,0.07,0.48,-0.08,0.66,0.5223880597014925
9626,401025247,2.0,2.0,1,0,2.0,0.86,0.82,0.22,1.91,3.91,0.014925373134328358
1185,401025247,16.0,16.0,0,1,0.96,0.87,-0.01,0.09,0.95,1.91,0.22388059701492538
9040,401025247,36.0,36.0,0,0,0.98,0.23,0.29,-0.85,-0.32,0.66,0.5223880597014925
8889,401025247,51.0,51.0,0,0,0.0,0.0,-0.52,0.68,0.16,0.16,0.746268656716418
686,401025247,5.0,5.0,1,0,1.0,1.22,0.96,0.23,2.4,3.41,0.05970149253731343
16,401025246,55.0,55.0,0,0,-0.06,-0.02,0.74,-0.83,-0.11,-0.17,0.7105263157894737
9517,401025246,50.0,50.0,0,0,-1.28,1.48,-1.01,0.89,1.36,0.08,0.6447368421052632
4682,401025246,42.0,42.0,0,0,-0.55,-0.59,1.45,0.27,1.13,0.58,0.5394736842105263
5285,401025246,7.0,7.0,1,0,-0.07,1.45,0.19,0.5,2.15,2.08,0.07894736842105263
5338,401025246,23.0,23.0,0,1,1.75,-0.03,-0.14,-0.26,-0.42,1.33,0.2894736842105263
10046,401025246,3.0,3.0,1,0,0.73,-0.33,1.68,0.5,1.85,2.58,0.02631578947368421
2283,401025246,42.0,42.0,0,0,-0.29,-0.16,1.04,-0.01,0.87,0.58,0.5394736842105263
159,401025246,70.0,70.0,0,0,-0.64,-0.24,-1.0,1.2,-0.03,-0.67,0.9078947368421053
774,401025246,7.0,7.0,1,0,1.69,0.4,-0.05,0.05,0.39,2.08,0.07894736842105263
1225,401025246,23.0,23.0,0,1,0.93,-0.95,0.63,0.72,0.4,1.33,0.2894736842105263
1651,401025246,5.0,5.0,1,0,2.04,-1.06,0.55,0.79,0.29,2.33,0.05263157894736842
6011,401025246,16.0,16.0,0,1,2.28,-0.38,-1.09,0.77,-0.7,1.58,0.19736842105263158
4638,401025246,55.0,55.0,0,0,-0.34,0.5,0.09,-0.42,0.17,-0.17,0.7105263157894737
1222,401025246,23.0,23.0,0,1,-0.02,0.35,0.55,0.44,1.34,1.33,0.2894736842105263
3599,401025246,67.0,67.0,0,0,0.43,0.04,-0.44,-0.45,-0.85,-0.42,0.868421052631579
5704,401025246,7.0,7.0,1,0,1.72,-0.36,0.76,-0.04,0.36,2.08,0.07894736842105263
205,401025246,23.0,23.0,0,1,0.74,-0.23,0.44,0.37,0.59,1.33,0.2894736842105263
208,401025246,55.0,55.0,0,0,0.36,-0.49,-0.54,0.5,-0.53,-0.17,0.7105263157894737
3449,401025246,55.0,55.0,0,0,0.27,0.06,-0.56,0.06,-0.44,-0.17,0.7105263157894737
6017,401025246,23.0,23.0,0,1,-0.08,0.38,0.86,0.16,1.41,1.33,0.2894736842105263
9131,401025246,32.0,32.0,0,0,0.57,0.54,-0.04,0.01,0.51,1.08,0.40789473684210525
8992,401025246,40.0,40.0,0,0,0.64,1.07,-0.09,-0.79,0.19,0.83,0.5131578947368421
5167,401025246,32.0,32.0,0,0,-0.86,0.32,0.1,1.51,1.94,1.08,0.40789473684210525
3448,401025246,16.0,16.0,0,1,-0.52,-0.35,1.3,1.15,2.1,1.58,0.19736842105263158
3950,401025246,55.0,55.0,0,0,0.38,0.32,-0.97,0.09,-0.55,-0.17,0.7105263157894737
5574,401025246,74.0,74.0,0,0,-0.43,-0.36,-0.34,-0.28,-0.99,-1.42,0.9605263157894737
278,401025246,74.0,74.0,0,0,-1.06,-0.5,0.42,-0.29,-0.36,-1.42,0.9605263157894737
11448,401025246,50.0,50.0,0,0,0.12,-0.24,-0.66,0.86,-0.04,0.08,0.6447368421052632
5882,401025246,16.0,16.0,0,1,-0.97,-0.08,1.76,0.87,2.55,1.58,0.19736842105263158
3375,401025246,50.0,50.0,0,0,-0.65,-0.11,0.58,0.26,0.73,0.08,0.6447368421052632
1483,401025246,49.0,49.0,0,0,-1.11,0.27,0.69,0.48,1.44,0.33,0.631578947368421
301,401025246,55.0,55.0,0,0,0.4,0.09,-0.16,-0.49,-0.57,-0.17,0.7105263157894737
5408,401025246,32.0,32.0,0,0,1.15,-0.35,0.72,-0.44,-0.07,1.08,0.40789473684210525
619,401025246,7.0,7.0,1,0,0.7,0.53,0.66,0.18,1.38,2.08,0.07894736842105263
3856,401025246,14.0,14.0,0,1,0.12,0.31,1.18,0.21,1.71,1.83,0.17105263157894737
508,401025246,50.0,50.0,0,0,0.0,-0.06,0.45,-0.3,0.08,0.08,0.6447368421052632
153,401025246,70.0,70.0,0,0,-0.03,0.75,-1.03,-0.37,-0.64,-0.67,0.9078947368421053
196,401025246,16.0,16.0,0,1,-0.15,0.1,1.34,0.3,1.73,1.58,0.19736842105263158
5797,401025246,23.0,23.0,0,1,1.56,0.22,0.01,-0.46,-0.23,1.33,0.2894736842105263
2883,401025246,16.0,16.0,0,1,-0.72,1.27,0.64,0.39,2.3,1.58,0.19736842105263158
77,401025246,55.0,55.0,0,0,1.6,0.03,-1.45,-0.35,-1.77,-0.17,0.7105263157894737
2552,401025246,7.0,7.0,1,0,0.32,0.45,1.24,0.07,1.76,2.08,0.07894736842105263
8906,401025246,55.0,55.0,0,0,-0.6,0.61,-1.32,1.13,0.43,-0.17,0.7105263157894737
1077,401025246,7.0,7.0,1,0,1.34,0.39,-0.26,0.61,0.74,2.08,0.07894736842105263
3793,401025246,67.0,67.0,0,0,-0.88,0.22,-0.57,0.81,0.46,-0.42,0.868421052631579
676,401025246,32.0,32.0,0,0,0.37,-0.27,0.43,0.55,0.71,1.08,0.40789473684210525
1059,401025246,3.0,3.0,1,0,-0.17,0.3,1.81,0.64,2.75,2.58,0.02631578947368421
1411,401025246,55.0,55.0,0,0,-0.23,-0.71,0.18,0.59,0.06,-0.17,0.7105263157894737
9037,401025246,14.0,14.0,0,1,0.29,0.69,0.44,0.41,1.54,1.83,0.17105263157894737
3670,401025246,73.0,73.0,0,0,-0.48,-1.26,1.03,-0.46,-0.69,-1.17,0.9473684210526315
8974,401025246,77.0,77.0,0,0,0.13,-0.92,0.14,-1.52,-2.3,-2.17,1.0
257,401025246,23.0,23.0,0,1,-0.26,0.28,1.16,0.15,1.59,1.33,0.2894736842105263
2571,401025246,32.0,32.0,0,0,0.67,1.07,0.17,-0.84,0.41,1.08,0.40789473684210525
3688,401025246,42.0,42.0,0,0,2.08,-0.84,-0.87,0.2,-1.51,0.58,0.5394736842105263
1042,401025246,32.0,32.0,0,0,0.8,0.3,0.2,-0.22,0.28,1.08,0.40789473684210525
9568,401025246,42.0,42.0,0,0,0.65,0.79,-0.64,-0.22,-0.07,0.58,0.5394736842105263
6007,401025246,7.0,7.0,1,0,-0.72,0.08,1.34,1.38,2.8,2.08,0.07894736842105263
5692,401025246,67.0,67.0,0,0,0.09,0.29,-0.85,0.06,-0.51,-0.42,0.868421052631579
1750,401025246,55.0,55.0,0,0,0.36,0.24,-1.11,0.33,-0.53,-0.17,0.7105263157894737
4483,401025246,40.0,40.0,0,0,-0.31,0.23,1.54,-0.62,1.14,0.83,0.5131578947368421
809,401025246,16.0,16.0,0,1,-0.11,0.21,0.7,0.77,1.69,1.58,0.19736842105263158
962,401025246,76.0,76.0,0,0,-0.48,-0.56,-0.79,0.15,-1.19,-1.67,0.9868421052631579
335,401025246,32.0,32.0,0,0,0.08,1.04,0.07,-0.11,1.0,1.08,0.40789473684210525
377,401025246,23.0,23.0,0,1,0.05,0.51,0.43,0.34,1.28,1.33,0.2894736842105263
78,401025246,42.0,42.0,0,0,0.29,0.11,0.65,-0.47,0.29,0.58,0.5394736842105263
7081,401025246,2.0,2.0,1,0,0.71,0.1,1.21,0.81,2.12,2.83,0.013157894736842105
9076,401025246,1.0,1.0,1,0,0.73,-0.42,1.51,1.0,2.1,2.83,0.0
1037,401025246,16.0,16.0,0,1,-0.11,-0.25,1.61,0.34,1.69,1.58,0.19736842105263158
3378,401025246,55.0,55.0,0,0,-0.73,0.85,0.75,-1.05,0.56,-0.17,0.7105263157894737
6086,401025246,55.0,55.0,0,0,-0.47,0.34,-0.24,0.2,0.3,-0.17,0.7105263157894737
3295,401025246,23.0,23.0,0,1,0.09,1.05,0.56,-0.37,1.24,1.33,0.2894736842105263
10360,401025246,42.0,42.0,0,0,0.18,0.77,-0.67,0.31,0.4,0.58,0.5394736842105263
7082,401025246,50.0,50.0,0,0,-1.42,0.19,1.98,-0.66,1.5,0.08,0.6447368421052632
3532,401025246,70.0,70.0,0,0,0.11,0.19,-0.18,-0.79,-0.78,-0.67,0.9078947368421053
1614,401025246,5.0,5.0,1,0,0.3,0.87,0.78,0.38,2.03,2.33,0.05263157894736842
10140,401025246,32.0,32.0,0,0,0.85,-0.69,0.75,0.17,0.23,1.08,0.40789473684210525
686,401025246,42.0,42.0,0,0,1.1,0.04,-0.43,-0.14,-0.52,0.58,0.5394736842105263
9261,3756,8.0,8.0,1,0,0.02,0.53,0.77,0.57,1.87,1.9,0.0958904109589041
16,3756,74.0,74.0,0,0,-1.18,0.12,-0.71,0.66,0.07,-1.1,1.0
5502,3756,32.0,32.0,0,0,0.48,-0.16,0.66,-0.09,0.41,0.9,0.4246575342465753
10372,3756,60.0,60.0,0,0,0.8,-0.16,-0.01,-0.48,-0.65,0.15,0.8082191780821918
10577,3756,32.0,32.0,0,0,0.04,0.89,-0.86,0.82,0.85,0.9,0.4246575342465753
5285,3756,52.0,52.0,0,0,0.05,-0.26,0.23,0.38,0.34,0.4,0.6986301369863014
1626,3756,24.0,24.0,0,1,-0.1,-0.5,0.94,0.8,1.25,1.15,0.3150684931506849
5338,3756,18.0,18.0,0,1,0.74,0.11,1.19,-0.65,0.65,1.4,0.2328767123287671
693,3756,43.0,43.0,0,0,0.21,0.74,0.05,-0.35,0.44,0.65,0.5753424657534246
7161,3756,60.0,60.0,0,0,0.04,-0.15,0.39,-0.14,0.1,0.15,0.8082191780821918
6011,3756,2.0,2.0,1,0,1.59,0.39,0.36,1.06,1.81,3.4,0.0136986301369863
1673,3756,43.0,43.0,0,0,1.06,-0.12,-0.83,0.53,-0.42,0.65,0.5753424657534246
68,3756,64.0,64.0,0,0,-0.11,-0.44,0.26,0.19,0.0,-0.1,0.863013698630137
5704,3756,18.0,18.0,0,1,0.03,0.67,0.84,-0.15,1.36,1.4,0.2328767123287671
208,3756,18.0,18.0,0,1,1.03,-0.02,-0.25,0.64,0.37,1.4,0.2328767123287671
9025,3756,18.0,18.0,0,1,0.14,0.48,-0.08,0.86,1.26,1.4,0.2328767123287671
3950,3756,64.0,64.0,0,0,0.35,0.49,-0.54,-0.41,-0.46,-0.1,0.863013698630137
10054,3756,43.0,43.0,0,0,0.86,-0.25,-0.35,0.38,-0.21,0.65,0.5753424657534246
123,3756,72.0,72.0,0,0,0.05,1.02,-0.98,-0.94,-0.91,-0.85,0.9726027397260274
5882,3756,3.0,3.0,1,0,1.36,1.23,-0.71,0.76,1.29,2.65,0.0273972602739726
74,3756,70.0,70.0,0,0,1.15,-0.32,-1.17,-0.26,-1.76,-0.6,0.9452054794520548
5462,3756,14.0,14.0,0,1,-0.85,0.67,0.78,1.05,2.5,1.65,0.1780821917808219
957,3756,43.0,43.0,0,0,1.53,0.09,-1.53,0.56,-0.88,0.65,0.5753424657534246
576,3756,6.0,6.0,1,0,-0.55,-0.17,2.11,0.76,2.7,2.15,0.0684931506849315
619,3756,1.0,1.0,1,0,1.05,-0.05,1.81,0.59,2.34,3.4,0.0
110,3756,64.0,64.0,0,0,0.1,0.62,0.26,-1.08,-0.21,-0.1,0.863013698630137
5025,3756,32.0,32.0,0,0,0.09,-0.17,0.97,0.01,0.8,0.9,0.4246575342465753
1067,3756,32.0,32.0,0,0,-1.05,-0.32,0.76,1.51,1.95,0.9,0.4246575342465753
5797,3756,32.0,32.0,0,0,0.69,-0.43,1.07,-0.43,0.21,0.9,0.4246575342465753
1676,3756,24.0,24.0,0,1,-1.01,0.96,0.31,0.89,2.16,1.15,0.3150684931506849
569,3756,52.0,52.0,0,0,-0.52,0.39,0.35,0.18,0.91,0.4,0.6986301369863014
5467,3756,3.0,3.0,1,0,-0.81,0.54,2.16,0.75,3.45,2.65,0.0273972602739726
1265,3756,52.0,52.0,0,0,1.45,0.1,-0.63,-0.53,-1.06,0.4,0.6986301369863014
4513,3756,43.0,43.0,0,0,-0.41,0.11,0.93,0.02,1.06,0.65,0.5753424657534246
8906,3756,6.0,6.0,1,0,0.72,0.54,0.11,0.77,1.42,2.15,0.0684931506849315
1077,3756,43.0,43.0,0,0,0.44,0.14,-0.76,0.82,0.21,0.65,0.5753424657534246
3793,3756,32.0,32.0,0,0,-0.45,-0.17,0.95,0.56,1.35,0.9,0.4246575342465753
676,3756,32.0,32.0,0,0,0.49,-0.05,0.38,0.08,0.41,0.9,0.4246575342465753
1059,3756,24.0,24.0,0,1,-0.83,0.5,0.45,1.03,1.98,1.15,0.3150684931506849
1411,3756,8.0,8.0,1,0,1.03,-0.34,1.23,-0.03,0.86,1.9,0.0958904109589041
1367,3756,52.0,52.0,0,0,0.01,0.15,0.07,0.17,0.38,0.4,0.6986301369863014
257,3756,8.0,8.0,1,0,1.32,-0.13,0.62,0.09,0.58,1.9,0.0958904109589041
4010,3756,24.0,24.0,0,1,1.82,0.0,-0.7,0.03,-0.67,1.15,0.3150684931506849
3688,3756,14.0,14.0,0,1,0.51,0.2,0.43,0.5,1.13,1.65,0.1780821917808219
1600,3756,18.0,18.0,0,1,0.42,0.42,0.34,0.21,0.97,1.4,0.2328767123287671
6999,3756,14.0,14.0,0,1,0.09,0.56,0.64,0.36,1.56,1.65,0.1780821917808219
1042,3756,32.0,32.0,0,0,0.54,-0.39,-0.05,0.81,0.36,0.9,0.4246575342465753
308,3756,24.0,24.0,0,1,1.67,0.08,0.31,-0.91,-0.52,1.15,0.3150684931506849
1750,3756,43.0,43.0,0,0,-0.11,-0.39,1.15,-0.01,0.76,0.65,0.5753424657534246
6783,3756,32.0,32.0,0,0,1.22,0.33,0.12,-0.77,-0.33,0.9,0.4246575342465753
3702,3756,43.0,43.0,0,0,0.73,0.03,-0.54,0.42,-0.09,0.65,0.5753424657534246
1254,3756,18.0,18.0,0,1,1.25,0.31,0.18,-0.34,0.15,1.4,0.2328767123287671
5409,3756,8.0,8.0,1,0,0.98,0.22,0.58,0.11,0.91,1.9,0.0958904109589041
1733,3756,32.0,32.0,0,0,1.51,0.18,-1.14,0.35,-0.62,0.9,0.4246575342465753
377,3756,70.0,70.0,0,0,-0.61,-0.2,-0.16,0.37,0.01,-0.6,0.9452054794520548
4587,3756,14.0,14.0,0,1,-0.22,0.77,0.43,0.68,1.87,1.65,0.1780821917808219
1359,3756,64.0,64.0,0,0,0.65,-0.35,-0.39,-0.01,-0.76,-0.1,0.863013698630137
1037,3756,24.0,24.0,0,1,-0.35,0.1,0.8,0.59,1.5,1.15,0.3150684931506849
6001,3756,60.0,60.0,0,0,0.51,0.72,-1.45,0.36,-0.36,0.15,0.8082191780821918
7001,3756,5.0,5.0,1,0,2.26,-0.03,0.02,0.14,0.14,2.4,0.0547945205479452
1613,3756,72.0,72.0,0,0,-1.62,-0.31,0.88,0.19,0.77,-0.85,0.9726027397260274
4643,3756,24.0,24.0,0,1,1.27,0.23,0.26,-0.61,-0.12,1.15,0.3150684931506849
9569,3756,52.0,52.0,0,0,-0.74,-0.31,1.14,0.31,1.14,0.4,0.6986301369863014
2230,3756,24.0,24.0,0,1,0.17,-0.42,0.42,0.98,0.98,1.15,0.3150684931506849
6086,3756,60.0,60.0,0,0,0.14,0.21,0.63,-0.83,0.01,0.15,0.8082191780821918
10586,3756,68.0,68.0,0,0,0.07,-1.14,-0.26,0.97,-0.42,-0.35,0.9178082191780822
3970,3756,43.0,43.0,0,0,-0.34,-0.78,1.5,0.26,0.99,0.65,0.5753424657534246
9031,3756,52.0,52.0,0,0,-0.41,0.16,1.01,-0.36,0.81,0.4,0.6986301369863014
3295,3756,32.0,32.0,0,0,0.96,0.21,0.1,-0.37,-0.07,0.9,0.4246575342465753
9261,3771,16.0,16.0,0,1,-0.61,0.85,1.17,0.05,2.07,1.46,0.19480519480519481
16,3771,49.0,49.0,0,0,0.25,0.58,0.06,-0.68,-0.04,0.21,0.6233766233766234
512,3771,40.0,40.0,0,0,0.03,1.34,-0.73,0.07,0.69,0.71,0.5064935064935064
9517,3771,40.0,40.0,0,0,0.34,0.01,0.39,-0.03,0.37,0.71,0.5064935064935064
5548,3771,12.0,12.0,0,1,-0.8,0.96,1.1,0.45,2.51,1.71,0.14285714285714285
10372,3771,59.0,59.0,0,0,0.57,-0.54,-0.23,0.17,-0.61,-0.04,0.7532467532467533
388,3771,16.0,16.0,0,1,-0.86,0.9,0.86,0.56,2.32,1.46,0.19480519480519481
10577,3771,68.0,68.0,0,0,0.84,0.16,-1.35,-0.19,-1.37,-0.54,0.8701298701298701
6062,3771,16.0,16.0,0,1,0.61,-0.31,1.52,-0.36,0.85,1.46,0.19480519480519481
2283,3771,31.0,31.0,0,0,0.96,0.14,-0.06,-0.07,0.01,0.96,0.38961038961038963
4383,3771,8.0,8.0,1,0,2.05,-0.11,-0.3,0.32,-0.08,1.96,0.09090909090909091
774,3771,49.0,49.0,0,0,-0.03,0.73,-0.59,0.11,0.24,0.21,0.6233766233766234
4638,3771,46.0,46.0,0,0,-0.4,-0.27,1.0,0.13,0.86,0.46,0.5844155844155844
1222,3771,31.0,31.0,0,0,0.82,-0.29,0.16,0.28,0.15,0.96,0.38961038961038963
68,3771,31.0,31.0,0,0,1.56,0.78,-1.35,-0.03,-0.59,0.96,0.38961038961038963
9126,3771,16.0,16.0,0,1,0.35,-0.23,0.54,0.8,1.11,1.46,0.19480519480519481
1177,3771,68.0,68.0,0,0,-0.38,-0.73,0.35,0.22,-0.16,-0.54,0.8701298701298701
208,3771,40.0,40.0,0,0,-0.23,0.1,0.87,-0.03,0.94,0.71,0.5064935064935064
3449,3771,49.0,49.0,0,0,-0.36,0.02,1.12,-0.56,0.57,0.21,0.6233766233766234
1097,3771,49.0,49.0,0,0,0.96,-0.15,-0.19,-0.4,-0.74,0.21,0.6233766233766234
9131,3771,46.0,46.0,0,0,-0.11,0.24,0.61,-0.27,0.57,0.46,0.5844155844155844
8992,3771,31.0,31.0,0,0,-0.02,0.38,0.43,0.18,0.99,0.96,0.38961038961038963
5574,3771,64.0,64.0,0,0,0.77,-0.22,-0.21,-0.62,-1.06,-0.29,0.8181818181818182
123,3771,64.0,64.0,0,0,0.6,-0.9,-0.43,0.44,-0.89,-0.29,0.8181818181818182
3375,3771,68.0,68.0,0,0,0.39,-1.02,0.1,-0.01,-0.93,-0.54,0.8701298701298701
301,3771,40.0,40.0,0,0,0.55,-0.07,-0.25,0.47,0.16,0.71,0.5064935064935064
6991,3771,78.0,78.0,0,0,-0.42,-0.72,-0.25,-0.65,-1.62,-2.04,1.0
153,3771,7.0,7.0,1,0,0.95,0.5,0.6,0.16,1.26,2.21,0.07792207792207792
196,3771,74.0,74.0,0,0,-0.62,-0.73,0.76,-0.45,-0.42,-1.04,0.948051948051948
1067,3771,46.0,46.0,0,0,-0.63,-0.12,1.68,-0.47,1.09,0.46,0.5844155844155844
3317,3771,8.0,8.0,1,0,-0.13,0.81,0.22,1.06,2.09,1.96,0.09090909090909091
1676,3771,16.0,16.0,0,1,0.32,0.71,0.53,-0.1,1.14,1.46,0.19480519480519481
569,3771,5.0,5.0,1,0,1.68,0.42,0.11,0.24,0.78,2.46,0.05194805194805195
446,3771,28.0,28.0,0,1,0.26,0.28,0.49,0.19,0.96,1.21,0.35064935064935066
4513,3771,31.0,31.0,0,0,-0.61,0.5,0.5,0.58,1.57,0.96,0.38961038961038963
6689,3771,31.0,31.0,0,0,0.89,0.04,0.49,-0.46,0.08,0.96,0.38961038961038963
601,3771,64.0,64.0,0,0,0.47,0.63,-0.75,-0.63,-0.75,-0.29,0.8181818181818182
676,3771,74.0,74.0,0,0,-0.07,0.15,-1.47,0.35,-0.97,-1.04,0.948051948051948
1059,3771,16.0,16.0,0,1,-0.29,-0.2,0.75,1.21,1.76,1.46,0.19480519480519481
1293,3771,16.0,16.0,0,1,-0.41,0.32,1.01,0.53,1.87,1.46,0.19480519480519481
1411,3771,68.0,68.0,0,0,-0.36,0.35,-0.45,-0.08,-0.18,-0.54,0.8701298701298701
1637,3771,77.0,77.0,0,0,-0.33,-0.52,0.12,-1.06,-1.45,-1.79,0.987012987012987
257,3771,40.0,40.0,0,0,0.85,-0.36,0.12,0.1,-0.14,0.71,0.5064935064935064
1042,3771,59.0,59.0,0,0,-1.07,-0.58,0.56,1.06,1.03,-0.04,0.7532467532467533
9568,3771,49.0,49.0,0,0,0.3,1.25,-0.89,-0.45,-0.09,0.21,0.6233766233766234
72,3771,1.0,1.0,1,0,0.86,1.14,1.25,-0.05,2.35,3.21,0.0
5579,3771,2.0,2.0,1,0,-0.26,0.57,2.11,0.54,3.22,2.96,0.012987012987012988
6825,3771,59.0,59.0,0,0,-0.31,0.4,0.59,-0.72,0.27,-0.04,0.7532467532467533
1750,3771,40.0,40.0,0,0,-0.61,1.0,0.2,0.13,1.33,0.71,0.5064935064935064
1935,3771,16.0,16.0,0,1,0.58,0.73,0.45,-0.29,0.88,1.46,0.19480519480519481
1254,3771,31.0,31.0,0,0,0.55,-0.29,1.28,-0.58,0.41,0.96,0.38961038961038963
4483,3771,16.0,16.0,0,1,0.71,0.57,-0.29,0.47,0.75,1.46,0.19480519480519481
962,3771,28.0,28.0,0,1,0.09,-0.03,0.77,0.39,1.12,1.21,0.35064935064935066
335,3771,59.0,59.0,0,0,0.53,-0.24,-0.24,-0.09,-0.57,-0.04,0.7532467532467533
377,3771,5.0,5.0,1,0,1.21,1.09,0.15,0.02,1.25,2.46,0.05194805194805195
4591,3771,64.0,64.0,0,0,-0.3,-0.25,-0.16,0.42,0.01,-0.29,0.8181818181818182
9938,3771,12.0,12.0,0,1,2.62,-1.08,0.28,-0.1,-0.91,1.71,0.14285714285714285
78,3771,31.0,31.0,0,0,0.13,-0.4,1.42,-0.19,0.83,0.96,0.38961038961038963
158,3771,4.0,4.0,1,0,-0.63,0.54,1.28,1.53,3.34,2.71,0.03896103896103896
6937,3771,49.0,49.0,0,0,-0.02,0.56,-0.1,-0.23,0.23,0.21,0.6233766233766234
4449,3771,73.0,73.0,0,0,-1.32,-0.68,1.1,0.11,0.53,-0.79,0.935064935064935
7081,3771,59.0,59.0,0,0,0.93,-0.39,-0.77,0.2,-0.96,-0.04,0.7532467532467533
4587,3771,49.0,49.0,0,0,-0.29,-0.34,0.45,0.4,0.51,0.21,0.6233766233766234
1359,3771,12.0,12.0,0,1,-0.66,0.6,1.1,0.67,2.37,1.71,0.14285714285714285
7001,3771,68.0,68.0,0,0,-0.8,0.66,0.36,-0.76,0.26,-0.54,0.8701298701298701
1613,3771,49.0,49.0,0,0,0.19,-0.12,-0.58,0.71,0.02,0.21,0.6233766233766234
3378,3771,31.0,31.0,0,0,-0.3,0.4,0.8,0.06,1.27,0.96,0.38961038961038963
412,3771,12.0,12.0,0,1,1.12,0.12,0.33,0.14,0.59,1.71,0.14285714285714285
9626,3771,8.0,8.0,1,0,0.01,0.29,0.54,1.12,1.96,1.96,0.09090909090909091
3295,3771,28.0,28.0,0,1,0.37,0.66,0.02,0.16,0.85,1.21,0.35064935064935066
462,3771,2.0,2.0,1,0,0.22,1.03,1.24,0.47,2.74,2.96,0.012987012987012988
7082,3771,49.0,49.0,0,0,1.35,-0.21,0.0,-0.94,-1.14,0.21,0.6233766233766234
3532,3771,16.0,16.0,0,1,0.15,0.74,0.5,0.06,1.31,1.46,0.19480519480519481
1614,3771,8.0,8.0,1,0,0.26,0.29,1.01,0.4,1.7,1.96,0.09090909090909091
686,3771,16.0,16.0,0,1,0.44,0.3,0.29,0.43,1.02,1.46,0.19480519480519481
4989,3749,59.0,59.0,0,0,-0.44,-0.5,0.4,0.33,0.23,-0.21,0.7945205479452054
3832,3749,3.0,3.0,1,0,1.75,0.13,1.24,0.67,2.04,3.79,0.0273972602739726
10372,3749,29.0,29.0,0,1,0.3,-0.07,0.6,0.21,0.74,1.04,0.3835616438356164
388,3749,13.0,13.0,0,1,-0.34,0.58,1.31,0.24,2.14,1.8,0.1643835616438356
10577,3749,33.0,33.0,0,0,-0.94,-0.01,1.36,0.39,1.73,0.79,0.4383561643835616
5285,3749,5.0,5.0,1,0,0.82,-0.02,1.55,0.7,2.23,3.04,0.0547945205479452
693,3749,74.0,74.0,0,0,0.34,0.03,-1.43,-0.89,-2.3,-1.96,1.0
1225,3749,33.0,33.0,0,0,-0.58,0.11,0.76,0.5,1.37,0.79,0.4383561643835616
4638,3749,33.0,33.0,0,0,0.35,-0.27,0.67,0.04,0.44,0.79,0.4383561643835616
9126,3749,59.0,59.0,0,0,-0.84,0.06,0.01,0.57,0.64,-0.2,0.7945205479452054
3449,3749,33.0,33.0,0,0,1.23,0.0,-0.7,0.27,-0.43,0.79,0.4383561643835616
6017,3749,17.0,17.0,0,1,-1.26,1.1,1.2,0.5,2.8,1.55,0.2191780821917808
1352,3749,33.0,33.0,0,0,0.69,0.2,0.03,-0.12,0.11,0.79,0.4383561643835616
1264,3749,68.0,68.0,0,0,0.17,0.15,-1.03,-0.49,-1.38,-1.21,0.9178082191780822
9025,3749,29.0,29.0,0,1,0.34,0.06,0.54,0.1,0.7,1.04,0.3835616438356164
8992,3749,13.0,13.0,0,1,0.82,0.52,0.19,0.27,0.98,1.79,0.1643835616438356
3577,3749,13.0,13.0,0,1,0.96,1.15,0.1,-0.43,0.83,1.79,0.1643835616438356
5167,3749,11.0,11.0,0,1,1.04,-0.51,0.93,0.83,1.25,2.29,0.136986301369863
5882,3749,8.0,8.0,1,0,1.38,-0.42,0.7,0.88,1.16,2.54,0.0958904109589041
74,3749,17.0,17.0,0,1,2.15,1.13,-1.65,-0.08,-0.6,1.54,0.2191780821917808
3550,3749,49.0,49.0,0,0,-0.3,-0.27,0.14,0.72,0.59,0.29,0.6575342465753424
5408,3749,33.0,33.0,0,0,1.04,-0.32,0.45,-0.37,-0.25,0.79,0.4383561643835616
5504,3749,64.0,64.0,0,0,0.18,0.52,-0.86,-0.29,-0.63,-0.46,0.863013698630137
6991,3749,72.0,72.0,0,0,-0.78,-0.19,0.12,-0.61,-0.68,-1.46,0.9726027397260274
6196,3749,33.0,33.0,0,0,-0.28,-0.54,0.97,0.65,1.08,0.79,0.4383561643835616
110,3749,17.0,17.0,0,1,-0.24,0.38,0.93,0.47,1.78,1.55,0.2191780821917808
153,3749,46.0,46.0,0,0,0.1,0.77,-0.08,-0.25,0.44,0.54,0.6164383561643836
1067,3749,49.0,49.0,0,0,-0.25,1.75,-0.66,-0.54,0.55,0.29,0.6575342465753424
5797,3749,24.0,24.0,0,1,-0.41,0.78,0.8,0.13,1.71,1.29,0.3150684931506849
1676,3749,7.0,7.0,1,0,1.39,0.83,0.89,-0.32,1.41,2.79,0.0821917808219178
5578,3749,68.0,68.0,0,0,0.68,-1.16,-1.12,0.4,-1.88,-1.21,0.9178082191780822
4848,3749,1.0,1.0,1,0,0.52,0.54,2.37,0.61,3.52,4.04,0.0
1030,3749,72.0,72.0,0,0,-0.81,-0.31,-0.29,-0.04,-0.64,-1.46,0.9726027397260274
446,3749,33.0,33.0,0,0,0.67,0.61,-0.54,0.05,0.12,0.79,0.4383561643835616
5771,3749,68.0,68.0,0,0,0.53,-1.25,-0.81,0.32,-1.74,-1.21,0.9178082191780822
4513,3749,49.0,49.0,0,0,-2.21,-0.1,1.68,0.93,2.51,0.3,0.6575342465753424
6689,3749,8.0,8.0,1,0,0.93,0.04,1.44,0.14,1.62,2.54,0.0958904109589041
676,3749,17.0,17.0,0,1,-0.13,0.1,0.69,0.89,1.68,1.55,0.2191780821917808
1059,3749,2.0,2.0,1,0,1.25,1.18,1.04,0.57,2.79,4.04,0.0136986301369863
1293,3749,24.0,24.0,0,1,0.51,-0.39,0.33,0.84,0.78,1.29,0.3150684931506849
1411,3749,66.0,66.0,0,0,-0.3,-0.89,0.33,0.16,-0.4,-0.71,0.8904109589041096
1637,3749,74.0,74.0,0,0,-0.78,-0.56,-0.62,0.01,-1.17,-1.96,1.0
4781,3749,49.0,49.0,0,0,0.58,-0.12,0.04,-0.21,-0.29,0.29,0.6575342465753424
6931,3749,59.0,59.0,0,0,-0.46,-0.31,0.32,0.24,0.26,-0.2,0.7945205479452054
8974,3749,57.0,57.0,0,0,0.18,0.37,-0.64,0.13,-0.13,0.04,0.7671232876712328
4010,3749,67.0,67.0,0,0,0.18,0.46,-0.65,-0.94,-1.13,-0.96,0.9041095890410958
3688,3749,24.0,24.0,0,1,0.44,-0.28,0.76,0.38,0.86,1.29,0.3150684931506849
1042,3749,33.0,33.0,0,0,0.17,0.03,0.47,0.13,0.63,0.79,0.4383561643835616
9568,3749,64.0,64.0,0,0,-0.04,-0.33,0.96,-1.05,-0.42,-0.45,0.863013698630137
5692,3749,49.0,49.0,0,0,1.34,-0.38,-0.7,0.04,-1.05,0.29,0.6575342465753424
6825,3749,33.0,33.0,0,0,0.22,0.59,0.32,-0.33,0.58,0.79,0.4383561643835616
4321,3749,29.0,29.0,0,1,-0.38,-0.19,1.87,-0.25,1.43,1.04,0.3835616438356164
6783,3749,33.0,33.0,0,0,1.34,0.37,-0.64,-0.27,-0.54,0.79,0.4383561643835616
5409,3749,24.0,24.0,0,1,0.28,-0.52,1.53,0.01,1.02,1.29,0.3150684931506849
3470,3749,59.0,59.0,0,0,0.85,-0.57,-1.21,0.73,-1.05,-0.21,0.7945205479452054
809,3749,49.0,49.0,0,0,-0.82,0.2,0.94,-0.03,1.12,0.29,0.6575342465753424
377,3749,17.0,17.0,0,1,0.13,0.34,0.58,0.5,1.42,1.54,0.2191780821917808
4591,3749,46.0,46.0,0,0,0.69,-0.27,0.27,-0.14,-0.15,0.54,0.6164383561643836
9938,3749,8.0,8.0,1,0,1.44,-0.1,1.26,-0.06,1.1,2.54,0.0958904109589041
78,3749,46.0,46.0,0,0,-0.92,0.27,0.82,0.38,1.47,0.55,0.6164383561643836
158,3749,33.0,33.0,0,0,-0.75,0.25,1.71,-0.41,1.55,0.79,0.4383561643835616
4587,3749,49.0,49.0,0,0,-0.31,0.31,0.04,0.26,0.6,0.3,0.6575342465753424
1037,3749,17.0,17.0,0,1,-0.52,-0.38,2.18,0.27,2.06,1.54,0.2191780821917808
3378,3749,29.0,29.0,0,1,0.46,0.21,0.7,-0.31,0.59,1.04,0.3835616438356164
9569,3749,24.0,24.0,0,1,0.94,-0.64,0.75,0.24,0.35,1.29,0.3150684931506849
5539,3749,4.0,4.0,1,0,0.17,1.12,1.52,0.74,3.37,3.54,0.0410958904109589
10586,3749,17.0,17.0,0,1,0.14,-0.15,0.81,0.75,1.41,1.54,0.2191780821917808
3970,3749,49.0,49.0,0,0,0.69,0.87,-0.67,-0.59,-0.4,0.29,0.6575342465753424
9031,3749,13.0,13.0,0,1,1.08,-0.09,0.55,0.26,0.71,1.79,0.1643835616438356
3295,3749,68.0,68.0,0,0,-0.35,0.03,-0.69,-0.19,-0.85,-1.2,0.9178082191780822
462,3749,12.0,12.0,0,1,0.84,0.04,1.12,0.05,1.2,2.04,0.1506849315068493
1185,3749,59.0,59.0,0,0,-0.89,0.59,-0.48,0.56,0.68,-0.2,0.7945205479452054
3532,3749,33.0,33.0,0,0,0.15,-0.2,0.63,0.22,0.65,0.79,0.4383561643835616
1614,3749,5.0,5.0,1,0,1.8,0.49,1.0,-0.25,1.24,3.04,0.0547945205479452
9261,3748,68.0,68.0,0,0,-0.05,-0.82,-0.19,-0.11,-1.11,-1.17,0.9054054054054054
16,3748,14.0,14.0,0,1,0.77,1.23,0.15,-0.07,1.31,2.08,0.17567567567567569
9517,3748,49.0,49.0,0,0,0.82,-0.02,-0.41,-0.06,-0.49,0.33,0.6486486486486487
5548,3748,6.0,6.0,1,0,-0.09,0.87,1.17,0.63,2.67,2.58,0.06756756756756757
4989,3748,26.0,26.0,0,1,0.99,0.19,0.67,-0.77,0.09,1.08,0.33783783783783783
3832,3748,16.0,16.0,0,1,1.2,-0.14,0.25,0.27,0.38,1.58,0.20270270270270271
10372,3748,53.0,53.0,0,0,0.15,0.42,-1.17,0.67,-0.07,0.08,0.7027027027027027
388,3748,53.0,53.0,0,0,-0.94,-0.49,1.04,0.47,1.02,0.08,0.7027027027027027
5338,3748,20.0,20.0,0,1,0.76,0.57,0.67,-0.67,0.57,1.33,0.25675675675675674
10046,3748,41.0,41.0,0,0,-0.97,0.22,0.42,0.91,1.55,0.58,0.5405405405405406
4383,3748,37.0,37.0,0,0,-0.15,0.44,0.31,0.23,0.98,0.83,0.4864864864864865
7161,3748,41.0,41.0,0,0,0.74,-1.25,0.27,0.82,-0.16,0.58,0.5405405405405406
8910,3748,53.0,53.0,0,0,-0.09,0.25,-0.2,0.11,0.17,0.08,0.7027027027027027
3596,3748,49.0,49.0,0,0,0.16,-0.45,-0.01,0.63,0.17,0.33,0.6486486486486487
780,3748,1.0,1.0,1,0,0.77,1.08,1.11,0.61,2.81,3.58,0.0
68,3748,49.0,49.0,0,0,-0.18,0.9,-0.74,0.35,0.51,0.33,0.6486486486486487
205,3748,41.0,41.0,0,0,-0.11,0.18,0.24,0.28,0.69,0.58,0.5405405405405406
208,3748,37.0,37.0,0,0,-0.2,-0.37,0.92,0.48,1.03,0.83,0.4864864864864865
769,3748,73.0,73.0,0,0,-0.49,-0.67,-0.57,0.31,-0.93,-1.42,0.972972972972973
1097,3748,68.0,68.0,0,0,-0.37,0.0,-0.89,0.1,-0.8,-1.17,0.9054054054054054
9131,3748,6.0,6.0,1,0,1.3,0.51,0.95,-0.19,1.28,2.58,0.06756756756756757
8992,3748,26.0,26.0,0,1,0.39,0.55,-0.39,0.54,0.69,1.08,0.33783783783783783
3577,3748,16.0,16.0,0,1,2.45,-0.8,0.13,-0.2,-0.87,1.58,0.20270270270270271
3448,3748,16.0,16.0,0,1,0.26,0.88,0.19,0.25,1.32,1.58,0.20270270270270271
5574,3748,75.0,75.0,0,0,0.54,-0.91,-1.21,-0.34,-2.46,-1.92,1.0
74,3748,68.0,68.0,0,0,0.32,-0.59,-0.73,-0.16,-1.49,-1.17,0.9054054054054054
301,3748,26.0,26.0,0,1,-0.85,1.05,0.42,0.47,1.93,1.08,0.33783783783783783
5934,3748,53.0,53.0,0,0,-0.59,-0.43,1.18,-0.08,0.67,0.08,0.7027027027027027
6991,3748,60.0,60.0,0,0,-0.63,-1.17,0.61,1.01,0.46,-0.17,0.7972972972972973
3856,3748,41.0,41.0,0,0,1.45,0.98,-1.44,-0.41,-0.87,0.58,0.5405405405405406
5025,3748,14.0,14.0,0,1,-0.68,1.25,0.76,0.75,2.76,2.08,0.17567567567567569
1067,3748,60.0,60.0,0,0,-0.26,0.0,-0.63,0.72,0.09,-0.17,0.7972972972972973
5797,3748,26.0,26.0,0,1,0.69,-0.85,1.42,-0.18,0.39,1.08,0.33783783783783783
3317,3748,20.0,20.0,0,1,-0.07,1.02,0.15,0.24,1.4,1.33,0.25675675675675674
1676,3748,26.0,26.0,0,1,-0.29,0.04,1.42,-0.09,1.38,1.08,0.33783783783783783
5467,3748,9.0,9.0,1,0,0.9,0.66,0.76,0.01,1.43,2.33,0.10810810810810811
4848,3748,9.0,9.0,1,0,1.07,-0.22,1.49,-0.02,1.26,2.33,0.10810810810810811
3857,3748,20.0,20.0,0,1,-0.01,0.76,0.1,0.47,1.34,1.33,0.25675675675675674
6689,3748,63.0,63.0,0,0,0.41,0.11,-0.8,-0.14,-0.82,-0.42,0.8378378378378378
318,3748,2.0,2.0,1,0,1.39,1.45,0.53,-0.29,1.69,3.08,0.013513513513513514
1077,3748,41.0,41.0,0,0,-0.69,0.17,0.36,0.73,1.27,0.58,0.5405405405405406
601,3748,37.0,37.0,0,0,1.72,-0.06,0.83,-1.66,-0.89,0.83,0.4864864864864865
1059,3748,26.0,26.0,0,1,0.52,1.0,-0.06,-0.38,0.56,1.08,0.33783783783783783
3670,3748,53.0,53.0,0,0,0.22,-0.36,0.12,0.1,-0.13,0.08,0.7027027027027027
257,3748,26.0,26.0,0,1,0.99,0.36,-0.32,0.05,0.09,1.08,0.33783783783783783
2571,3748,9.0,9.0,1,0,1.99,0.22,0.24,-0.11,0.35,2.33,0.10810810810810811
4010,3748,67.0,67.0,0,0,0.2,0.14,-1.22,-0.03,-1.11,-0.92,0.8918918918918919
3792,3748,41.0,41.0,0,0,0.52,0.27,-0.41,0.21,0.06,0.58,0.5405405405405406
6007,3748,4.0,4.0,1,0,0.97,-0.25,1.4,0.71,1.86,2.83,0.04054054054054054
72,3748,49.0,49.0,0,0,-0.43,-0.09,-0.11,0.96,0.77,0.33,0.6486486486486487
186,3748,64.0,64.0,0,0,0.01,0.99,-1.36,-0.31,-0.68,-0.67,0.8513513513513513
308,3748,6.0,6.0,1,0,0.03,0.53,1.62,0.4,2.55,2.58,0.06756756756756757
707,3748,41.0,41.0,0,0,-0.4,0.48,0.29,0.22,0.99,0.58,0.5405405405405406
6825,3748,26.0,26.0,0,1,0.72,1.28,-0.67,-0.25,0.37,1.08,0.33783783783783783
1674,3748,26.0,26.0,0,1,0.84,1.09,-0.43,-0.42,0.24,1.08,0.33783783783783783
1750,3748,64.0,64.0,0,0,0.32,0.28,-1.23,-0.04,-0.99,-0.67,0.8513513513513513
1935,3748,60.0,60.0,0,0,-0.71,0.52,0.16,-0.14,0.54,-0.17,0.7972972972972973
4321,3748,26.0,26.0,0,1,0.04,-0.09,0.67,0.46,1.04,1.08,0.33783783783783783
167,3748,53.0,53.0,0,0,-0.82,0.42,-0.28,0.75,0.9,0.08,0.7027027027027027
3470,3748,20.0,20.0,0,1,0.08,0.14,0.15,0.95,1.25,1.33,0.25675675675675674
809,3748,9.0,9.0,1,0,1.61,0.52,0.22,-0.02,0.72,2.33,0.10810810810810811
4015,3748,75.0,75.0,0,0,0.29,-0.55,-1.45,-0.2,-2.21,-1.92,1.0
4449,3748,16.0,16.0,0,1,0.51,0.33,1.03,-0.29,1.07,1.58,0.20270270270270271
1359,3748,64.0,64.0,0,0,0.09,-1.96,0.92,0.28,-0.76,-0.67,0.8513513513513513
1613,3748,26.0,26.0,0,1,1.18,-0.63,-0.01,0.53,-0.1,1.08,0.33783783783783783
3378,3748,4.0,4.0,1,0,1.56,-0.05,0.72,0.6,1.27,2.83,0.04054054054054054
2230,3748,2.0,2.0,1,0,0.01,0.69,1.64,0.73,3.07,3.08,0.013513513513513514
5539,3748,37.0,37.0,0,0,-0.22,-0.18,0.24,0.98,1.05,0.83,0.4864864864864865
9513,3748,20.0,20.0,0,1,-0.54,0.07,1.93,-0.12,1.87,1.33,0.25675675675675674
6086,3748,53.0,53.0,0,0,1.31,-0.29,-0.54,-0.39,-1.22,0.08,0.7027027027027027
3970,3748,41.0,41.0,0,0,-0.03,0.08,-0.04,0.57,0.61,0.58,0.5405405405405406
9031,3748,68.0,68.0,0,0,-0.85,-0.66,0.07,0.26,-0.32,-1.17,0.9054054054054054
3295,3748,68.0,68.0,0,0,-0.88,0.01,-0.05,-0.24,-0.29,-1.17,0.9054054054054054
392,3748,73.0,73.0,0,0,-0.8,-0.51,-0.01,-0.11,-0.62,-1.42,0.972972972972973
1185,3748,20.0,20.0,0,1,-0.36,0.2,1.3,0.19,1.69,1.33,0.25675675675675674
10140,3748,9.0,9.0,1,0,1.14,-0.29,0.84,0.64,1.19,2.33,0.10810810810810811
16,3745,55.0,55.0,0,0,1.48,1.66,-0.66,-1.26,-0.26,1.23,0.7297297297297297
512,3745,75.0,75.0,0,0,-0.64,-0.89,-0.7,-0.09,-1.68,-2.32,1.0
10577,3745,15.0,15.0,0,1,2.06,-0.1,1.03,-0.26,0.67,2.73,0.1891891891891892
1626,3745,47.0,47.0,0,0,-1.63,-0.49,2.21,1.14,2.86,1.23,0.6216216216216216
10046,3745,55.0,55.0,0,0,0.69,1.33,-0.64,-1.14,-0.46,0.23,0.7297297297297297
2283,3745,35.0,35.0,0,0,0.24,0.15,-0.01,0.8,0.94,1.18,0.4594594594594595
159,3745,8.0,8.0,1,0,1.02,0.62,1.62,-0.58,1.66,2.68,0.0945945945945946
4383,3745,20.0,20.0,0,1,1.64,0.22,0.57,1.25,2.04,3.68,0.25675675675675674
7161,3745,15.0,15.0,0,1,0.13,-0.7,3.3,1.0,3.6,3.73,0.1891891891891892
6011,3745,43.0,43.0,0,0,0.64,0.34,1.12,-0.92,0.54,1.18,0.5675675675675675
4638,3745,26.0,26.0,0,1,-1.78,1.32,1.58,-1.9,1.01,-0.77,0.33783783783783783
1222,3745,20.0,20.0,0,1,2.19,1.18,0.36,-0.56,0.99,3.18,0.25675675675675674
780,3745,35.0,35.0,0,0,0.7,-1.34,0.59,0.77,0.03,0.73,0.4594594594594595
5704,3745,35.0,35.0,0,0,-0.72,-0.78,1.54,0.68,1.45,0.73,0.4594594594594595
769,3745,2.0,2.0,1,0,2.23,1.07,0.07,0.81,1.95,4.18,0.013513513513513514
1352,3745,35.0,35.0,0,0,0.33,-0.17,1.18,-1.66,-0.65,-0.32,0.4594594594594595
4645,3745,47.0,47.0,0,0,0.95,-0.11,0.16,-1.32,-1.27,-0.32,0.6216216216216216
3577,3745,62.0,62.0,0,0,0.59,-0.81,0.57,0.32,0.09,0.68,0.8243243243243243
3448,3745,2.0,2.0,1,0,-0.06,0.27,-0.23,1.2,1.24,1.18,0.013513513513513514
10054,3745,66.0,66.0,0,0,-0.29,0.13,-0.91,-0.25,-1.03,-1.32,0.8783783783783784
3452,3745,55.0,55.0,0,0,-0.51,-0.33,0.88,-0.86,-0.3,-0.82,0.7297297297297297
5462,3745,8.0,8.0,1,0,0.42,0.41,1.29,-0.43,1.26,1.68,0.0945945945945946
508,3745,62.0,62.0,0,0,-0.12,0.31,-0.95,-0.57,-1.2,-1.32,0.8243243243243243
6196,3745,55.0,55.0,0,0,-0.35,0.67,-0.57,0.43,0.53,0.18,0.7297297297297297
1680,3745,2.0,2.0,1,0,3.62,0.22,-1.28,0.12,-0.94,2.68,0.013513513513513514
5025,3745,26.0,26.0,0,1,1.08,0.59,1.69,-0.18,2.1,3.18,0.33783783783783783
3317,3745,35.0,35.0,0,0,0.15,-0.84,0.94,-0.07,0.03,0.18,0.4594594594594595
10505,3745,68.0,68.0,0,0,-1.89,0.08,-0.05,0.55,0.57,-1.32,0.9054054054054054
2883,3745,1.0,1.0,1,0,0.71,0.44,1.25,0.78,2.47,3.18,0.0
9780,3745,26.0,26.0,0,1,0.56,0.03,-0.19,0.32,0.17,0.73,0.33783783783783783
5578,3745,66.0,66.0,0,0,-0.91,0.64,-0.86,-0.7,-0.91,-1.82,0.8783783783783784
5467,3745,20.0,20.0,0,1,0.27,0.55,0.65,0.22,1.41,1.68,0.25675675675675674
1265,3745,55.0,55.0,0,0,0.76,0.72,-3.56,0.77,-2.08,-1.32,0.7297297297297297
446,3745,8.0,8.0,1,0,1.2,0.39,1.81,-1.22,0.98,2.18,0.0945945945945946
3857,3745,8.0,8.0,1,0,1.02,0.69,1.44,1.04,3.16,4.18,0.0945945945945946
77,3745,26.0,26.0,0,1,-0.91,0.11,1.08,0.94,2.14,1.23,0.33783783783783783
8906,3745,47.0,47.0,0,0,0.49,0.25,-0.72,0.66,0.19,0.68,0.6216216216216216
318,3745,20.0,20.0,0,1,-0.58,0.65,1.49,0.12,2.26,1.68,0.25675675675675674
1077,3745,6.0,6.0,1,0,0.15,0.23,1.51,0.29,2.03,2.18,0.06756756756756757
257,3745,62.0,62.0,0,0,0.47,-0.55,-1.36,-0.38,-2.29,-1.82,0.8243243243243243
1042,3745,47.0,47.0,0,0,-1.79,-0.23,1.34,0.86,1.97,0.18,0.6216216216216216
6007,3745,35.0,35.0,0,0,-0.19,0.02,1.03,-0.12,0.92,0.73,0.4594594594594595
72,3745,8.0,8.0,1,0,-0.94,0.01,3.24,0.88,4.13,3.18,0.0945945945945946
5692,3745,35.0,35.0,0,0,0.99,1.7,-1.11,-0.35,0.24,1.23,0.4594594594594595
308,3745,2.0,2.0,1,0,1.0,0.75,0.41,0.52,1.68,2.68,0.013513513513513514
707,3745,35.0,35.0,0,0,0.16,-0.61,0.33,0.34,0.07,0.23,0.4594594594594595
6825,3745,8.0,8.0,1,0,1.4,-0.03,-0.44,0.25,-0.22,1.18,0.0945945945945946
1750,3745,20.0,20.0,0,1,0.99,0.21,0.05,0.43,0.69,1.68,0.25675675675675674
801,3745,62.0,62.0,0,0,-0.27,-0.44,0.47,-0.58,-0.55,-0.82,0.8243243243243243
1935,3745,73.0,73.0,0,0,-0.57,-1.1,-2.41,0.82,-2.7,-3.27,0.972972972972973
4321,3745,26.0,26.0,0,1,-1.47,1.28,1.88,0.03,3.2,1.73,0.33783783783783783
5409,3745,15.0,15.0,0,1,-0.34,0.55,1.21,0.81,2.57,2.23,0.1891891891891892
4483,3745,15.0,15.0,0,1,1.93,0.46,0.46,0.83,1.75,3.68,0.1891891891891892
1733,3745,47.0,47.0,0,0,2.51,1.2,-0.5,-0.53,0.17,2.68,0.6216216216216216
335,3745,47.0,47.0,0,0,-0.61,-0.34,1.19,-0.02,0.84,0.23,0.6216216216216216
377,3745,72.0,72.0,0,0,-0.99,-0.14,-2.88,0.24,-2.78,-3.77,0.9594594594594594
4015,3745,15.0,15.0,0,1,0.24,-0.08,1.22,-0.2,0.94,1.18,0.1891891891891892
6937,3745,43.0,43.0,0,0,-0.2,-0.12,0.34,0.66,0.88,0.68,0.5675675675675675
4587,3745,43.0,43.0,0,0,-1.21,-0.3,0.22,0.02,-0.06,-1.27,0.5675675675675675
1359,3745,73.0,73.0,0,0,1.26,-0.76,-1.8,0.04,-2.53,-1.27,0.972972972972973
1037,3745,20.0,20.0,0,1,-0.32,-0.19,2.05,-0.36,1.5,1.18,0.25675675675675674
7001,3745,68.0,68.0,0,0,-1.4,-1.25,-0.58,-0.58,-2.41,-3.82,0.9054054054054054
1613,3745,26.0,26.0,0,1,0.27,1.51,-1.49,0.89,0.91,1.18,0.33783783783783783
3378,3745,7.0,7.0,1,0,1.24,0.74,1.18,-0.47,1.45,2.68,0.08108108108108109
412,3745,26.0,26.0,0,1,-0.76,-0.15,-0.17,0.26,-0.06,-0.82,0.33783783783783783
3970,3745,8.0,8.0,1,0,0.54,0.1,0.07,0.47,0.64,1.18,0.0945945945945946
9626,3745,47.0,47.0,0,0,0.56,-0.31,-0.67,0.6,-0.38,0.18,0.6216216216216216
3295,3745,26.0,26.0,0,1,1.14,0.75,0.83,-0.49,1.09,2.23,0.33783783783783783
1185,3745,55.0,55.0,0,0,-0.19,1.27,-0.59,0.73,1.42,1.23,0.7297297297297297
3532,3745,26.0,26.0,0,1,1.42,0.21,1.36,0.2,1.77,3.18,0.33783783783783783
9877,3745,68.0,68.0,0,0,-2.14,-1.42,-0.24,0.48,-1.18,-3.32,0.9054054054054054
4479,3745,43.0,43.0,0,0,0.29,1.54,-1.12,0.47,0.89,1.18,0.5675675675675675
8889,3745,55.0,55.0,0,0,0.49,-0.63,2.39,-0.07,1.69,2.18,0.7297297297297297
16,3744,26.0,26.0,0,1,0.72,1.02,-0.46,-0.02,0.54,1.26,0.352112676056338
9517,3744,31.0,31.0,0,0,0.4,0.18,0.11,0.32,0.61,1.01,0.4225352112676056
5548,3744,43.0,43.0,0,0,-0.09,1.13,0.29,-1.06,0.36,0.26,0.5915492957746479
3832,3744,21.0,21.0,0,1,0.38,-0.16,1.15,0.4,1.39,1.76,0.28169014084507044
5285,3744,23.0,23.0,0,1,0.47,-0.38,0.75,0.67,1.04,1.51,0.30985915492957744
6062,3744,67.0,67.0,0,0,-0.53,-0.2,-0.66,-0.09,-0.95,-1.49,0.9295774647887324
10046,3744,5.0,5.0,1,0,0.35,0.44,0.78,1.2,2.41,2.76,0.056338028169014086
159,3744,9.0,9.0,1,0,1.36,0.82,0.92,-0.59,1.15,2.51,0.11267605633802817
774,3744,26.0,26.0,0,1,0.4,0.1,0.8,-0.04,0.86,1.26,0.352112676056338
1651,3744,43.0,43.0,0,0,0.34,-0.44,-0.33,0.69,-0.08,0.26,0.5915492957746479
6011,3744,17.0,17.0,0,1,1.39,0.71,0.0,-0.09,0.62,2.01,0.22535211267605634
4638,3744,67.0,67.0,0,0,0.34,-0.76,-0.57,-0.49,-1.83,-1.49,0.9295774647887324
8910,3744,48.0,48.0,0,0,-0.59,-0.03,0.55,0.08,0.6,0.01,0.6619718309859155
1222,3744,23.0,23.0,0,1,1.09,0.44,0.07,-0.09,0.42,1.51,0.30985915492957744
3596,3744,3.0,3.0,1,0,1.49,-0.11,0.58,1.05,1.52,3.01,0.028169014084507043
3599,3744,65.0,65.0,0,0,0.07,0.0,-0.96,-0.35,-1.31,-1.24,0.9014084507042254
780,3744,40.0,40.0,0,0,-0.28,-0.93,0.61,1.11,0.79,0.51,0.5492957746478874
3777,3744,72.0,72.0,0,0,0.09,-0.48,-0.88,-1.23,-2.58,-2.49,1.0
68,3744,43.0,43.0,0,0,-0.19,0.62,-0.77,0.61,0.45,0.26,0.5915492957746479
8971,3744,70.0,70.0,0,0,-0.07,-0.33,-1.31,-0.27,-1.91,-1.99,0.971830985915493
5704,3744,5.0,5.0,1,0,0.26,0.74,1.24,0.52,2.5,2.76,0.056338028169014086
205,3744,26.0,26.0,0,1,0.13,0.21,0.75,0.17,1.13,1.26,0.352112676056338
3449,3744,11.0,11.0,0,1,0.12,0.42,1.42,0.31,2.14,2.26,0.14084507042253522
1793,3744,62.0,62.0,0,0,0.23,0.16,-0.07,-1.05,-0.96,-0.74,0.8591549295774648
6017,3744,62.0,62.0,0,0,-1.05,-0.35,0.15,0.52,0.31,-0.74,0.8591549295774648
769,3744,2.0,2.0,1,0,0.7,1.56,0.24,1.27,3.07,3.76,0.014084507042253521
9131,3744,48.0,48.0,0,0,-0.33,0.23,0.1,0.01,0.34,0.01,0.6619718309859155
1264,3744,57.0,57.0,0,0,0.63,1.75,-1.46,-1.41,-1.12,-0.49,0.7887323943661971
9025,3744,11.0,11.0,0,1,0.6,0.29,0.33,1.04,1.66,2.26,0.14084507042253522
3577,3744,48.0,48.0,0,0,-0.67,0.96,0.3,-0.58,0.68,0.01,0.6619718309859155
5882,3744,57.0,57.0,0,0,0.13,-1.6,0.57,0.42,-0.62,-0.49,0.7887323943661971
1483,3744,40.0,40.0,0,0,-1.03,-0.06,0.63,0.97,1.54,0.51,0.5492957746478874
5462,3744,70.0,70.0,0,0,-1.41,-0.52,-0.31,0.25,-0.58,-1.99,0.971830985915493
3550,3744,1.0,1.0,1,0,0.85,0.22,1.91,0.79,2.92,3.76,0.0
6991,3744,38.0,38.0,0,0,0.42,0.05,-0.51,0.8,0.34,0.76,0.5211267605633803
619,3744,52.0,52.0,0,0,-0.02,-0.29,0.17,-0.09,-0.22,-0.24,0.7183098591549296
5025,3744,11.0,11.0,0,1,1.29,0.09,0.4,0.48,0.97,2.26,0.14084507042253522
5797,3744,38.0,38.0,0,0,0.6,-0.41,0.47,0.11,0.16,0.76,0.5211267605633803
3317,3744,31.0,31.0,0,0,-0.39,0.27,0.36,0.77,1.4,1.01,0.4225352112676056
1676,3744,52.0,52.0,0,0,-0.23,-0.04,0.9,-0.87,-0.01,-0.24,0.7183098591549296
9780,3744,11.0,11.0,0,1,1.86,-0.23,-0.99,1.62,0.4,2.26,0.14084507042253522
4848,3744,17.0,17.0,0,1,0.77,-0.1,1.3,0.05,1.24,2.01,0.22535211267605634
4513,3744,43.0,43.0,0,0,-0.51,-0.49,0.43,0.83,0.77,0.26,0.5915492957746479
3857,3744,31.0,31.0,0,0,0.31,-0.43,-0.01,1.15,0.7,1.01,0.4225352112676056
318,3744,48.0,48.0,0,0,1.31,1.07,-0.78,-1.59,-1.3,0.01,0.6619718309859155
1077,3744,40.0,40.0,0,0,-0.4,0.28,0.69,-0.06,0.91,0.51,0.5492957746478874
3793,3744,57.0,57.0,0,0,0.3,-0.43,-0.72,0.36,-0.79,-0.49,0.7887323943661971
676,3744,43.0,43.0,0,0,0.71,-0.72,-0.83,1.1,-0.45,0.26,0.5915492957746479
1059,3744,26.0,26.0,0,1,-0.68,0.72,0.7,0.51,1.94,1.26,0.352112676056338
1637,3744,21.0,21.0,0,1,-0.21,0.87,1.14,-0.04,1.97,1.76,0.28169014084507044
257,3744,5.0,5.0,1,0,1.98,0.13,0.57,0.08,0.78,2.76,0.056338028169014086
2571,3744,9.0,9.0,1,0,0.67,0.7,0.68,0.47,1.85,2.51,0.11267605633802817
3351,3744,31.0,31.0,0,0,1.12,0.5,-0.45,-0.17,-0.11,1.01,0.4225352112676056
3792,3744,52.0,52.0,0,0,-1.29,0.32,0.49,0.24,1.06,-0.24,0.7183098591549296
1042,3744,26.0,26.0,0,1,0.9,0.44,-0.27,0.2,0.36,1.26,0.352112676056338
9568,3744,3.0,3.0,1,0,0.22,0.09,2.24,0.47,2.8,3.01,0.028169014084507043
3980,3744,31.0,31.0,0,0,0.87,-0.65,0.26,0.53,0.14,1.01,0.4225352112676056
308,3744,5.0,5.0,1,0,1.7,0.0,1.16,-0.1,1.06,2.76,0.056338028169014086
5579,3744,17.0,17.0,0,1,1.41,0.35,0.5,-0.25,0.61,2.01,0.22535211267605634
1674,3744,52.0,52.0,0,0,-0.81,0.09,0.13,0.34,0.57,-0.24,0.7183098591549296
3702,3744,11.0,11.0,0,1,1.17,0.27,0.78,0.04,1.09,2.26,0.14084507042253522
1254,3744,52.0,52.0,0,0,-0.53,-0.09,-0.18,0.56,0.29,-0.24,0.7183098591549296
377,3744,31.0,31.0,0,0,0.62,1.04,-0.84,0.19,0.39,1.01,0.4225352112676056
7081,3744,62.0,62.0,0,0,-1.57,-0.01,0.44,0.41,0.83,-0.74,0.8591549295774648
4587,3744,65.0,65.0,0,0,-1.56,-0.01,0.08,0.24,0.32,-1.24,0.9014084507042254
3378,3744,23.0,23.0,0,1,0.57,0.41,0.07,0.46,0.94,1.51,0.30985915492957744
412,3744,31.0,31.0,0,0,-0.29,0.58,0.31,0.42,1.31,1.01,0.4225352112676056
3295,3744,69.0,69.0,0,0,1.06,-0.61,-1.03,-1.15,-2.79,-1.74,0.9577464788732394
1185,3744,11.0,11.0,0,1,0.78,0.12,0.68,0.67,1.48,2.26,0.14084507042253522
10140,3744,17.0,17.0,0,1,0.12,0.58,0.7,0.61,1.89,2.01,0.22535211267605634
686,3744,57.0,57.0,0,0,-0.94,0.59,0.0,-0.14,0.45,-0.49,0.7887323943661971
9261,3746,20.0,20.0,0,1,0.4,0.79,0.37,-0.36,0.8,1.2,0.25
5548,3746,35.0,35.0,0,0,-0.47,0.84,-0.33,0.49,1.0,0.53,0.4473684210526316
4989,3746,54.0,54.0,0,0,0.09,0.43,0.14,-0.45,0.13,0.22,0.6973684210526315
3832,3746,2.0,2.0,1,0,-0.2,-0.26,2.2,0.47,2.4,2.2,0.013157894736842105
5502,3746,54.0,54.0,0,0,0.26,0.02,0.78,-0.52,0.27,0.53,0.6973684210526315
5338,3746,58.0,58.0,0,0,-0.44,0.24,-0.36,0.45,0.32,-0.12,0.75
2283,3746,35.0,35.0,0,0,0.97,0.14,-0.32,-0.25,-0.44,0.53,0.4473684210526316
774,3746,54.0,54.0,0,0,-1.67,1.19,-0.45,0.47,1.22,-0.45,0.6973684210526315
7161,3746,12.0,12.0,0,1,0.84,1.23,0.14,0.01,1.38,2.22,0.14473684210526316
1651,3746,54.0,54.0,0,0,-0.16,0.65,0.49,0.23,1.37,1.22,0.6973684210526315
6011,3746,35.0,35.0,0,0,0.04,0.06,-0.1,-0.13,-0.17,-0.13,0.4473684210526316
8910,3746,67.0,67.0,0,0,-0.23,-0.29,-0.43,-0.82,-1.55,-1.78,0.868421052631579
1222,3746,45.0,45.0,0,0,0.18,0.87,-0.15,-0.36,0.36,0.53,0.5789473684210527
3596,3746,29.0,29.0,0,1,-0.61,0.87,1.1,-0.14,1.83,1.22,0.3684210526315789
9126,3746,29.0,29.0,0,1,-0.22,0.41,-0.03,0.05,0.42,0.2,0.3684210526315789
10863,3746,58.0,58.0,0,0,0.41,-1.01,0.54,0.28,-0.19,0.22,0.75
8971,3746,35.0,35.0,0,0,0.8,0.19,-0.35,-0.1,-0.27,0.53,0.4473684210526316
5704,3746,23.0,23.0,0,1,0.42,-0.04,2.13,-0.62,1.47,1.88,0.2894736842105263
205,3746,35.0,35.0,0,0,0.35,-0.16,0.15,0.18,0.18,0.53,0.4473684210526316
208,3746,6.0,6.0,1,0,1.16,0.53,0.53,0.98,2.04,3.2,0.06578947368421052
3449,3746,35.0,35.0,0,0,-0.36,0.52,0.21,0.5,1.23,0.87,0.4473684210526316
6017,3746,35.0,35.0,0,0,1.76,-0.61,-0.61,0.34,-0.88,0.88,0.4473684210526316
9131,3746,20.0,20.0,0,1,0.55,0.56,0.65,0.46,1.67,2.22,0.25
4645,3746,58.0,58.0,0,0,1.48,0.22,-1.18,-0.31,-1.26,0.22,0.75
1264,3746,77.0,77.0,0,0,-0.19,-1.11,-0.52,-0.96,-2.59,-2.78,1.0
3950,3746,58.0,58.0,0,0,-0.98,0.14,0.51,-0.45,0.19,-0.78,0.75
5882,3746,12.0,12.0,0,1,0.31,0.11,1.78,0.33,2.23,2.53,0.14473684210526316
1483,3746,45.0,45.0,0,0,-0.37,0.07,1.04,0.46,1.57,1.2,0.5789473684210527
5462,3746,75.0,75.0,0,0,-0.06,-0.99,-1.65,-0.75,-3.39,-3.45,0.9736842105263158
3550,3746,12.0,12.0,0,1,1.71,-0.26,0.95,1.15,1.84,3.55,0.14473684210526316
5408,3746,8.0,8.0,1,0,0.19,0.33,1.0,0.01,1.34,1.53,0.09210526315789473
957,3746,69.0,69.0,0,0,-1.25,0.24,-0.9,-0.22,-0.88,-2.13,0.8947368421052632
5860,3746,12.0,12.0,0,1,2.01,0.38,0.29,0.2,0.87,2.88,0.14473684210526316
1680,3746,1.0,1.0,1,0,0.69,0.36,-0.39,0.87,0.84,1.53,0.0
5025,3746,45.0,45.0,0,0,-0.17,-1.09,0.74,0.05,-0.3,-0.47,0.5789473684210527
196,3746,23.0,23.0,0,1,1.69,-0.3,1.07,-0.6,0.17,1.87,0.2894736842105263
1067,3746,4.0,4.0,1,0,3.46,-0.39,0.32,0.47,0.4,3.87,0.039473684210526314
5797,3746,45.0,45.0,0,0,0.44,-0.15,0.37,0.55,0.76,1.2,0.5789473684210527
10505,3746,73.0,73.0,0,0,-0.97,0.06,-1.08,-0.46,-1.48,-2.45,0.9473684210526315
2883,3746,73.0,73.0,0,0,-0.04,0.0,-0.14,-0.96,-1.09,-1.13,0.9473684210526315
9780,3746,29.0,29.0,0,1,-1.26,0.6,-1.27,1.46,0.79,-0.47,0.3684210526315789
569,3746,8.0,8.0,1,0,0.56,1.08,-0.17,0.75,1.66,2.22,0.09210526315789473
10166,3746,23.0,23.0,0,1,1.66,-0.29,0.48,-0.3,-0.11,1.55,0.2894736842105263
446,3746,63.0,63.0,0,0,0.78,-0.17,0.96,-2.03,-1.25,-0.47,0.8157894736842105
4513,3746,5.0,5.0,1,0,0.01,-0.21,2.08,0.64,2.52,2.53,0.05263157894736842
8906,3746,63.0,63.0,0,0,-0.32,-0.28,-1.22,1.37,-0.13,-0.45,0.8157894736842105
1778,3746,51.0,51.0,0,0,1.44,-0.47,-0.71,0.62,-0.56,0.88,0.6578947368421053
1077,3746,29.0,29.0,0,1,0.09,-0.56,0.29,0.38,0.11,0.2,0.3684210526315789
3793,3746,35.0,35.0,0,0,0.69,-0.33,0.3,0.21,0.18,0.87,0.4473684210526316
676,3746,67.0,67.0,0,0,0.33,-0.47,-0.94,0.3,-1.11,-0.78,0.868421052631579
5962,3746,12.0,12.0,0,1,0.69,0.18,-0.07,0.4,0.51,1.2,0.14473684210526316
1059,3746,12.0,12.0,0,1,-0.26,1.23,-0.03,0.94,2.14,1.88,0.14473684210526316
1637,3746,35.0,35.0,0,0,-0.34,-0.18,-0.04,0.08,-0.13,-0.47,0.4473684210526316
8974,3746,23.0,23.0,0,1,1.26,-0.25,0.85,-0.64,-0.05,1.22,0.2894736842105263
3351,3746,8.0,8.0,1,0,1.1,-0.2,1.39,-0.42,0.77,1.87,0.09210526315789473
9530,3746,29.0,29.0,0,1,-0.25,0.01,0.44,0.66,1.12,0.87,0.3684210526315789
3792,3746,75.0,75.0,0,0,-1.85,-0.36,0.11,-0.02,-0.27,-2.12,0.9736842105263158
1042,3746,58.0,58.0,0,0,-0.06,-1.3,0.58,0.97,0.26,0.2,0.75
6007,3746,51.0,51.0,0,0,-2.0,0.89,0.27,0.72,1.88,-0.12,0.6578947368421053
308,3746,45.0,45.0,0,0,1.18,-0.11,0.54,-1.05,-0.63,0.55,0.5789473684210527
5579,3746,23.0,23.0,0,1,0.2,1.03,0.95,-0.32,1.67,1.87,0.2894736842105263
6783,3746,72.0,72.0,0,0,-0.8,0.21,-1.25,-0.94,-1.98,-2.78,0.9342105263157895
1254,3746,8.0,8.0,1,0,-0.62,0.74,1.54,0.54,2.82,2.2,0.09210526315789473
167,3746,12.0,12.0,0,1,-0.1,-0.79,2.58,0.53,2.32,2.22,0.14473684210526316
4483,3746,29.0,29.0,0,1,-0.87,0.54,0.98,0.24,1.76,0.88,0.3684210526315789
962,3746,2.0,2.0,1,0,0.69,-0.18,0.87,1.15,1.84,2.53,0.013157894736842105
377,3746,20.0,20.0,0,1,0.83,0.63,-0.2,-0.05,0.38,1.22,0.25
5619,3746,66.0,66.0,0,0,-0.2,0.11,0.84,-1.22,-0.27,-0.47,0.8552631578947368
4449,3746,69.0,69.0,0,0,-0.38,0.07,-1.15,-0.33,-1.42,-1.8,0.8947368421052632
7081,3746,35.0,35.0,0,0,-0.07,0.56,0.61,-0.23,0.94,0.87,0.4473684210526316
1359,3746,69.0,69.0,0,0,0.1,-0.41,-1.84,-0.31,-2.56,-2.47,0.8947368421052632
2230,3746,6.0,6.0,1,0,0.8,0.5,-0.5,0.42,0.42,1.22,0.06578947368421052
9513,3746,51.0,51.0,0,0,-0.04,-0.04,-0.3,-0.42,-0.76,-0.8,0.6578947368421053
6086,3746,12.0,12.0,0,1,-1.43,1.03,1.94,-0.02,2.96,1.53,0.14473684210526316
10586,3746,45.0,45.0,0,0,1.13,-1.0,-0.83,0.58,-1.25,-0.12,0.5789473684210527
462,3746,23.0,23.0,0,1,0.89,0.37,0.09,0.19,0.64,1.53,0.2894736842105263
9517,3781,1.0,1.0,1,0,1.13,0.77,1.52,0.77,3.06,4.18,0.0
4682,3781,4.0,4.0,1,0,0.71,0.22,1.13,1.12,2.47,3.18,0.041666666666666664
10577,3781,13.0,13.0,0,1,1.11,-0.22,0.49,0.47,0.74,1.85,0.16666666666666666
6062,3781,25.0,25.0,0,1,0.65,-0.15,0.07,-0.05,-0.13,0.52,0.3333333333333333
1626,3781,70.0,70.0,0,0,-1.15,0.38,-1.29,-0.19,-1.1,-2.25,0.9583333333333334
5338,3781,8.0,8.0,1,0,1.48,0.82,0.35,0.87,2.04,3.52,0.09722222222222222
1758,3781,54.0,54.0,0,0,-0.63,-0.94,1.38,-0.96,-0.52,-1.15,0.7361111111111112
2283,3781,29.0,29.0,0,1,0.99,-0.41,-0.22,0.4,-0.23,0.75,0.3888888888888889
159,3781,3.0,3.0,1,0,1.32,-0.44,2.34,-1.03,0.87,2.18,0.027777777777777776
7161,3781,49.0,49.0,0,0,-0.67,0.78,0.45,0.2,1.43,0.75,0.6666666666666666
1225,3781,4.0,4.0,1,0,1.32,0.83,-0.08,0.79,1.53,2.85,0.041666666666666664
6011,3781,70.0,70.0,0,0,-0.6,0.26,-0.49,-0.66,-0.88,-1.48,0.9583333333333334
4638,3781,22.0,22.0,0,1,0.79,1.48,-0.26,0.17,1.39,2.18,0.2916666666666667
8910,3781,8.0,8.0,1,0,0.75,0.77,0.11,0.22,1.1,1.85,0.09722222222222222
1222,3781,29.0,29.0,0,1,0.35,0.73,-1.01,0.01,-0.26,0.09,0.3888888888888889
3599,3781,22.0,22.0,0,1,1.21,-0.07,-0.25,0.2,-0.13,1.09,0.2916666666666667
780,3781,67.0,67.0,0,0,1.51,-0.69,0.15,-1.44,-1.99,-0.48,0.9166666666666666
9126,3781,37.0,37.0,0,0,-1.28,-0.27,0.83,1.23,1.8,0.52,0.5
5704,3781,37.0,37.0,0,0,-0.69,0.73,-0.11,0.5,1.12,0.42,0.5
3449,3781,4.0,4.0,1,0,0.3,-0.33,1.41,-0.52,0.55,0.85,0.041666666666666664
6017,3781,13.0,13.0,0,1,0.62,-0.02,0.47,-0.32,0.14,0.75,0.16666666666666666
1121,3781,70.0,70.0,0,0,-1.21,-0.37,0.41,-0.74,-0.71,-1.91,0.9583333333333334
1352,3781,49.0,49.0,0,0,0.58,0.5,0.21,-0.76,-0.06,0.52,0.6666666666666666
928,3781,17.0,17.0,0,1,1.16,0.4,1.0,-0.47,0.93,2.09,0.2222222222222222
5574,3781,17.0,17.0,0,1,0.65,0.45,0.18,0.48,1.11,1.75,0.2222222222222222
3375,3781,61.0,61.0,0,0,-1.15,0.02,-0.45,-0.34,-0.76,-1.91,0.8333333333333334
957,3781,45.0,45.0,0,0,-0.93,0.18,-1.25,1.09,0.02,-0.91,0.6111111111111112
5573,3781,54.0,54.0,0,0,0.65,0.69,-1.89,-0.02,-1.22,-0.58,0.7361111111111112
5504,3781,29.0,29.0,0,1,0.72,0.06,-0.43,-0.83,-1.2,-0.48,0.3888888888888889
6196,3781,49.0,49.0,0,0,-0.45,0.08,-0.29,-1.16,-1.37,-1.82,0.6666666666666666
196,3781,45.0,45.0,0,0,-0.08,-0.68,0.9,0.38,0.59,0.52,0.6111111111111112
3598,3781,54.0,54.0,0,0,-0.71,-0.23,-0.4,0.42,-0.2,-0.91,0.7361111111111112
5797,3781,37.0,37.0,0,0,-0.22,0.08,0.29,-0.06,0.31,0.09,0.5
2883,3781,13.0,13.0,0,1,-0.58,0.46,1.55,0.33,2.34,1.75,0.16666666666666666
5578,3781,73.0,73.0,0,0,0.02,-0.43,-0.47,-0.6,-1.5,-1.48,1.0
10166,3781,2.0,2.0,1,0,1.49,0.6,1.34,0.64,2.59,4.09,0.013888888888888888
1568,3781,37.0,37.0,0,0,-0.19,-0.03,-0.2,0.18,-0.06,-0.25,0.5
1265,3781,17.0,17.0,0,1,1.3,0.24,0.3,-0.09,0.46,1.75,0.2222222222222222
77,3781,37.0,37.0,0,0,-0.2,0.37,-0.29,0.63,0.71,0.52,0.5
745,3781,61.0,61.0,0,0,-0.88,-0.19,-0.13,0.06,-0.26,-1.15,0.8333333333333334
2552,3781,4.0,4.0,1,0,0.94,1.28,0.43,-0.23,1.48,2.42,0.041666666666666664
6689,3781,22.0,22.0,0,1,0.02,0.2,1.51,0.13,1.83,1.85,0.2916666666666667
8906,3781,54.0,54.0,0,0,-1.06,-0.76,-0.35,1.02,-0.09,-1.15,0.7361111111111112
1077,3781,17.0,17.0,0,1,0.21,0.4,0.22,1.02,1.64,1.85,0.2222222222222222
1637,3781,29.0,29.0,0,1,1.35,-0.89,0.52,0.77,0.4,1.75,0.3888888888888889
257,3781,29.0,29.0,0,1,0.37,0.08,0.55,-0.58,0.05,0.42,0.3888888888888889
2571,3781,54.0,54.0,0,0,-0.46,1.29,-2.03,0.62,-0.12,-0.58,0.7361111111111112
3688,3781,17.0,17.0,0,1,0.89,0.2,-0.32,0.75,0.62,1.52,0.2222222222222222
1600,3781,49.0,49.0,0,0,0.44,-0.21,0.48,-0.29,-0.02,0.42,0.6666666666666666
6999,3781,13.0,13.0,0,1,0.98,0.44,0.76,0.24,1.45,2.42,0.16666666666666666
186,3781,54.0,54.0,0,0,0.92,-0.03,-0.88,0.17,-0.73,0.18,0.7361111111111112
3980,3781,45.0,45.0,0,0,-0.35,-0.24,0.59,0.08,0.44,0.09,0.6111111111111112
1750,3781,37.0,37.0,0,0,0.48,0.07,0.97,-0.77,0.27,0.75,0.5
6783,3781,61.0,61.0,0,0,0.78,-0.31,-0.96,0.01,-1.26,-0.48,0.8333333333333334
167,3781,29.0,29.0,0,1,1.81,-0.62,0.54,-0.65,-0.73,1.09,0.3888888888888889
4483,3781,37.0,37.0,0,0,-1.23,0.85,0.03,0.2,1.08,-0.15,0.5
1733,3781,61.0,61.0,0,0,-1.02,-0.85,0.24,-0.29,-0.89,-1.91,0.8333333333333334
78,3781,25.0,25.0,0,1,0.16,-0.29,0.79,0.42,0.93,1.09,0.3333333333333333
6937,3781,29.0,29.0,0,1,-0.76,0.19,0.38,0.94,1.51,0.75,0.3888888888888889
4449,3781,29.0,29.0,0,1,-1.43,0.24,2.15,-1.11,1.28,-0.15,0.3888888888888889
7001,3781,61.0,61.0,0,0,-0.24,-0.22,-0.32,0.54,0.0,-0.25,0.8333333333333334
3378,3781,68.0,68.0,0,0,-0.3,-1.27,0.06,-0.4,-1.61,-1.91,0.9305555555555556
9569,3781,25.0,25.0,0,1,-0.68,0.02,0.93,0.58,1.53,0.85,0.3333333333333333
6086,3781,25.0,25.0,0,1,0.63,0.06,0.68,-0.28,0.46,1.09,0.3333333333333333
3970,3781,54.0,54.0,0,0,1.22,-0.76,-2.33,1.05,-2.04,-0.82,0.7361111111111112
9626,3781,37.0,37.0,0,0,-0.87,-0.43,0.8,1.35,1.72,0.85,0.5
3295,3781,45.0,45.0,0,0,-0.81,-0.08,0.89,-0.15,0.67,-0.15,0.6111111111111112
1185,3781,8.0,8.0,1,0,-0.09,0.27,1.49,0.19,1.94,1.85,0.09722222222222222
3532,3781,8.0,8.0,1,0,0.79,-0.16,0.35,1.1,1.3,2.09,0.09722222222222222
4479,3781,68.0,68.0,0,0,0.25,-1.51,-0.1,0.44,-1.17,-0.91,0.9305555555555556
686,3781,8.0,8.0,1,0,0.47,0.11,1.61,0.66,2.38,2.85,0.09722222222222222
16,3768,10.0,10.0,1,0,0.9,1.3,0.32,-0.56,1.07,1.97,0.11842105263157894
512,3768,2.0,2.0,1,0,0.39,1.15,1.31,-0.13,2.33,2.72,0.013157894736842105
9517,3768,20.0,20.0,0,1,1.25,0.78,-0.55,-0.26,-0.03,1.22,0.25
4989,3768,51.0,51.0,0,0,0.99,0.05,-0.6,-0.22,-0.77,0.22,0.6578947368421053
10372,3768,20.0,20.0,0,1,0.63,0.55,-0.45,0.49,0.59,1.22,0.25
10577,3768,32.0,32.0,0,0,1.11,-0.19,-0.33,0.38,-0.14,0.97,0.40789473684210525
5285,3768,32.0,32.0,0,0,-0.27,-0.74,1.47,0.52,1.25,0.97,0.40789473684210525
1049,3768,68.0,68.0,0,0,-0.65,-0.33,0.04,0.16,-0.13,-0.78,0.881578947368421
10046,3768,7.0,7.0,1,0,-0.09,-0.13,1.51,0.93,2.31,2.22,0.07894736842105263
9584,3768,41.0,41.0,0,0,0.28,-0.33,0.13,0.64,0.44,0.72,0.5263157894736842
7161,3768,20.0,20.0,0,1,-0.41,0.04,0.82,0.77,1.63,1.22,0.25
6011,3768,7.0,7.0,1,0,0.85,1.58,0.19,-0.39,1.37,2.22,0.07894736842105263
8910,3768,47.0,47.0,0,0,0.72,0.6,-0.37,-0.47,-0.25,0.47,0.6052631578947368
1673,3768,47.0,47.0,0,0,0.07,0.01,0.59,-0.19,0.4,0.47,0.6052631578947368
3599,3768,57.0,57.0,0,0,-0.45,0.14,0.01,0.27,0.42,-0.03,0.7368421052631579
780,3768,51.0,51.0,0,0,-0.35,-0.19,-0.36,1.12,0.57,0.22,0.6578947368421053
68,3768,72.0,72.0,0,0,-2.01,0.24,1.14,-0.4,0.98,-1.03,0.9342105263157895
9126,3768,68.0,68.0,0,0,-0.84,-0.44,-0.25,0.74,0.06,-0.78,0.881578947368421
5704,3768,4.0,4.0,1,0,1.23,-0.2,1.13,0.32,1.24,2.47,0.039473684210526314
205,3768,18.0,18.0,0,1,0.32,-0.26,0.71,0.7,1.15,1.47,0.2236842105263158
1264,3768,75.0,75.0,0,0,-0.49,0.21,-0.47,-0.53,-0.79,-1.28,0.9736842105263158
3577,3768,63.0,63.0,0,0,-0.25,0.37,1.52,-1.93,-0.03,-0.28,0.8157894736842105
5574,3768,57.0,57.0,0,0,0.66,-0.46,0.05,-0.28,-0.69,-0.03,0.7368421052631579
3452,3768,57.0,57.0,0,0,0.87,1.13,-1.96,-0.07,-0.9,-0.03,0.7368421052631579
123,3768,51.0,51.0,0,0,-0.67,0.53,1.43,-1.06,0.89,0.22,0.6578947368421053
301,3768,10.0,10.0,1,0,1.57,-0.26,-0.06,0.72,0.4,1.97,0.11842105263157894
328,3768,75.0,75.0,0,0,-0.32,-0.68,-0.25,-0.02,-0.96,-1.28,0.9736842105263158
3550,3768,18.0,18.0,0,1,1.04,-0.98,1.44,-0.04,0.43,1.47,0.2236842105263158
6991,3768,63.0,63.0,0,0,0.62,0.62,-1.28,-0.24,-0.9,-0.28,0.8157894736842105
5025,3768,77.0,77.0,0,0,-1.4,-0.39,-0.65,0.91,-0.13,-1.53,1.0
5797,3768,57.0,57.0,0,0,1.06,-0.73,-0.73,0.37,-1.09,-0.03,0.7368421052631579
6894,3768,41.0,41.0,0,0,1.25,-0.01,-0.8,0.28,-0.53,0.72,0.5263157894736842
3317,3768,20.0,20.0,0,1,-0.27,0.42,1.03,0.03,1.49,1.22,0.25
10505,3768,4.0,4.0,1,0,0.9,0.76,0.58,0.23,1.57,2.47,0.039473684210526314
10166,3768,10.0,10.0,1,0,-0.29,0.2,1.95,0.12,2.26,1.97,0.11842105263157894
3857,3768,20.0,20.0,0,1,-1.79,0.73,1.15,1.12,3.01,1.22,0.25
6689,3768,47.0,47.0,0,0,1.33,0.6,-0.71,-0.75,-0.86,0.47,0.6052631578947368
1077,3768,67.0,67.0,0,0,-2.25,0.9,0.24,0.59,1.72,-0.53,0.868421052631579
3793,3768,32.0,32.0,0,0,1.02,1.15,-0.65,-0.55,-0.05,0.97,0.40789473684210525
601,3768,32.0,32.0,0,0,0.95,-0.31,0.4,-0.07,0.02,0.97,0.40789473684210525
1059,3768,20.0,20.0,0,1,0.3,0.24,-0.32,1.0,0.92,1.22,0.25
1637,3768,41.0,41.0,0,0,-0.64,0.08,1.17,0.11,1.36,0.72,0.5263157894736842
3688,3768,72.0,72.0,0,0,-0.02,0.06,-0.77,-0.3,-1.01,-1.03,0.9342105263157895
3792,3768,32.0,32.0,0,0,-0.06,-0.14,0.72,0.45,1.03,0.97,0.40789473684210525
6007,3768,1.0,1.0,1,0,0.6,0.08,0.78,1.26,2.12,2.72,0.0
3980,3768,4.0,4.0,1,0,1.32,-0.4,1.51,0.05,1.15,2.47,0.039473684210526314
5692,3768,32.0,32.0,0,0,-0.3,0.15,1.15,-0.03,1.27,0.97,0.40789473684210525
1750,3768,20.0,20.0,0,1,-1.14,0.91,1.38,0.07,2.36,1.22,0.25
1935,3768,20.0,20.0,0,1,0.02,0.17,0.64,0.38,1.2,1.22,0.25
6783,3768,68.0,68.0,0,0,0.12,0.59,-0.8,-0.7,-0.9,-0.78,0.881578947368421
1254,3768,32.0,32.0,0,0,0.79,-0.29,0.35,0.12,0.18,0.97,0.40789473684210525
167,3768,77.0,77.0,0,0,-0.69,-0.59,-0.55,0.31,-0.84,-1.53,1.0
4483,3768,72.0,72.0,0,0,-0.87,0.26,-0.83,0.41,-0.16,-1.03,0.9342105263157895
809,3768,51.0,51.0,0,0,0.16,0.69,-0.74,0.12,0.06,0.22,0.6578947368421053
335,3768,47.0,47.0,0,0,0.08,-0.22,0.14,0.47,0.39,0.47,0.6052631578947368
9804,3768,51.0,51.0,0,0,-0.04,0.07,0.28,-0.09,0.26,0.22,0.6578947368421053
4591,3768,63.0,63.0,0,0,0.54,-0.36,-0.31,-0.15,-0.82,-0.28,0.8157894736842105
9938,3768,20.0,20.0,0,1,0.65,-0.13,-0.1,0.81,0.57,1.22,0.25
6937,3768,20.0,20.0,0,1,0.5,0.34,0.16,0.23,0.72,1.22,0.25
1037,3768,32.0,32.0,0,0,-0.18,0.27,0.94,-0.06,1.15,0.97,0.40789473684210525
6001,3768,41.0,41.0,0,0,1.19,0.02,-0.49,0.0,-0.47,0.72,0.5263157894736842
1613,3768,57.0,57.0,0,0,-0.25,0.2,-0.6,0.61,0.22,-0.03,0.7368421052631579
3378,3768,41.0,41.0,0,0,0.8,0.14,-0.45,0.23,-0.08,0.72,0.5263157894736842
4643,3768,68.0,68.0,0,0,0.02,-0.92,0.07,0.06,-0.8,-0.78,0.881578947368421
2230,3768,16.0,16.0,0,1,-1.72,1.01,1.37,1.06,3.44,1.72,0.19736842105263158
9513,3768,16.0,16.0,0,1,0.48,-0.62,1.42,0.43,1.24,1.72,0.19736842105263158
6086,3768,7.0,7.0,1,0,0.83,-0.05,1.36,0.09,1.39,2.22,0.07894736842105263
3970,3768,51.0,51.0,0,0,0.42,-0.42,0.31,-0.09,-0.2,0.22,0.6578947368421053
9626,3768,20.0,20.0,0,1,1.6,-0.55,0.07,0.11,-0.38,1.22,0.25
7082,3768,2.0,2.0,1,0,2.16,-0.14,0.56,0.14,0.56,2.72,0.013157894736842105
3532,3768,10.0,10.0,1,0,1.08,-0.15,0.73,0.32,0.89,1.97,0.11842105263157894
1614,3768,20.0,20.0,0,1,0.53,-0.36,0.72,0.33,0.69,1.22,0.25
9261,3777,37.0,37.0,0,0,0.18,-0.5,1.42,-0.22,0.69,0.87,0.4864864864864865
4682,3777,7.0,7.0,1,0,1.78,-0.24,0.18,0.65,0.59,2.37,0.08108108108108109
5502,3777,30.0,30.0,0,1,0.75,0.75,-0.24,-0.15,0.37,1.12,0.3918918918918919
1626,3777,17.0,17.0,0,1,0.78,-0.9,0.95,0.79,0.84,1.62,0.21621621621621623
5338,3777,7.0,7.0,1,0,0.8,0.28,0.61,0.68,1.57,2.37,0.08108108108108109
1049,3777,43.0,43.0,0,0,0.49,-0.03,0.09,0.07,0.13,0.62,0.5675675675675675
10046,3777,17.0,17.0,0,1,-0.24,0.07,0.96,0.82,1.86,1.62,0.21621621621621623
2283,3777,17.0,17.0,0,1,0.35,-0.17,0.56,0.89,1.27,1.62,0.21621621621621623
774,3777,17.0,17.0,0,1,0.32,0.73,0.84,-0.26,1.3,1.62,0.21621621621621623
7161,3777,9.0,9.0,1,0,1.47,0.6,-0.42,0.46,0.65,2.12,0.10810810810810811
6011,3777,74.0,74.0,0,0,0.69,-1.07,-1.59,-0.41,-3.07,-2.38,0.9864864864864865
4638,3777,17.0,17.0,0,1,1.03,0.4,0.02,0.17,0.59,1.62,0.21621621621621623
8910,3777,43.0,43.0,0,0,0.21,-0.92,0.88,0.45,0.41,0.62,0.5675675675675675
3596,3777,1.0,1.0,1,0,0.56,-0.07,1.59,1.54,3.06,3.62,0.0
1673,3777,43.0,43.0,0,0,0.45,-0.02,0.51,-0.32,0.17,0.62,0.5675675675675675
3599,3777,62.0,62.0,0,0,-1.0,0.35,0.55,-0.27,0.62,-0.38,0.8243243243243243
68,3777,68.0,68.0,0,0,-0.97,0.42,-0.12,-0.21,0.09,-0.88,0.9054054054054054
9126,3777,30.0,30.0,0,1,-0.23,0.3,0.34,0.71,1.35,1.12,0.3918918918918919
8971,3777,59.0,59.0,0,0,0.97,-0.19,-1.03,0.12,-1.1,-0.13,0.7837837837837838
5704,3777,3.0,3.0,1,0,1.14,0.65,0.96,0.11,1.73,2.87,0.02702702702702703
3449,3777,30.0,30.0,0,1,-0.27,0.31,0.74,0.34,1.39,1.12,0.3918918918918919
769,3777,13.0,13.0,0,1,0.47,-0.22,1.36,0.26,1.4,1.87,0.16216216216216217
4645,3777,43.0,43.0,0,0,0.64,-0.05,0.79,-0.75,-0.02,0.62,0.5675675675675675
1264,3777,73.0,73.0,0,0,-0.81,0.57,-0.75,-0.64,-0.82,-1.63,0.972972972972973
928,3777,54.0,54.0,0,0,-0.98,-0.17,1.02,0.24,1.1,0.12,0.7162162162162162
5882,3777,28.0,28.0,0,1,1.25,0.14,-0.94,0.92,0.12,1.37,0.36486486486486486
3375,3777,43.0,43.0,0,0,0.91,0.55,-0.3,-0.53,-0.29,0.62,0.5675675675675675
2127,3777,5.0,5.0,1,0,0.37,-0.48,2.17,0.56,2.25,2.62,0.05405405405405406
5462,3777,9.0,9.0,1,0,0.43,0.14,1.09,0.46,1.69,2.12,0.10810810810810811
957,3777,13.0,13.0,0,1,0.97,-0.48,1.15,0.22,0.89,1.87,0.16216216216216217
6991,3777,59.0,59.0,0,0,0.2,-0.48,0.49,-0.34,-0.33,-0.13,0.7837837837837838
3856,3777,54.0,54.0,0,0,0.0,0.29,0.0,-0.17,0.12,0.12,0.7162162162162162
97,3777,72.0,72.0,0,0,-0.4,0.49,-0.66,-0.81,-0.98,-1.38,0.9594594594594594
3317,3777,17.0,17.0,0,1,0.58,0.8,-0.42,0.65,1.04,1.62,0.21621621621621623
1676,3777,43.0,43.0,0,0,0.64,-0.11,0.79,-0.7,-0.02,0.62,0.5675675675675675
2883,3777,28.0,28.0,0,1,0.28,-0.28,0.87,0.49,1.09,1.37,0.36486486486486486
6689,3777,69.0,69.0,0,0,-0.87,-0.2,0.67,-0.73,-0.26,-1.13,0.918918918918919
318,3777,37.0,37.0,0,0,-0.38,0.97,0.21,0.08,1.25,0.87,0.4864864864864865
1077,3777,13.0,13.0,0,1,0.67,0.02,0.36,0.83,1.2,1.87,0.16216216216216217
3793,3777,52.0,52.0,0,0,-1.07,-0.46,1.23,0.67,1.44,0.37,0.6891891891891891
676,3777,30.0,30.0,0,1,-0.56,1.54,-0.44,0.58,1.68,1.12,0.3918918918918919
1059,3777,37.0,37.0,0,0,-0.16,-0.49,0.24,1.28,1.03,0.87,0.4864864864864865
1637,3777,65.0,65.0,0,0,0.47,0.32,-0.85,-0.57,-1.1,-0.63,0.8648648648648649
1367,3777,43.0,43.0,0,0,-0.75,0.4,0.8,0.16,1.37,0.62,0.5675675675675675
2571,3777,17.0,17.0,0,1,0.23,0.63,0.97,-0.21,1.39,1.62,0.21621621621621623
9530,3777,52.0,52.0,0,0,-0.14,0.05,-0.29,0.76,0.51,0.37,0.6891891891891891
4010,3777,69.0,69.0,0,0,-1.09,0.65,-0.98,0.3,-0.04,-1.13,0.918918918918919
3792,3777,9.0,9.0,1,0,0.99,0.71,0.36,0.06,1.13,2.12,0.10810810810810811
9568,3777,17.0,17.0,0,1,0.15,0.37,0.46,0.64,1.47,1.62,0.21621621621621623
5692,3777,30.0,30.0,0,1,1.54,-0.03,-0.02,-0.37,-0.42,1.12,0.3918918918918919
308,3777,3.0,3.0,1,0,0.79,0.6,1.91,-0.43,2.08,2.87,0.02702702702702703
6825,3777,43.0,43.0,0,0,0.84,0.23,-1.45,1.01,-0.22,0.62,0.5675675675675675
1254,3777,65.0,65.0,0,0,-1.23,-0.08,0.66,0.02,0.6,-0.63,0.8648648648648649
809,3777,17.0,17.0,0,1,0.62,0.34,0.49,0.17,1.0,1.62,0.21621621621621623
9804,3777,37.0,37.0,0,0,0.44,0.38,-0.3,0.35,0.43,0.87,0.4864864864864865
4591,3777,62.0,62.0,0,0,-0.93,0.52,0.52,-0.5,0.55,-0.38,0.8243243243243243
6937,3777,30.0,30.0,0,1,-0.51,0.22,1.24,0.16,1.63,1.12,0.3918918918918919
4449,3777,62.0,62.0,0,0,0.03,1.02,-0.73,-0.7,-0.41,-0.38,0.8243243243243243
9528,3777,75.0,75.0,0,0,-1.16,-0.76,0.01,-0.73,-1.47,-2.63,1.0
1037,3777,17.0,17.0,0,1,1.47,0.11,0.5,-0.47,0.15,1.62,0.21621621621621623
4643,3777,65.0,65.0,0,0,0.0,-0.39,-0.21,-0.03,-0.63,-0.63,0.8648648648648649
9569,3777,5.0,5.0,1,0,1.29,0.61,0.04,0.68,1.33,2.62,0.05405405405405406
2230,3777,2.0,2.0,1,0,0.85,0.26,1.36,0.64,2.27,3.12,0.013513513513513514
9513,3777,54.0,54.0,0,0,1.41,0.12,-0.95,-0.46,-1.29,0.12,0.7162162162162162
6086,3777,37.0,37.0,0,0,0.5,-0.13,0.24,0.27,0.37,0.87,0.4864864864864865
10586,3777,43.0,43.0,0,0,0.58,-0.55,0.46,0.13,0.04,0.62,0.5675675675675675
3970,3777,69.0,69.0,0,0,-0.56,-0.19,0.01,-0.4,-0.57,-1.13,0.918918918918919
3295,3777,9.0,9.0,1,0,-0.42,1.11,0.56,0.87,2.54,2.12,0.10810810810810811
7082,3777,54.0,54.0,0,0,-0.37,0.53,-0.21,0.17,0.49,0.12,0.7162162162162162
1614,3777,17.0,17.0,0,1,0.46,-0.22,1.02,0.35,1.16,1.62,0.21621621621621623
4479,3777,37.0,37.0,0,0,0.01,0.29,0.45,0.12,0.86,0.87,0.4864864864864865
9040,3777,30.0,30.0,0,1,-0.65,0.78,1.3,-0.31,1.77,1.12,0.3918918918918919
686,3777,13.0,13.0,0,1,1.04,0.16,0.57,0.1,0.83,1.87,0.16216216216216217
5548,2718,23.0,23.0,0,1,1.53,-0.47,-0.86,-1.07,-2.4,-0.87,0.7586206896551724
1225,2718,24.0,24.0,0,1,0.47,0.9,-1.96,-0.78,-1.84,-1.37,0.7931034482758621
6798,2718,6.0,6.0,1,0,1.6,-0.11,-0.49,0.38,-0.22,1.38,0.1724137931034483
205,2718,28.0,28.0,0,1,-1.33,-0.27,-1.05,-0.22,-1.54,-2.87,0.9310344827586207
9025,2718,15.0,15.0,0,1,-0.09,-0.14,-0.16,0.77,0.47,0.38,0.4827586206896552
3448,2718,17.0,17.0,0,1,-1.09,-0.88,0.96,0.9,0.98,-0.12,0.5517241379310345
3550,2718,19.0,19.0,0,1,-0.35,-0.15,0.28,-0.16,-0.02,-0.37,0.6206896551724138
5860,2718,26.0,26.0,0,1,-2.46,-0.24,1.25,-0.67,0.35,-2.12,0.8620689655172413
1680,2718,17.0,17.0,0,1,0.15,-0.21,0.07,-0.12,-0.27,-0.12,0.5517241379310345
110,2718,20.0,20.0,0,1,-0.62,0.1,0.1,-0.19,0.0,-0.62,0.6551724137931034
9780,2718,7.0,7.0,1,0,-1.15,0.51,0.97,0.8,2.28,1.13,0.20689655172413793
569,2718,10.0,10.0,1,0,-0.83,0.17,1.19,0.36,1.72,0.88,0.3103448275862069
5467,2718,7.0,7.0,1,0,-0.54,0.54,0.77,0.36,1.68,1.13,0.20689655172413793
4848,2718,2.0,2.0,1,0,0.33,-0.09,1.27,0.62,1.8,2.13,0.034482758620689655
1030,2718,30.0,30.0,0,1,-0.87,-0.58,-1.06,-0.59,-2.24,-3.12,1.0
3857,2718,28.0,28.0,0,1,0.02,-1.11,-1.59,-0.18,-2.88,-2.87,0.9310344827586207
2552,2718,3.0,3.0,1,0,0.84,1.56,-0.27,-0.25,1.04,1.88,0.06896551724137931
1778,2718,20.0,20.0,0,1,-1.16,0.35,-0.22,0.41,0.54,-0.62,0.6551724137931034
257,2718,10.0,10.0,1,0,1.05,0.01,-0.36,0.18,-0.17,0.88,0.3103448275862069
3351,2718,24.0,24.0,0,1,0.0,0.21,-1.19,-0.38,-1.37,-1.37,0.7931034482758621
6007,2718,20.0,20.0,0,1,-1.56,-0.09,0.64,0.4,0.94,-0.62,0.6551724137931034
72,2718,5.0,5.0,1,0,1.65,-0.96,0.52,0.43,-0.02,1.63,0.13793103448275862
707,2718,16.0,16.0,0,1,1.67,0.69,-1.25,-0.98,-1.54,0.13,0.5172413793103449
5579,2718,13.0,13.0,0,1,0.55,0.61,-0.4,-0.13,0.09,0.63,0.41379310344827586
3702,2718,26.0,26.0,0,1,0.36,-0.42,-1.26,-0.8,-2.48,-2.12,0.8620689655172413
5409,2718,3.0,3.0,1,0,1.48,-0.57,1.09,-0.12,0.41,1.88,0.06896551724137931
158,2718,10.0,10.0,1,0,-0.36,-0.21,1.1,0.35,1.24,0.88,0.3103448275862069
2230,2718,7.0,7.0,1,0,0.55,0.26,0.15,0.18,0.59,1.13,0.20689655172413793
1614,2718,13.0,13.0,0,1,-0.11,-0.31,1.71,-0.66,0.74,0.63,0.41379310344827586
10140,2718,1.0,1.0,1,0,0.27,0.9,0.06,1.15,2.12,2.38,0.0
6798,3065,49.0,49.0,0,0,-0.17,-1.19,0.44,0.67,-0.09,-0.26,0.6956521739130435
780,3065,10.0,10.0,1,0,1.01,0.6,-0.51,0.89,0.99,1.99,0.13043478260869565
68,3065,67.0,67.0,0,0,-0.66,-0.26,-0.04,-0.3,-0.6,-1.26,0.9565217391304348
205,3065,17.0,17.0,0,1,0.71,-0.07,0.19,0.91,1.03,1.74,0.2318840579710145
208,3065,62.0,62.0,0,0,-0.37,0.43,-0.69,-0.12,-0.38,-0.76,0.8840579710144928
3449,3065,40.0,40.0,0,0,0.58,0.34,-0.72,0.04,-0.34,0.24,0.5652173913043478
6017,3065,49.0,49.0,0,0,-0.66,0.8,-0.53,0.13,0.4,-0.26,0.6956521739130435
769,3065,10.0,10.0,1,0,1.37,0.35,0.2,0.07,0.62,1.99,0.13043478260869565
1097,3065,29.0,29.0,0,1,-0.09,0.55,0.05,0.47,1.08,0.99,0.4057971014492754
1264,3065,34.0,34.0,0,0,0.35,1.36,-0.53,-0.68,0.15,0.49,0.4782608695652174
9025,3065,33.0,33.0,0,0,1.13,-0.36,0.44,-0.47,-0.39,0.74,0.463768115942029
3448,3065,1.0,1.0,1,0,0.67,0.44,1.81,1.33,3.58,4.24,0.0
5574,3065,29.0,29.0,0,1,1.28,-0.1,-0.14,-0.03,-0.28,0.99,0.4057971014492754
1196,3065,54.0,54.0,0,0,0.28,0.46,-0.6,-0.64,-0.79,-0.51,0.7681159420289855
5882,3065,29.0,29.0,0,1,-0.49,-0.33,1.47,0.34,1.48,0.99,0.4057971014492754
5462,3065,62.0,62.0,0,0,-0.43,-0.22,-0.27,0.17,-0.33,-0.76,0.8840579710144928
328,3065,40.0,40.0,0,0,1.67,0.17,-1.05,-0.55,-1.43,0.24,0.5652173913043478
576,3065,17.0,17.0,0,1,1.0,-0.25,0.54,0.45,0.74,1.74,0.2318840579710145
5504,3065,43.0,43.0,0,0,-0.91,0.47,0.04,0.4,0.9,-0.01,0.6086956521739131
6991,3065,20.0,20.0,0,1,1.01,0.56,0.08,-0.16,0.48,1.49,0.2753623188405797
619,3065,66.0,66.0,0,0,0.23,0.22,-0.44,-1.02,-1.24,-1.01,0.9420289855072463
1680,3065,6.0,6.0,1,0,0.78,0.31,0.96,0.19,1.47,2.24,0.07246376811594203
110,3065,20.0,20.0,0,1,1.74,-0.08,-0.32,0.16,-0.24,1.49,0.2753623188405797
3317,3065,25.0,25.0,0,1,-0.11,0.44,-0.02,0.93,1.35,1.24,0.34782608695652173
9780,3065,3.0,3.0,1,0,1.38,-0.12,1.53,0.45,1.86,3.24,0.028985507246376812
569,3065,10.0,10.0,1,0,-0.52,0.34,2.18,0.0,2.52,1.99,0.13043478260869565
10166,3065,54.0,54.0,0,0,-0.25,0.49,-0.68,-0.06,-0.26,-0.51,0.7681159420289855
5467,3065,2.0,2.0,1,0,1.42,0.69,1.16,0.97,2.82,4.24,0.014492753623188406
4848,3065,6.0,6.0,1,0,0.21,1.69,0.09,0.25,2.03,2.24,0.07246376811594203
1030,3065,3.0,3.0,1,0,1.41,0.38,0.79,0.66,1.83,3.24,0.028985507246376812
4513,3065,43.0,43.0,0,0,-0.21,-0.01,-0.14,0.35,0.21,-0.01,0.6086956521739131
3857,3065,6.0,6.0,1,0,1.08,0.06,0.32,0.78,1.16,2.24,0.07246376811594203
2552,3065,54.0,54.0,0,0,0.13,-0.96,0.83,-0.52,-0.64,-0.51,0.7681159420289855
6689,3065,70.0,70.0,0,0,0.73,-1.09,-1.38,-1.02,-3.49,-2.76,1.0
318,3065,29.0,29.0,0,1,0.65,1.21,0.37,-1.24,0.34,0.99,0.4057971014492754
1778,3065,25.0,25.0,0,1,1.34,-1.02,0.68,0.24,-0.1,1.24,0.34782608695652173
3793,3065,43.0,43.0,0,0,0.94,-0.31,-0.37,-0.26,-0.95,-0.01,0.6086956521739131
601,3065,49.0,49.0,0,0,0.32,0.18,0.94,-1.7,-0.58,-0.26,0.6956521739130435
676,3065,40.0,40.0,0,0,-0.76,0.54,0.09,0.38,1.01,0.24,0.5652173913043478
1059,3065,34.0,34.0,0,0,-1.59,0.15,1.33,0.61,2.09,0.49,0.4782608695652174
1293,3065,10.0,10.0,1,0,0.64,-0.14,1.07,0.42,1.35,1.99,0.13043478260869565
1637,3065,34.0,34.0,0,0,-0.22,0.13,0.41,0.17,0.71,0.49,0.4782608695652174
4781,3065,67.0,67.0,0,0,-0.11,0.41,-0.83,-0.73,-1.15,-1.26,0.9565217391304348
6931,3065,62.0,62.0,0,0,1.03,-0.71,-0.51,-0.57,-1.79,-0.76,0.8840579710144928
257,3065,10.0,10.0,1,0,1.0,0.38,0.5,0.11,1.0,1.99,0.13043478260869565
2571,3065,20.0,20.0,0,1,1.41,0.31,0.02,-0.25,0.08,1.49,0.2753623188405797
6007,3065,10.0,10.0,1,0,-0.72,0.56,1.21,0.95,2.71,1.99,0.13043478260869565
72,3065,5.0,5.0,1,0,0.17,0.0,1.51,0.82,2.32,2.49,0.057971014492753624
308,3065,54.0,54.0,0,0,0.51,-0.54,-0.48,0.0,-1.02,-0.51,0.7681159420289855
707,3065,34.0,34.0,0,0,0.18,-0.28,0.36,0.23,0.31,0.49,0.4782608695652174
5579,3065,20.0,20.0,0,1,0.28,0.74,-0.02,0.49,1.21,1.49,0.2753623188405797
1935,3065,62.0,62.0,0,0,-0.51,0.32,-0.08,-0.49,-0.24,-0.76,0.8840579710144928
3702,3065,20.0,20.0,0,1,0.56,0.0,0.22,0.71,0.93,1.49,0.2753623188405797
5409,3065,25.0,25.0,0,1,-0.12,0.75,0.41,0.21,1.37,1.24,0.34782608695652173
3470,3065,34.0,34.0,0,0,0.31,0.35,-0.95,0.78,0.19,0.49,0.4782608695652174
809,3065,49.0,49.0,0,0,-0.4,-0.5,1.12,-0.47,0.14,-0.26,0.6956521739130435
335,3065,54.0,54.0,0,0,0.73,-0.58,-0.37,-0.29,-1.24,-0.51,0.7681159420289855
5619,3065,10.0,10.0,1,0,0.96,0.22,0.44,0.37,1.03,1.99,0.13043478260869565
9804,3065,49.0,49.0,0,0,0.58,-0.32,-0.21,-0.3,-0.83,-0.26,0.6956521739130435
4591,3065,25.0,25.0,0,1,0.63,0.63,0.31,-0.33,0.62,1.24,0.34782608695652173
7081,3065,43.0,43.0,0,0,-0.38,-0.36,0.49,0.24,0.37,-0.01,0.6086956521739131
1359,3065,69.0,69.0,0,0,-0.89,-0.3,-0.55,-0.26,-1.12,-2.01,0.9855072463768116
3378,3065,43.0,43.0,0,0,0.29,0.66,-0.68,-0.28,-0.3,-0.01,0.6086956521739131
2230,3065,54.0,54.0,0,0,-1.48,-0.22,-0.05,1.25,0.98,-0.51,0.7681159420289855
1185,3065,43.0,43.0,0,0,0.72,-0.35,-0.71,0.33,-0.72,-0.01,0.6086956521739131
10360,3065,54.0,54.0,0,0,0.45,-0.07,-0.03,-0.85,-0.95,-0.51,0.7681159420289855
7082,3065,34.0,34.0,0,0,0.65,1.14,-0.79,-0.51,-0.16,0.49,0.4782608695652174
3532,3065,54.0,54.0,0,0,-1.18,0.08,0.58,0.01,0.67,-0.51,0.7681159420289855
1614,3065,6.0,6.0,1,0,0.61,1.76,0.1,-0.23,1.63,2.24,0.07246376811594203
10140,3065,17.0,17.0,0,1,0.36,0.1,0.96,0.32,1.38,1.74,0.2318840579710145
16,2702,75.0,75.0,0,0,0.78,-0.21,0.04,-1.36,-1.53,-0.76,0.8809523809523809
1748,2702,42.0,42.0,0,0,0.5,0.0,-0.74,0.83,0.09,0.59,0.4880952380952381
4989,2702,28.0,28.0,0,1,-0.07,-0.07,0.14,1.09,1.16,1.09,0.32142857142857145
6062,2702,64.0,64.0,0,0,-0.77,-0.55,1.05,-0.15,0.35,-0.41,0.75
5338,2702,42.0,42.0,0,0,-1.04,0.31,0.88,0.44,1.63,0.59,0.4880952380952381
693,2702,37.0,37.0,0,0,0.21,-0.02,0.34,0.3,0.63,0.84,0.42857142857142855
159,2702,50.0,50.0,0,0,0.71,0.44,0.47,-1.28,-0.38,0.34,0.5833333333333334
774,2702,75.0,75.0,0,0,-0.38,1.06,-0.67,-0.77,-0.38,-0.76,0.8809523809523809
1651,2702,60.0,60.0,0,0,-0.09,0.6,-0.56,0.13,0.18,0.09,0.7023809523809523
1673,2702,85.0,85.0,0,0,-1.83,0.51,-0.63,0.19,0.07,-1.76,1.0
68,2702,42.0,42.0,0,0,-1.18,0.9,1.14,-0.27,1.77,0.59,0.4880952380952381
6017,2702,63.0,63.0,0,0,-0.57,-0.38,0.15,0.64,0.41,-0.16,0.7380952380952381
769,2702,37.0,37.0,0,0,0.74,0.17,-0.64,0.56,0.1,0.84,0.42857142857142855
9131,2702,7.0,7.0,1,0,0.5,0.45,1.31,0.32,2.08,2.59,0.07142857142857142
1264,2702,16.0,16.0,0,1,2.15,-0.34,-0.18,-0.05,-0.57,1.59,0.17857142857142858
928,2702,64.0,64.0,0,0,-0.26,-0.43,0.21,0.06,-0.16,-0.41,0.75
278,2702,10.0,10.0,1,0,0.58,0.61,0.37,0.77,1.75,2.34,0.10714285714285714
1196,2702,69.0,69.0,0,0,-0.28,-0.42,0.59,-0.55,-0.38,-0.66,0.8095238095238095
328,2702,16.0,16.0,0,1,0.37,-0.28,1.24,0.26,1.22,1.59,0.17857142857142858
5408,2702,50.0,50.0,0,0,0.03,0.23,0.06,0.02,0.3,0.34,0.5833333333333334
957,2702,16.0,16.0,0,1,1.86,0.23,-1.13,0.63,-0.27,1.59,0.17857142857142858
576,2702,1.0,1.0,1,0,2.21,0.28,1.52,0.33,2.13,4.34,0.0
6991,2702,10.0,10.0,1,0,-0.27,0.05,1.66,0.91,2.61,2.34,0.10714285714285714
508,2702,37.0,37.0,0,0,0.08,0.31,0.98,-0.53,0.76,0.84,0.42857142857142855
6196,2702,42.0,42.0,0,0,0.18,0.29,-0.66,0.77,0.41,0.59,0.4880952380952381
110,2702,14.0,14.0,0,1,-0.94,0.44,1.24,1.09,2.77,1.84,0.15476190476190477
5259,2702,28.0,28.0,0,1,1.07,0.41,-1.01,0.62,0.02,1.09,0.32142857142857145
196,2702,16.0,16.0,0,1,-0.2,0.13,0.54,1.11,1.78,1.59,0.17857142857142858
5797,2702,60.0,60.0,0,0,1.2,-0.21,-0.5,-0.4,-1.11,0.09,0.7023809523809523
3317,2702,16.0,16.0,0,1,0.33,0.15,-0.11,1.22,1.26,1.59,0.17857142857142858
10505,2702,50.0,50.0,0,0,-0.08,0.09,-0.45,0.77,0.42,0.34,0.5833333333333334
5578,2702,83.0,83.0,0,0,-0.6,-0.13,-0.48,-0.21,-0.82,-1.42,0.9761904761904762
10166,2702,16.0,16.0,0,1,-0.23,0.59,0.36,0.86,1.81,1.59,0.17857142857142858
1265,2702,24.0,24.0,0,1,-0.21,0.44,1.45,-0.33,1.55,1.34,0.27380952380952384
4513,2702,42.0,42.0,0,0,0.62,-0.23,-0.4,0.59,-0.03,0.59,0.4880952380952381
77,2702,28.0,28.0,0,1,0.59,0.55,-0.04,-0.01,0.5,1.09,0.32142857142857145
745,2702,80.0,80.0,0,0,-1.53,0.06,-0.01,0.38,0.44,-1.09,0.9404761904761905
2552,2702,42.0,42.0,0,0,1.05,-0.8,-0.29,0.62,-0.46,0.59,0.4880952380952381
318,2702,4.0,4.0,1,0,1.38,0.56,0.44,0.71,1.71,3.09,0.03571428571428571
1077,2702,72.0,72.0,0,0,-0.53,-0.54,-0.2,0.11,-0.63,-1.16,0.8452380952380952
676,2702,28.0,28.0,0,1,-0.25,0.56,-0.65,1.43,1.34,1.09,0.32142857142857145
1411,2702,13.0,13.0,0,1,0.44,0.12,1.13,0.4,1.64,2.09,0.14285714285714285
1637,2702,7.0,7.0,1,0,0.49,0.64,1.19,0.26,2.09,2.59,0.07142857142857142
4781,2702,37.0,37.0,0,0,0.26,0.71,-0.44,0.3,0.58,0.84,0.42857142857142855
9143,2702,24.0,24.0,0,1,-0.2,0.66,0.96,-0.08,1.54,1.34,0.27380952380952384
8974,2702,64.0,64.0,0,0,-1.71,0.3,0.67,0.32,1.3,-0.41,0.75
479,2702,64.0,64.0,0,0,1.06,-0.5,0.29,-1.27,-1.47,-0.41,0.75
3792,2702,50.0,50.0,0,0,1.22,-0.14,-0.98,0.24,-0.88,0.34,0.5833333333333334
9568,2702,2.0,2.0,1,0,1.82,0.39,1.33,0.54,2.27,4.09,0.011904761904761904
186,2702,80.0,80.0,0,0,-0.26,0.23,-0.47,-0.6,-0.83,-1.09,0.9404761904761905
3980,2702,24.0,24.0,0,1,-0.33,0.13,1.23,0.32,1.67,1.34,0.27380952380952384
5692,2702,50.0,50.0,0,0,1.0,-1.23,0.41,0.15,-0.67,0.34,0.5833333333333334
1750,2702,4.0,4.0,1,0,1.8,-0.22,1.47,0.04,1.28,3.09,0.03571428571428571
801,2702,16.0,16.0,0,1,1.02,0.06,0.45,0.06,0.57,1.59,0.17857142857142858
1548,2702,50.0,50.0,0,0,-1.3,0.16,1.73,-0.25,1.64,0.34,0.5833333333333334
3740,2702,28.0,28.0,0,1,1.54,1.12,-0.91,-0.66,-0.45,1.09,0.32142857142857145
167,2702,42.0,42.0,0,0,-0.65,-0.13,1.22,0.15,1.24,0.59,0.4880952380952381
4047,2702,42.0,42.0,0,0,0.51,-0.31,0.31,0.07,0.08,0.59,0.4880952380952381
4483,2702,28.0,28.0,0,1,-0.36,0.5,0.59,0.36,1.45,1.09,0.32142857142857145
809,2702,24.0,24.0,0,1,-1.39,0.23,1.33,1.16,2.73,1.34,0.27380952380952384
377,2702,4.0,4.0,1,0,0.69,0.76,1.05,0.58,2.39,3.09,0.03571428571428571
5619,2702,72.0,72.0,0,0,-0.03,0.69,-0.03,-1.79,-1.13,-1.16,0.8452380952380952
9804,2702,10.0,10.0,1,0,1.52,-0.09,0.55,0.35,0.82,2.34,0.10714285714285714
11,2702,75.0,75.0,0,0,-0.71,0.14,-0.04,-0.14,-0.04,-0.76,0.8809523809523809
1112,2702,64.0,64.0,0,0,1.19,0.85,-0.9,-1.55,-1.61,-0.41,0.75
4587,2702,7.0,7.0,1,0,1.11,0.09,0.34,1.04,1.48,2.59,0.07142857142857142
6001,2702,83.0,83.0,0,0,-0.47,0.52,-0.37,-1.11,-0.96,-1.43,0.9761904761904762
1613,2702,37.0,37.0,0,0,-0.37,0.15,0.41,0.65,1.21,0.84,0.42857142857142855
3970,2702,28.0,28.0,0,1,0.06,-0.07,0.61,0.48,1.02,1.09,0.32142857142857145
3295,2702,28.0,28.0,0,1,-0.3,0.06,1.34,0.0,1.39,1.09,0.32142857142857145
1157,2702,14.0,14.0,0,1,-0.03,1.57,0.3,-0.02,1.86,1.84,0.15476190476190477
1185,2702,50.0,50.0,0,0,-0.65,0.01,0.48,0.49,0.99,0.34,0.5833333333333334
1614,2702,3.0,3.0,1,0,1.43,-0.23,1.17,0.97,1.9,3.34,0.023809523809523808
9040,2702,80.0,80.0,0,0,-1.53,-0.12,0.43,0.14,0.44,-1.09,0.9404761904761905
5548,2713,5.0,5.0,1,0,0.63,0.27,0.19,1.16,1.62,2.25,0.05333333333333334
3832,2713,28.0,28.0,0,1,1.09,0.0,0.66,-1.01,-0.34,0.75,0.36
1712,2713,70.0,70.0,0,0,-1.06,0.12,-0.73,-0.59,-1.2,-2.25,0.92
388,2713,13.0,13.0,0,1,0.51,-0.08,0.34,0.73,0.99,1.5,0.16
5956,2713,50.0,50.0,0,0,1.49,-0.77,-1.28,-0.45,-2.49,-1.0,0.6533333333333333
10046,2713,60.0,60.0,0,0,-0.09,-0.42,-0.37,-0.38,-1.17,-1.25,0.7866666666666666
4383,2713,28.0,28.0,0,1,0.21,-0.16,0.39,0.31,0.54,0.75,0.36
774,2713,36.0,36.0,0,0,-0.59,0.98,0.23,-0.37,0.84,0.25,0.4666666666666667
1225,2713,50.0,50.0,0,0,0.77,0.26,-1.36,-0.67,-1.77,-1.0,0.6533333333333333
1651,2713,74.0,74.0,0,0,-0.82,-1.59,-0.88,-0.97,-3.44,-4.25,0.9733333333333334
6798,2713,17.0,17.0,0,1,1.93,-1.06,0.27,0.1,-0.68,1.25,0.21333333333333335
3596,2713,24.0,24.0,0,1,-0.55,-0.24,1.04,0.75,1.55,1.0,0.30666666666666664
780,2713,17.0,17.0,0,1,0.62,0.54,-0.46,0.54,0.62,1.25,0.21333333333333335
4317,2713,41.0,41.0,0,0,-1.76,0.21,0.99,0.31,1.51,-0.25,0.5333333333333333
205,2713,3.0,3.0,1,0,1.62,-0.16,1.01,0.53,1.38,3.0,0.02666666666666667
1097,2713,24.0,24.0,0,1,-0.35,0.68,0.4,0.26,1.35,1.0,0.30666666666666664
9025,2713,17.0,17.0,0,1,-0.52,0.71,1.23,-0.17,1.77,1.25,0.21333333333333335
3448,2713,17.0,17.0,0,1,1.36,-0.56,-0.24,0.68,-0.12,1.25,0.21333333333333335
4304,2713,76.0,76.0,0,0,-0.72,0.51,-1.1,-3.44,-4.03,-4.75,1.0
5882,2713,50.0,50.0,0,0,0.48,-1.1,-0.39,0.01,-1.48,-1.0,0.6533333333333333
1483,2713,24.0,24.0,0,1,-0.95,0.59,0.38,0.98,1.95,1.0,0.30666666666666664
3550,2713,63.0,63.0,0,0,-1.57,-0.17,-0.29,0.53,0.07,-1.5,0.8266666666666667
5860,2713,1.0,1.0,1,0,0.76,1.46,1.61,0.67,3.74,4.5,0.0
576,2713,17.0,17.0,0,1,0.5,-0.23,0.84,0.13,0.75,1.25,0.21333333333333335
5504,2713,10.0,10.0,1,0,-0.15,-0.11,1.68,0.34,1.9,1.75,0.12
6991,2713,50.0,50.0,0,0,0.54,-0.29,-0.84,-0.41,-1.54,-1.0,0.6533333333333333
1680,2713,24.0,24.0,0,1,0.73,-0.39,0.02,0.63,0.26,1.0,0.30666666666666664
110,2713,50.0,50.0,0,0,-1.2,-0.17,0.85,-0.48,0.2,-1.0,0.6533333333333333
1067,2713,60.0,60.0,0,0,-1.6,-0.24,0.79,-0.21,0.34,-1.25,0.7866666666666666
9780,2713,28.0,28.0,0,1,0.61,0.43,-1.95,1.65,0.14,0.75,0.36
569,2713,63.0,63.0,0,0,-1.3,-0.65,-0.17,0.61,-0.21,-1.5,0.8266666666666667
5467,2713,13.0,13.0,0,1,-0.27,0.28,0.84,0.64,1.77,1.5,0.16
4848,2713,28.0,28.0,0,1,-1.29,0.12,1.54,0.37,2.04,0.75,0.36
1030,2713,17.0,17.0,0,1,0.56,-0.11,0.38,0.42,0.69,1.25,0.21333333333333335
446,2713,28.0,28.0,0,1,0.65,0.2,0.34,-0.44,0.1,0.75,0.36
3857,2713,13.0,13.0,0,1,-0.26,1.23,0.39,0.14,1.76,1.5,0.16
2552,2713,28.0,28.0,0,1,0.71,-0.58,0.6,0.02,0.03,0.75,0.36
1778,2713,41.0,41.0,0,0,0.45,-0.14,-0.94,0.37,-0.7,-0.25,0.5333333333333333
1293,2713,50.0,50.0,0,0,-0.26,-0.26,0.15,-0.63,-0.75,-1.0,0.6533333333333333
455,2713,47.0,47.0,0,0,-0.81,0.21,0.12,-0.27,0.06,-0.75,0.6133333333333333
9037,2713,50.0,50.0,0,0,-0.05,0.06,-0.29,-0.72,-0.95,-1.0,0.6533333333333333
6931,2713,66.0,66.0,0,0,-0.65,0.04,-1.23,0.09,-1.1,-1.75,0.8666666666666667
257,2713,17.0,17.0,0,1,1.2,0.71,-0.3,-0.36,0.04,1.25,0.21333333333333335
3351,2713,41.0,41.0,0,0,-0.83,0.77,-0.34,0.13,0.57,-0.25,0.5333333333333333
72,2713,5.0,5.0,1,0,0.47,-0.57,2.08,0.27,1.78,2.25,0.05333333333333334
308,2713,39.0,39.0,0,0,0.01,0.16,-0.05,-0.12,-0.01,0.0,0.5066666666666667
707,2713,69.0,69.0,0,0,-1.08,0.03,-0.64,-0.31,-0.93,-2.0,0.9066666666666666
5579,2713,36.0,36.0,0,0,0.55,-0.99,0.44,0.25,-0.3,0.25,0.4666666666666667
4321,2713,72.0,72.0,0,0,0.44,-1.24,-1.85,-0.35,-3.45,-3.0,0.9466666666666667
3702,2713,9.0,9.0,1,0,1.23,0.55,-0.31,0.53,0.77,2.0,0.10666666666666667
5409,2713,66.0,66.0,0,0,-0.19,-0.98,-0.6,0.01,-1.57,-1.75,0.8666666666666667
4483,2713,5.0,5.0,1,0,1.09,0.17,0.95,0.04,1.16,2.25,0.05333333333333334
3470,2713,5.0,5.0,1,0,0.22,0.8,-0.39,1.61,2.03,2.25,0.05333333333333334
809,2713,28.0,28.0,0,1,0.19,0.45,-0.1,0.21,0.56,0.75,0.36
335,2713,74.0,74.0,0,0,-1.63,0.66,-2.59,-0.69,-2.62,-4.25,0.9733333333333334
158,2713,39.0,39.0,0,0,-0.48,0.18,-0.24,0.54,0.47,0.0,0.5066666666666667
1178,2713,10.0,10.0,1,0,0.92,0.98,-0.18,0.03,0.82,1.75,0.12
7081,2713,50.0,50.0,0,0,-0.98,-0.18,-0.15,0.3,-0.03,-1.0,0.6533333333333333
9076,2713,47.0,47.0,0,0,0.25,-0.43,-0.79,0.23,-1.0,-0.75,0.6133333333333333
5057,2713,71.0,71.0,0,0,-1.32,-0.67,0.08,-0.59,-1.18,-2.5,0.9333333333333333
5539,2713,28.0,28.0,0,1,0.14,0.3,-0.19,0.5,0.61,0.75,0.36
5553,2713,36.0,36.0,0,0,-0.88,0.5,-0.35,0.98,1.13,0.25,0.4666666666666667
5140,2713,10.0,10.0,1,0,1.51,-0.21,1.2,-0.75,0.23,1.75,0.12
9031,2713,4.0,4.0,1,0,-0.43,0.09,1.97,0.87,2.93,2.5,0.04
10360,2713,44.0,44.0,0,0,0.6,-0.31,0.42,-1.21,-1.1,-0.5,0.5733333333333334
10140,2713,13.0,13.0,0,1,1.04,0.11,0.01,0.34,0.46,1.5,0.16
686,2713,2.0,2.0,1,0,2.26,0.15,0.17,0.67,0.99,3.25,0.013333333333333334
1748,2714,10.0,10.0,1,0,0.41,0.38,1.92,-0.4,1.9,2.31,0.12162162162162163
5951,2714,62.0,62.0,0,0,-0.88,-0.52,0.15,0.81,0.43,-0.44,0.8243243243243243
1712,2714,70.0,70.0,0,0,0.79,-0.34,-0.7,-0.7,-1.74,-0.94,0.9324324324324325
6062,2714,30.0,30.0,0,1,0.71,-0.39,0.26,0.48,0.35,1.06,0.3918918918918919
693,2714,54.0,54.0,0,0,0.52,0.33,-0.66,-0.13,-0.47,0.06,0.7162162162162162
9584,2714,5.0,5.0,1,0,1.31,0.75,0.11,0.63,1.49,2.81,0.05405405405405406
780,2714,42.0,42.0,0,0,0.0,0.29,-0.19,0.46,0.56,0.56,0.5540540540540541
68,2714,32.0,32.0,0,0,0.71,-0.39,0.52,-0.03,0.1,0.81,0.4189189189189189
1646,2714,48.0,48.0,0,0,-0.1,-0.14,0.59,-0.04,0.41,0.31,0.6351351351351351
205,2714,2.0,2.0,1,0,0.61,0.64,1.04,1.27,2.95,3.56,0.013513513513513514
3449,2714,70.0,70.0,0,0,-0.73,-0.21,0.74,-0.74,-0.21,-0.94,0.9324324324324325
6017,2714,14.0,14.0,0,1,1.64,-0.37,-0.09,0.88,0.42,2.06,0.17567567567567569
1121,2714,70.0,70.0,0,0,0.1,-0.57,-0.11,-0.36,-1.04,-0.94,0.9324324324324325
856,2714,70.0,70.0,0,0,1.13,0.92,-1.27,-1.72,-2.08,-0.94,0.9324324324324325
769,2714,23.0,23.0,0,1,0.91,0.73,0.35,-0.44,0.64,1.56,0.2972972972972973
1264,2714,54.0,54.0,0,0,1.09,0.38,-0.77,-0.64,-1.03,0.06,0.7162162162162162
3448,2714,8.0,8.0,1,0,-0.1,0.06,1.64,0.95,2.65,2.56,0.0945945945945946
3950,2714,32.0,32.0,0,0,0.47,0.17,-0.34,0.5,0.34,0.81,0.4189189189189189
5574,2714,27.0,27.0,0,1,1.04,0.15,-0.49,0.61,0.27,1.31,0.35135135135135137
3452,2714,42.0,42.0,0,0,0.99,0.22,0.12,-0.77,-0.43,0.56,0.5540540540540541
2127,2714,48.0,48.0,0,0,-0.42,-0.38,0.63,0.48,0.73,0.31,0.6351351351351351
3550,2714,4.0,4.0,1,0,-0.58,0.25,2.29,1.09,3.64,3.06,0.04054054054054054
5504,2714,32.0,32.0,0,0,0.35,-0.91,0.3,1.06,0.45,0.81,0.4189189189189189
6991,2714,23.0,23.0,0,1,-0.59,0.22,1.26,0.66,2.15,1.56,0.2972972972972973
619,2714,3.0,3.0,1,0,1.59,0.46,0.92,0.33,1.72,3.31,0.02702702702702703
153,2714,75.0,75.0,0,0,-0.55,-0.13,0.11,-0.61,-0.64,-1.19,1.0
5025,2714,10.0,10.0,1,0,0.65,0.03,0.44,1.19,1.66,2.31,0.12162162162162163
3598,2714,32.0,32.0,0,0,0.84,-0.13,-0.23,0.32,-0.03,0.81,0.4189189189189189
1067,2714,14.0,14.0,0,1,0.62,0.01,0.28,1.14,1.43,2.06,0.17567567567567569
10505,2714,42.0,42.0,0,0,-0.03,-0.1,0.19,0.49,0.58,0.56,0.5540540540540541
1030,2714,1.0,1.0,1,0,0.94,-0.01,1.79,0.83,2.62,3.56,0.0
4513,2714,14.0,14.0,0,1,-0.36,0.46,0.33,1.62,2.42,2.06,0.17567567567567569
3857,2714,8.0,8.0,1,0,0.33,0.57,0.85,0.8,2.22,2.56,0.0945945945945946
77,2714,58.0,58.0,0,0,0.75,-0.85,0.13,-0.23,-0.94,-0.19,0.7702702702702703
745,2714,67.0,67.0,0,0,-0.73,0.7,-0.6,-0.06,0.04,-0.69,0.8918918918918919
10363,2714,19.0,19.0,0,1,-0.09,0.59,0.91,0.4,1.9,1.81,0.24324324324324326
3793,2714,48.0,48.0,0,0,0.22,-0.45,-0.63,1.16,0.09,0.31,0.6351351351351351
1059,2714,30.0,30.0,0,1,-1.34,-0.5,1.97,0.93,2.4,1.06,0.3918918918918919
1411,2714,14.0,14.0,0,1,1.36,0.21,0.33,0.16,0.7,2.06,0.17567567567567569
1637,2714,19.0,19.0,0,1,0.17,-0.38,0.78,1.24,1.63,1.81,0.24324324324324326
4781,2714,67.0,67.0,0,0,-0.26,-0.59,0.18,-0.02,-0.43,-0.69,0.8918918918918919
9143,2714,62.0,62.0,0,0,0.23,0.11,-0.36,-0.42,-0.67,-0.44,0.8243243243243243
6931,2714,32.0,32.0,0,0,-0.51,-0.13,0.93,0.52,1.31,0.81,0.4189189189189189
257,2714,32.0,32.0,0,0,0.56,0.67,-0.2,-0.22,0.24,0.81,0.4189189189189189
1042,2714,27.0,27.0,0,1,0.25,0.89,1.06,-0.9,1.06,1.31,0.35135135135135137
9568,2714,54.0,54.0,0,0,-1.59,0.27,1.15,0.23,1.65,0.06,0.7162162162162162
6007,2714,48.0,48.0,0,0,0.03,-0.24,-0.06,0.58,0.28,0.31,0.6351351351351351
5692,2714,58.0,58.0,0,0,0.19,0.49,-0.72,-0.15,-0.38,-0.19,0.7702702702702703
1750,2714,58.0,58.0,0,0,0.46,0.36,-0.7,-0.31,-0.65,-0.19,0.7702702702702703
801,2714,42.0,42.0,0,0,-1.24,0.98,1.3,-0.49,1.8,0.56,0.5540540540540541
1935,2714,58.0,58.0,0,0,-0.1,-0.83,0.61,0.12,-0.09,-0.19,0.7702702702702703
1254,2714,5.0,5.0,1,0,0.05,0.54,2.03,0.19,2.76,2.81,0.05405405405405406
377,2714,23.0,23.0,0,1,0.89,0.65,-0.47,0.48,0.66,1.56,0.2972972972972973
9531,2714,67.0,67.0,0,0,-0.79,-0.36,-0.27,0.73,0.1,-0.69,0.8918918918918919
9804,2714,42.0,42.0,0,0,0.37,-0.49,0.15,0.53,0.19,0.56,0.5540540540540541
78,2714,62.0,62.0,0,0,-0.66,-0.52,1.43,-0.69,0.22,-0.44,0.8243243243243243
10049,2714,48.0,48.0,0,0,-0.2,0.14,0.22,0.14,0.51,0.31,0.6351351351351351
9528,2714,27.0,27.0,0,1,0.83,-0.28,0.45,0.3,0.47,1.31,0.35135135135135137
10404,2714,32.0,32.0,0,0,0.6,0.55,-0.8,0.46,0.21,0.81,0.4189189189189189
4267,2714,23.0,23.0,0,1,0.9,0.06,0.78,-0.19,0.66,1.56,0.2972972972972973
1359,2714,10.0,10.0,1,0,0.62,-0.4,1.26,0.83,1.69,2.31,0.12162162162162163
6001,2714,10.0,10.0,1,0,0.59,0.86,0.82,0.04,1.71,2.31,0.12162162162162163
1613,2714,19.0,19.0,0,1,1.14,0.24,0.67,-0.24,0.67,1.81,0.24324324324324326
3378,2714,62.0,62.0,0,0,0.35,-1.11,0.11,0.2,-0.8,-0.44,0.8243243243243243
2230,2714,5.0,5.0,1,0,-0.1,0.65,0.72,1.54,2.91,2.81,0.05405405405405406
6086,2714,32.0,32.0,0,0,0.38,-0.11,0.79,-0.26,0.42,0.81,0.4189189189189189
3295,2714,19.0,19.0,0,1,0.29,1.09,0.71,-0.28,1.52,1.81,0.24324324324324326
392,2714,14.0,14.0,0,1,0.69,0.84,0.3,0.23,1.37,2.06,0.17567567567567569
5951,2715,80.0,80.0,0,0,-1.73,0.07,-0.5,1.05,0.62,-1.11,0.9875
1712,2715,25.0,25.0,0,1,1.61,-1.05,0.48,0.23,-0.34,1.27,0.3
5338,2715,12.0,12.0,0,1,0.06,0.38,1.09,0.24,1.71,1.77,0.1375
693,2715,25.0,25.0,0,1,0.62,-0.33,0.91,0.07,0.65,1.27,0.3
10046,2715,1.0,1.0,1,0,1.87,0.13,0.53,0.49,1.15,3.02,0.0
9584,2715,50.0,50.0,0,0,-0.2,-0.18,0.38,0.52,0.72,0.52,0.6125
1225,2715,10.0,10.0,1,0,0.64,0.19,1.27,-0.08,1.38,2.02,0.1125
4638,2715,39.0,39.0,0,0,1.19,-0.3,0.38,-0.25,-0.17,1.02,0.475
1673,2715,81.0,81.0,0,0,-0.9,-0.23,-0.42,-0.56,-1.21,-2.11,1.0
780,2715,44.0,44.0,0,0,-0.86,0.45,0.26,0.91,1.63,0.77,0.5375
713,2715,60.0,60.0,0,0,-0.01,-0.51,0.17,0.37,0.04,0.02,0.7375
68,2715,12.0,12.0,0,1,0.95,0.43,0.33,0.06,0.82,1.77,0.1375
5704,2715,25.0,25.0,0,1,0.4,-0.33,-0.07,1.28,0.87,1.27,0.3
205,2715,39.0,39.0,0,0,-0.15,-0.08,-0.02,1.27,1.18,1.02,0.475
208,2715,19.0,19.0,0,1,0.81,0.45,0.01,0.26,0.71,1.52,0.225
3449,2715,60.0,60.0,0,0,-0.84,-0.18,1.05,-0.01,0.86,0.02,0.7375
1121,2715,12.0,12.0,0,1,0.11,0.68,1.09,-0.11,1.66,1.77,0.1375
769,2715,39.0,39.0,0,0,0.14,-0.43,0.66,0.65,0.88,1.02,0.475
1352,2715,19.0,19.0,0,1,0.73,0.32,0.34,0.13,0.79,1.52,0.225
4645,2715,50.0,50.0,0,0,1.35,-0.39,0.07,-0.51,-0.83,0.52,0.6125
1264,2715,19.0,19.0,0,1,0.9,0.18,0.55,-0.11,0.62,1.52,0.225
9025,2715,5.0,5.0,1,0,1.03,-0.44,1.21,0.47,1.24,2.27,0.05
8992,2715,25.0,25.0,0,1,0.84,-0.17,0.98,-0.38,0.43,1.27,0.3
3577,2715,50.0,50.0,0,0,-0.39,-1.16,1.94,0.13,0.91,0.52,0.6125
3452,2715,12.0,12.0,0,1,0.83,0.71,0.18,0.05,0.94,1.77,0.1375
74,2715,25.0,25.0,0,1,0.8,0.21,0.69,-0.43,0.47,1.27,0.3
508,2715,5.0,5.0,1,0,0.35,0.8,1.27,-0.14,1.93,2.27,0.05
196,2715,10.0,10.0,1,0,1.12,0.17,-0.17,0.89,0.9,2.02,0.1125
1676,2715,25.0,25.0,0,1,0.11,1.41,-0.83,0.57,1.16,1.27,0.3
1422,2715,73.0,73.0,0,0,-1.38,0.17,1.18,-1.2,0.15,-1.23,0.9
10505,2715,64.0,64.0,0,0,-0.07,0.3,-0.51,0.06,-0.16,-0.23,0.7875
5578,2715,68.0,68.0,0,0,-0.5,-0.42,0.17,0.27,0.02,-0.48,0.8375
77,2715,25.0,25.0,0,1,1.77,-0.05,-0.23,-0.23,-0.5,1.27,0.3
2552,2715,44.0,44.0,0,0,-0.93,0.58,0.38,0.74,1.7,0.77,0.5375
6689,2715,64.0,64.0,0,0,0.06,-0.76,0.8,-0.33,-0.29,-0.23,0.7875
1734,2715,74.0,74.0,0,0,2.44,-0.02,-2.48,-0.38,-2.89,-0.44,0.9125
1778,2715,55.0,55.0,0,0,-0.85,0.31,-0.13,0.93,1.12,0.27,0.675
1077,2715,44.0,44.0,0,0,-0.54,0.04,0.99,0.28,1.31,0.77,0.5375
3793,2715,12.0,12.0,0,1,1.38,0.62,-1.09,0.86,0.39,1.77,0.1375
676,2715,25.0,25.0,0,1,0.0,0.09,1.17,0.02,1.28,1.27,0.3
1059,2715,68.0,68.0,0,0,-1.31,0.74,-0.81,0.9,0.83,-0.48,0.8375
6648,2715,50.0,50.0,0,0,-0.53,0.29,0.52,0.23,1.05,0.52,0.6125
1637,2715,64.0,64.0,0,0,0.47,-0.44,0.2,-0.46,-0.7,-0.23,0.7875
4781,2715,12.0,12.0,0,1,1.02,0.42,0.0,0.33,0.75,1.77,0.1375
8974,2715,71.0,71.0,0,0,-1.0,-0.22,0.27,0.22,0.27,-0.73,0.875
9530,2715,44.0,44.0,0,0,0.13,0.32,0.75,-0.43,0.64,0.77,0.5375
6999,2715,55.0,55.0,0,0,0.48,-0.02,-0.06,-0.12,-0.2,0.27,0.675
9568,2715,39.0,39.0,0,0,-0.69,0.29,0.5,0.91,1.71,1.02,0.475
3980,2715,25.0,25.0,0,1,1.44,0.03,0.3,-0.5,-0.17,1.27,0.3
5692,2715,44.0,44.0,0,0,1.39,1.12,-1.09,-0.65,-0.62,0.77,0.5375
6825,2715,2.0,2.0,1,0,2.07,0.49,-0.63,0.84,0.7,2.77,0.0125
801,2715,55.0,55.0,0,0,1.07,0.91,-1.09,-0.62,-0.8,0.27,0.675
1935,2715,77.0,77.0,0,0,-0.87,-0.34,0.25,0.18,0.09,-0.78,0.95
377,2715,19.0,19.0,0,1,0.36,-0.04,0.96,0.24,1.16,1.52,0.225
5619,2715,74.0,74.0,0,0,0.48,0.69,0.25,-1.86,-0.92,-0.44,0.9125
9804,2715,25.0,25.0,0,1,1.3,-0.01,-0.11,0.09,-0.03,1.27,0.3
11,2715,25.0,25.0,0,1,1.32,-0.34,0.36,-0.07,-0.05,1.27,0.3
4591,2715,25.0,25.0,0,1,0.67,-0.11,0.6,0.11,0.6,1.27,0.3
10049,2715,55.0,55.0,0,0,0.27,-0.3,0.1,0.21,0.01,0.27,0.675
1359,2715,77.0,77.0,0,0,-1.0,0.2,-0.75,0.77,0.22,-0.78,0.95
6001,2715,25.0,25.0,0,1,1.2,-0.84,0.49,0.42,0.07,1.27,0.3
1613,2715,25.0,25.0,0,1,0.57,-0.06,0.36,0.4,0.7,1.27,0.3
3378,2715,5.0,5.0,1,0,0.84,0.17,1.06,0.2,1.43,2.27,0.05
4643,2715,44.0,44.0,0,0,0.09,0.0,1.21,-0.54,0.68,0.77,0.5375
412,2715,5.0,5.0,1,0,0.37,0.61,1.5,-0.21,1.9,2.27,0.05
3970,2715,60.0,60.0,0,0,-0.25,0.43,-0.16,0.0,0.27,0.02,0.7375
9626,2715,19.0,19.0,0,1,0.54,-0.81,0.39,1.39,0.98,1.52,0.225
3295,2715,39.0,39.0,0,0,0.24,-0.41,0.98,0.22,0.78,1.02,0.475
1185,2715,19.0,19.0,0,1,0.82,0.42,0.04,0.25,0.7,1.52,0.225
10360,2715,3.0,3.0,1,0,1.02,0.42,2.04,-0.95,1.5,2.52,0.025
3532,2715,71.0,71.0,0,0,0.04,-0.4,-0.29,-0.08,-0.77,-0.73,0.875
1350,2715,64.0,64.0,0,0,0.27,-0.3,0.24,-0.44,-0.5,-0.23,0.7875
686,2715,5.0,5.0,1,0,0.04,0.54,1.5,0.2,2.23,2.27,0.05
512,2708,84.0,84.0,0,0,-0.62,-0.42,0.24,-0.46,-0.65,-1.27,0.9880952380952381
5548,2708,57.0,57.0,0,0,0.66,0.03,-0.06,-0.31,-0.35,0.32,0.6666666666666666
4989,2708,17.0,17.0,0,1,0.97,0.05,-0.34,0.89,0.6,1.57,0.19047619047619047
5285,2708,66.0,66.0,0,0,-1.0,0.13,0.07,0.63,0.82,-0.18,0.7738095238095238
5338,2708,35.0,35.0,0,0,-0.77,0.15,0.86,0.83,1.84,1.07,0.40476190476190477
10046,2708,26.0,26.0,0,1,0.33,1.01,-0.34,0.33,0.99,1.32,0.2976190476190476
1225,2708,35.0,35.0,0,0,1.24,0.46,0.71,-1.33,-0.17,1.07,0.40476190476190477
6011,2708,53.0,53.0,0,0,1.81,-0.38,-0.29,-0.57,-1.24,0.57,0.6190476190476191
1222,2708,14.0,14.0,0,1,-0.55,1.57,1.76,-0.96,2.37,1.82,0.15476190476190477
3596,2708,14.0,14.0,0,1,0.28,0.18,0.52,0.84,1.54,1.82,0.15476190476190477
1673,2708,26.0,26.0,0,1,0.47,0.46,0.05,0.34,0.85,1.32,0.2976190476190476
713,2708,5.0,5.0,1,0,0.04,0.85,0.53,0.9,2.28,2.32,0.047619047619047616
205,2708,3.0,3.0,1,0,1.67,1.4,-0.44,-0.06,0.9,2.57,0.023809523809523808
6017,2708,8.0,8.0,1,0,1.39,-0.78,1.12,0.34,0.68,2.07,0.08333333333333333
1121,2708,75.0,75.0,0,0,-1.23,-0.16,0.93,0.2,0.96,-0.27,0.8809523809523809
769,2708,43.0,43.0,0,0,-0.01,-0.49,0.88,0.45,0.83,0.82,0.5
8975,2708,43.0,43.0,0,0,0.44,-0.41,1.08,-0.29,0.38,0.82,0.5
9025,2708,2.0,2.0,1,0,1.1,0.2,1.71,0.05,1.97,3.07,0.011904761904761904
928,2708,8.0,8.0,1,0,1.12,0.19,0.45,0.31,0.95,2.07,0.08333333333333333
3950,2708,3.0,3.0,1,0,1.55,0.01,0.38,0.63,1.02,2.57,0.023809523809523808
5574,2708,26.0,26.0,0,1,1.43,0.16,-1.33,1.06,-0.11,1.32,0.2976190476190476
3452,2708,43.0,43.0,0,0,-0.16,0.55,-0.05,0.48,0.98,0.82,0.5
5882,2708,43.0,43.0,0,0,-0.78,-0.47,1.11,0.96,1.6,0.82,0.5
3375,2708,53.0,53.0,0,0,0.53,-0.38,0.51,-0.1,0.04,0.57,0.6190476190476191
74,2708,66.0,66.0,0,0,1.56,0.19,-1.34,-0.6,-1.74,-0.18,0.7738095238095238
2127,2708,26.0,26.0,0,1,0.52,-0.2,0.99,0.02,0.8,1.32,0.2976190476190476
5462,2708,26.0,26.0,0,1,1.32,-0.36,0.11,0.25,0.0,1.32,0.2976190476190476
328,2708,69.0,69.0,0,0,-0.12,0.95,-0.85,-0.41,-0.31,-0.43,0.8095238095238095
957,2708,17.0,17.0,0,1,0.87,0.34,-0.02,0.37,0.7,1.57,0.19047619047619047
5504,2708,66.0,66.0,0,0,1.41,-0.78,-0.87,0.06,-1.59,-0.18,0.7738095238095238
3856,2708,62.0,62.0,0,0,1.37,-0.68,-0.4,-0.23,-1.3,0.07,0.7261904761904762
6196,2708,62.0,62.0,0,0,0.3,-1.23,0.13,0.88,-0.23,0.07,0.7261904761904762
5259,2708,75.0,75.0,0,0,0.41,-1.34,0.38,0.28,-0.68,-0.27,0.8809523809523809
153,2708,26.0,26.0,0,1,0.39,0.35,0.56,0.02,0.93,1.32,0.2976190476190476
196,2708,69.0,69.0,0,0,-1.33,0.38,0.12,0.4,0.9,-0.43,0.8095238095238095
3317,2708,26.0,26.0,0,1,-0.78,0.39,1.67,0.04,2.1,1.32,0.2976190476190476
1676,2708,75.0,75.0,0,0,-0.06,-0.15,-0.6,0.55,-0.2,-0.27,0.8809523809523809
5467,2708,1.0,1.0,1,0,0.57,1.51,1.24,-0.26,2.5,3.07,0.0
1265,2708,43.0,43.0,0,0,1.22,0.05,0.03,-0.48,-0.4,0.82,0.5
4513,2708,8.0,8.0,1,0,0.77,0.3,0.11,0.9,1.3,2.07,0.08333333333333333
77,2708,81.0,81.0,0,0,-1.29,0.16,0.03,0.51,0.69,-0.6,0.9523809523809523
318,2708,57.0,57.0,0,0,0.34,-0.28,1.14,-0.88,-0.02,0.32,0.6666666666666666
1778,2708,57.0,57.0,0,0,0.4,-0.75,0.37,0.3,-0.08,0.32,0.6666666666666666
1077,2708,8.0,8.0,1,0,1.5,0.29,0.36,-0.09,0.57,2.07,0.08333333333333333
3793,2708,43.0,43.0,0,0,-1.22,0.57,1.13,0.34,2.04,0.82,0.5
1411,2708,35.0,35.0,0,0,1.74,0.23,0.45,-1.34,-0.67,1.07,0.40476190476190477
4781,2708,26.0,26.0,0,1,0.29,0.62,-0.97,1.38,1.03,1.32,0.2976190476190476
9143,2708,43.0,43.0,0,0,0.57,-0.85,0.85,0.24,0.25,0.82,0.5
6931,2708,17.0,17.0,0,1,2.29,0.18,-1.08,0.19,-0.72,1.57,0.19047619047619047
8974,2708,69.0,69.0,0,0,-0.78,1.19,-0.11,-0.72,0.35,-0.43,0.8095238095238095
3351,2708,17.0,17.0,0,1,-0.19,0.12,1.73,-0.1,1.76,1.57,0.19047619047619047
1042,2708,73.0,73.0,0,0,0.57,-0.96,0.44,-0.73,-1.25,-0.68,0.8571428571428571
72,2708,5.0,5.0,1,0,-0.12,0.83,-0.16,1.78,2.44,2.32,0.047619047619047616
186,2708,17.0,17.0,0,1,1.21,0.69,-0.68,0.35,0.36,1.57,0.19047619047619047
3980,2708,53.0,53.0,0,0,-0.6,-0.5,1.48,0.19,1.17,0.57,0.6190476190476191
5692,2708,75.0,75.0,0,0,0.13,-0.3,-0.14,0.04,-0.4,-0.27,0.8809523809523809
5579,2708,5.0,5.0,1,0,0.65,0.07,0.41,1.18,1.67,2.32,0.047619047619047616
6825,2708,35.0,35.0,0,0,0.61,1.08,-0.4,-0.22,0.46,1.07,0.40476190476190477
801,2708,35.0,35.0,0,0,0.87,0.18,0.53,-0.51,0.2,1.07,0.40476190476190477
1548,2708,35.0,35.0,0,0,1.68,0.18,-0.15,-0.64,-0.61,1.07,0.40476190476190477
167,2708,62.0,62.0,0,0,-0.19,-0.54,0.96,-0.16,0.26,0.07,0.7261904761904762
4483,2708,62.0,62.0,0,0,-0.22,-0.75,0.63,0.41,0.29,0.07,0.7261904761904762
3470,2708,17.0,17.0,0,1,-0.92,0.51,0.23,1.74,2.49,1.57,0.19047619047619047
962,2708,53.0,53.0,0,0,-0.99,-0.18,0.98,0.77,1.56,0.57,0.6190476190476191
335,2708,69.0,69.0,0,0,-1.18,0.35,0.6,-0.21,0.75,-0.43,0.8095238095238095
5619,2708,57.0,57.0,0,0,0.41,0.24,-0.56,0.23,-0.09,0.32,0.6666666666666666
4449,2708,75.0,75.0,0,0,0.79,-0.87,0.23,-0.42,-1.06,-0.27,0.8809523809523809
9528,2708,35.0,35.0,0,0,0.41,0.05,0.38,0.23,0.66,1.07,0.40476190476190477
10404,2708,75.0,75.0,0,0,0.65,-0.49,-0.35,-0.08,-0.92,-0.27,0.8809523809523809
1037,2708,85.0,85.0,0,0,-3.13,-1.16,0.36,0.67,-0.14,-3.27,1.0
2230,2708,17.0,17.0,0,1,0.4,0.41,0.34,0.42,1.17,1.57,0.19047619047619047
6086,2708,35.0,35.0,0,0,0.37,-0.58,1.54,-0.26,0.7,1.07,0.40476190476190477
3970,2708,8.0,8.0,1,0,0.99,0.0,0.97,0.11,1.08,2.07,0.08333333333333333
1157,2708,43.0,43.0,0,0,-0.26,0.58,-0.18,0.68,1.08,0.82,0.5
1185,2708,57.0,57.0,0,0,0.0,-0.47,0.38,0.41,0.32,0.32,0.6666666666666666
10360,2708,74.0,74.0,0,0,0.23,0.15,-0.41,-1.16,-1.41,-1.18,0.8690476190476191
1366,2708,17.0,17.0,0,1,0.57,0.64,0.31,0.05,1.0,1.57,0.19047619047619047
3532,2708,43.0,43.0,0,0,-0.25,0.1,0.44,0.53,1.07,0.82,0.5
1614,2708,8.0,8.0,1,0,0.64,1.2,-0.4,0.63,1.43,2.07,0.08333333333333333
10140,2708,14.0,14.0,0,1,1.08,0.43,-0.5,0.81,0.74,1.82,0.15476190476190477
512,2707,52.0,52.0,0,0,0.04,0.18,-0.57,0.75,0.35,0.39,0.6
1748,2707,37.0,37.0,0,0,0.61,0.57,-0.42,0.14,0.28,0.89,0.4235294117647059
388,2707,10.0,10.0,1,0,-0.72,-0.02,1.55,1.33,2.86,2.14,0.10588235294117647
693,2707,10.0,10.0,1,0,0.45,-0.24,1.64,0.28,1.69,2.14,0.10588235294117647
9584,2707,31.0,31.0,0,0,0.58,-0.02,-0.29,0.86,0.56,1.14,0.35294117647058826
1651,2707,4.0,4.0,1,0,1.12,-0.02,1.19,0.34,1.51,2.64,0.03529411764705882
6798,2707,37.0,37.0,0,0,0.96,0.04,-1.26,1.15,-0.07,0.89,0.4235294117647059
4638,2707,60.0,60.0,0,0,-0.09,-0.46,1.22,-0.53,0.23,0.14,0.6941176470588235
3599,2707,82.0,82.0,0,0,-1.01,0.17,0.21,-0.73,-0.36,-1.37,0.9529411764705882
68,2707,10.0,10.0,1,0,0.26,0.27,0.49,1.12,1.88,2.14,0.10588235294117647
3449,2707,72.0,72.0,0,0,-1.04,-0.81,1.77,-0.29,0.67,-0.37,0.8352941176470589
769,2707,4.0,4.0,1,0,0.54,-0.08,1.76,0.42,2.1,2.64,0.03529411764705882
1097,2707,2.0,2.0,1,0,1.76,0.17,0.78,0.17,1.13,2.89,0.011764705882352941
1352,2707,65.0,65.0,0,0,0.04,-0.22,0.56,-0.5,-0.15,-0.11,0.7529411764705882
4645,2707,37.0,37.0,0,0,0.39,0.57,0.64,-0.7,0.5,0.89,0.4235294117647059
9025,2707,1.0,1.0,1,0,0.09,0.67,1.23,1.15,3.05,3.14,0.0
8992,2707,10.0,10.0,1,0,0.1,1.27,0.98,-0.21,2.04,2.14,0.10588235294117647
3577,2707,24.0,24.0,0,1,-0.06,0.83,0.78,0.09,1.7,1.64,0.27058823529411763
928,2707,10.0,10.0,1,0,0.57,0.14,0.8,0.63,1.57,2.14,0.10588235294117647
3950,2707,47.0,47.0,0,0,0.89,0.29,-0.58,0.04,-0.25,0.64,0.5411764705882353
123,2707,60.0,60.0,0,0,0.48,0.36,0.1,-0.8,-0.34,0.14,0.6941176470588235
3375,2707,18.0,18.0,0,1,0.73,0.15,0.47,0.53,1.16,1.89,0.2
1483,2707,24.0,24.0,0,1,-0.02,0.18,0.89,0.59,1.66,1.64,0.27058823529411763
301,2707,27.0,27.0,0,1,0.84,0.28,0.62,-0.35,0.55,1.39,0.3058823529411765
5462,2707,18.0,18.0,0,1,0.28,0.89,0.06,0.66,1.61,1.89,0.2
5408,2707,10.0,10.0,1,0,0.21,0.59,2.17,-0.83,1.93,2.14,0.10588235294117647
957,2707,82.0,82.0,0,0,-0.62,0.23,-1.19,0.2,-0.75,-1.37,0.9529411764705882
619,2707,31.0,31.0,0,0,-1.48,1.26,0.79,0.56,2.62,1.14,0.35294117647058826
6196,2707,18.0,18.0,0,1,-0.24,0.67,1.03,0.42,2.13,1.89,0.2
5259,2707,24.0,24.0,0,1,1.77,1.11,-0.86,-0.38,-0.13,1.64,0.27058823529411763
1067,2707,52.0,52.0,0,0,0.06,0.52,-0.84,0.66,0.33,0.39,0.6
5797,2707,67.0,67.0,0,0,-1.29,1.37,-0.35,-0.09,0.93,-0.36,0.7764705882352941
5578,2707,86.0,86.0,0,0,-0.66,0.72,-2.46,-0.31,-2.05,-2.7,1.0
3857,2707,4.0,4.0,1,0,0.61,-0.11,1.77,0.37,2.03,2.64,0.03529411764705882
77,2707,47.0,47.0,0,0,0.52,0.4,-0.5,0.22,0.12,0.64,0.5411764705882353
1734,2707,31.0,31.0,0,0,0.8,0.16,-0.4,0.57,0.34,1.14,0.35294117647058826
1778,2707,27.0,27.0,0,1,-0.42,-0.19,1.3,0.7,1.81,1.39,0.3058823529411765
3793,2707,31.0,31.0,0,0,0.62,-0.16,0.56,0.12,0.52,1.14,0.35294117647058826
1059,2707,18.0,18.0,0,1,-0.9,0.63,1.84,0.32,2.79,1.89,0.2
1411,2707,27.0,27.0,0,1,1.44,-0.04,-0.54,0.53,-0.05,1.39,0.3058823529411765
1637,2707,72.0,72.0,0,0,1.11,-0.13,-1.15,-0.2,-1.48,-0.37,0.8352941176470589
8973,2707,85.0,85.0,0,0,-0.46,-0.62,-0.8,0.18,-1.25,-1.71,0.9882352941176471
9143,2707,47.0,47.0,0,0,0.28,-0.69,1.26,-0.21,0.36,0.64,0.5411764705882353
1367,2707,18.0,18.0,0,1,0.6,0.63,0.03,0.63,1.29,1.89,0.2
3688,2707,60.0,60.0,0,0,0.76,-0.07,0.78,-1.33,-0.62,0.14,0.6941176470588235
1042,2707,68.0,68.0,0,0,-0.56,-0.37,0.7,-0.38,-0.05,-0.61,0.788235294117647
5692,2707,72.0,72.0,0,0,1.01,-0.53,-0.07,-0.78,-1.38,-0.37,0.8352941176470589
308,2707,9.0,9.0,1,0,0.65,0.23,1.49,0.01,1.74,2.39,0.09411764705882353
1674,2707,78.0,78.0,0,0,0.11,-0.08,-1.12,0.39,-0.82,-0.71,0.9058823529411765
1750,2707,47.0,47.0,0,0,-0.68,0.45,0.56,0.31,1.32,0.64,0.5411764705882353
1548,2707,37.0,37.0,0,0,0.14,0.15,0.26,0.34,0.75,0.89,0.4235294117647059
4321,2707,4.0,4.0,1,0,1.67,0.07,0.34,0.56,0.97,2.64,0.03529411764705882
3740,2707,65.0,65.0,0,0,0.24,0.13,0.62,-1.1,-0.35,-0.11,0.7529411764705882
167,2707,47.0,47.0,0,0,0.13,0.19,-0.46,0.78,0.51,0.64,0.5411764705882353
4483,2707,37.0,37.0,0,0,-1.39,0.6,1.19,0.5,2.28,0.89,0.4235294117647059
962,2707,80.0,80.0,0,0,-1.32,-0.54,0.3,0.52,0.28,-1.04,0.9294117647058824
5619,2707,31.0,31.0,0,0,1.42,-0.2,0.46,-0.54,-0.28,1.14,0.35294117647058826
4591,2707,52.0,52.0,0,0,1.86,-1.53,-0.62,0.68,-1.47,0.39,0.6
78,2707,10.0,10.0,1,0,1.85,-0.08,0.21,0.15,0.29,2.14,0.10588235294117647
4449,2707,80.0,80.0,0,0,-1.35,-0.5,0.04,0.78,0.31,-1.04,0.9294117647058824
10404,2707,60.0,60.0,0,0,-0.23,-0.34,-0.07,0.78,0.37,0.14,0.6941176470588235
4267,2707,37.0,37.0,0,0,1.35,1.48,-0.68,-1.26,-0.46,0.89,0.4235294117647059
6001,2707,27.0,27.0,0,1,0.46,-0.04,0.82,0.15,0.93,1.39,0.3058823529411765
3378,2707,37.0,37.0,0,0,-0.01,-0.49,0.98,0.41,0.9,0.89,0.4235294117647059
9626,2707,18.0,18.0,0,1,0.5,-0.44,1.24,0.59,1.39,1.89,0.2
3295,2707,31.0,31.0,0,0,1.12,-0.21,0.3,-0.07,0.02,1.14,0.35294117647058826
392,2707,72.0,72.0,0,0,-1.67,0.18,0.47,0.65,1.29,-0.37,0.8352941176470589
7082,2707,2.0,2.0,1,0,2.06,-0.42,0.89,0.35,0.83,2.89,0.011764705882352941
1366,2707,52.0,52.0,0,0,0.01,-0.47,0.27,0.58,0.38,0.39,0.6
10140,2707,52.0,52.0,0,0,0.43,-0.97,0.23,0.7,-0.04,0.39,0.6
9040,2707,52.0,52.0,0,0,-1.23,0.91,0.41,0.3,1.62,0.39,0.6
5285,2704,5.0,5.0,1,0,0.56,0.19,0.45,1.42,2.06,2.62,0.0547945205479452
5338,2704,5.0,5.0,1,0,0.91,0.7,1.81,-0.81,1.7,2.62,0.0547945205479452
159,2704,50.0,50.0,0,0,0.89,-0.43,0.4,-0.24,-0.27,0.62,0.6712328767123288
1651,2704,1.0,1.0,1,0,2.1,0.71,0.15,0.66,1.52,3.62,0.0
6011,2704,61.0,61.0,0,0,-0.55,-0.84,-0.32,1.32,0.17,-0.38,0.821917808219178
6798,2704,50.0,50.0,0,0,-0.78,0.85,0.25,0.3,1.4,0.62,0.6712328767123288
1673,2704,57.0,57.0,0,0,-0.28,0.04,-0.36,0.72,0.4,0.12,0.7671232876712328
3454,2704,70.0,70.0,0,0,0.95,0.09,-1.35,-0.81,-2.08,-1.13,0.9452054794520548
713,2704,40.0,40.0,0,0,-0.74,-0.76,1.47,0.9,1.61,0.87,0.5342465753424658
68,2704,13.0,13.0,0,1,1.63,-0.24,0.54,0.18,0.48,2.12,0.1643835616438356
205,2704,40.0,40.0,0,0,0.62,-1.03,0.16,1.12,0.25,0.87,0.5342465753424658
4645,2704,9.0,9.0,1,0,0.81,0.47,1.29,-0.21,1.55,2.37,0.1095890410958904
8992,2704,50.0,50.0,0,0,1.82,-0.52,-0.94,0.26,-1.2,0.62,0.6712328767123288
3448,2704,13.0,13.0,0,1,0.33,0.16,-0.04,1.67,1.79,2.12,0.1643835616438356
3950,2704,5.0,5.0,1,0,1.0,-0.18,1.63,0.16,1.62,2.62,0.0547945205479452
1196,2704,73.0,73.0,0,0,-1.09,-0.28,-0.22,-0.54,-1.04,-2.13,0.9863013698630136
3452,2704,40.0,40.0,0,0,0.16,0.51,0.25,-0.06,0.71,0.87,0.5342465753424658
123,2704,35.0,35.0,0,0,0.49,-0.2,0.41,0.42,0.63,1.12,0.4657534246575342
74,2704,72.0,72.0,0,0,0.46,0.55,-1.05,-1.34,-1.84,-1.38,0.9726027397260274
5462,2704,27.0,27.0,0,1,0.94,-0.76,0.87,0.32,0.43,1.37,0.3561643835616438
328,2704,61.0,61.0,0,0,0.48,0.06,-1.14,0.22,-0.86,-0.38,0.821917808219178
3550,2704,40.0,40.0,0,0,0.07,0.32,0.02,0.45,0.8,0.87,0.5342465753424658
619,2704,35.0,35.0,0,0,-0.37,0.4,1.74,-0.65,1.49,1.12,0.4657534246575342
1173,2704,40.0,40.0,0,0,0.4,-0.01,0.72,-0.24,0.47,0.87,0.5342465753424658
6196,2704,9.0,9.0,1,0,0.53,0.34,0.87,0.63,1.84,2.37,0.1095890410958904
1680,2704,2.0,2.0,1,0,1.96,0.93,-0.09,0.81,1.66,3.62,0.0136986301369863
110,2704,13.0,13.0,0,1,0.75,0.12,0.65,0.59,1.36,2.12,0.1643835616438356
5025,2704,3.0,3.0,1,0,-0.21,0.77,1.86,0.95,3.58,3.37,0.0273972602739726
196,2704,27.0,27.0,0,1,-1.35,0.21,1.61,0.9,2.72,1.37,0.3561643835616438
5797,2704,40.0,40.0,0,0,0.51,0.01,0.7,-0.35,0.36,0.87,0.5342465753424658
3317,2704,4.0,4.0,1,0,1.6,0.0,0.37,1.15,1.52,3.12,0.0410958904109589
1676,2704,18.0,18.0,0,1,-0.52,-0.15,0.88,1.66,2.39,1.87,0.2328767123287671
10166,2704,74.0,74.0,0,0,-0.9,-0.65,-1.1,0.02,-1.73,-2.63,1.0
1030,2704,35.0,35.0,0,0,0.35,-0.19,0.71,0.25,0.77,1.12,0.4657534246575342
4513,2704,27.0,27.0,0,1,0.47,0.28,0.36,0.26,0.9,1.37,0.3561643835616438
745,2704,66.0,66.0,0,0,-0.62,0.42,0.43,-0.86,-0.01,-0.63,0.8904109589041096
1734,2704,20.0,20.0,0,1,0.3,0.25,0.42,0.65,1.32,1.62,0.2602739726027397
3793,2704,20.0,20.0,0,1,0.33,0.39,0.45,0.45,1.29,1.62,0.2602739726027397
1293,2704,18.0,18.0,0,1,0.72,0.13,0.02,1.0,1.15,1.87,0.2328767123287671
4781,2704,27.0,27.0,0,1,0.31,0.91,-0.11,0.26,1.06,1.37,0.3561643835616438
8974,2704,40.0,40.0,0,0,-0.93,0.32,2.17,-0.7,1.8,0.87,0.5342465753424658
257,2704,9.0,9.0,1,0,-0.26,-0.02,1.51,1.14,2.63,2.37,0.1095890410958904
3351,2704,13.0,13.0,0,1,-1.37,0.41,1.95,1.13,3.49,2.12,0.1643835616438356
6999,2704,66.0,66.0,0,0,-0.03,-0.04,-0.14,-0.42,-0.6,-0.63,0.8904109589041096
3792,2704,9.0,9.0,1,0,1.02,0.83,0.03,0.48,1.34,2.37,0.1095890410958904
1042,2704,40.0,40.0,0,0,0.54,0.2,-0.35,0.48,0.33,0.87,0.5342465753424658
9568,2704,55.0,55.0,0,0,-0.42,0.04,0.08,0.67,0.79,0.37,0.7397260273972602
5692,2704,61.0,61.0,0,0,0.18,0.61,-0.2,-0.97,-0.56,-0.38,0.821917808219178
5579,2704,20.0,20.0,0,1,1.39,1.25,0.16,-1.19,0.23,1.62,0.2602739726027397
6825,2704,27.0,27.0,0,1,0.96,0.45,0.02,-0.06,0.4,1.37,0.3561643835616438
1750,2704,27.0,27.0,0,1,-0.42,0.54,1.33,-0.09,1.79,1.37,0.3561643835616438
801,2704,59.0,59.0,0,0,0.61,0.28,0.05,-1.08,-0.74,-0.13,0.7945205479452054
1548,2704,61.0,61.0,0,0,0.02,-0.36,-0.27,0.23,-0.4,-0.38,0.821917808219178
962,2704,27.0,27.0,0,1,0.31,0.03,0.37,0.65,1.06,1.37,0.3561643835616438
335,2704,59.0,59.0,0,0,0.86,-0.2,-0.8,0.01,-0.99,-0.13,0.7945205479452054
4591,2704,35.0,35.0,0,0,-0.25,0.05,0.38,0.94,1.36,1.12,0.4657534246575342
158,2704,20.0,20.0,0,1,0.73,0.3,-0.18,0.77,0.89,1.62,0.2602739726027397
4449,2704,20.0,20.0,0,1,0.98,0.47,-0.28,0.45,0.64,1.62,0.2602739726027397
9528,2704,35.0,35.0,0,0,0.22,0.27,-0.02,0.64,0.9,1.12,0.4657534246575342
10404,2704,50.0,50.0,0,0,0.53,0.91,-0.27,-0.55,0.09,0.62,0.6712328767123288
1359,2704,5.0,5.0,1,0,1.34,0.07,0.07,1.13,1.27,2.62,0.0547945205479452
1037,2704,20.0,20.0,0,1,-1.03,0.27,2.35,0.02,2.65,1.62,0.2602739726027397
6001,2704,57.0,57.0,0,0,-1.53,0.61,0.65,0.39,1.65,0.12,0.7671232876712328
3378,2704,20.0,20.0,0,1,0.04,0.61,0.17,0.79,1.58,1.62,0.2602739726027397
2230,2704,13.0,13.0,0,1,-0.06,0.23,0.89,1.05,2.17,2.12,0.1643835616438356
6086,2704,55.0,55.0,0,0,1.65,-0.13,-0.48,-0.66,-1.28,0.37,0.7397260273972602
9040,2704,40.0,40.0,0,0,0.12,0.04,0.68,0.02,0.75,0.87,0.5342465753424658
16,2699,41.0,41.0,0,0,1.19,-0.1,1.03,-1.46,-0.53,0.66,0.49382716049382713
512,2699,79.0,79.0,0,0,-0.69,0.29,-0.62,-0.31,-0.63,-1.32,0.9629629629629629
5548,2699,30.0,30.0,0,1,0.31,0.11,0.9,-0.16,0.85,1.16,0.35802469135802467
3832,2699,10.0,10.0,1,0,-1.29,1.03,1.62,1.05,3.7,2.41,0.1111111111111111
388,2699,6.0,6.0,1,0,0.9,0.08,0.92,0.76,1.76,2.66,0.06172839506172839
6062,2699,16.0,16.0,0,1,2.04,-0.58,0.54,-0.34,-0.38,1.66,0.18518518518518517
693,2699,79.0,79.0,0,0,-1.04,0.66,-1.26,0.32,-0.28,-1.32,0.9629629629629629
4383,2699,48.0,48.0,0,0,-0.08,0.55,-0.22,0.17,0.49,0.41,0.5802469135802469
1225,2699,53.0,53.0,0,0,-0.83,0.93,-1.13,1.2,0.99,0.16,0.6419753086419753
6798,2699,16.0,16.0,0,1,1.4,0.15,0.09,0.02,0.26,1.66,0.18518518518518517
4638,2699,30.0,30.0,0,1,-0.85,0.4,0.87,0.73,2.01,1.16,0.35802469135802467
3596,2699,6.0,6.0,1,0,1.11,0.17,0.79,0.59,1.55,2.66,0.06172839506172839
3599,2699,75.0,75.0,0,0,0.56,-0.31,-0.31,-0.93,-1.55,-0.99,0.9135802469135802
713,2699,48.0,48.0,0,0,-2.11,-0.61,2.26,0.87,2.52,0.41,0.5802469135802469
4317,2699,12.0,12.0,0,1,-0.46,0.45,1.52,0.4,2.37,1.91,0.13580246913580246
8971,2699,48.0,48.0,0,0,1.0,0.15,-0.21,-0.53,-0.58,0.41,0.5802469135802469
205,2699,30.0,30.0,0,1,0.01,0.76,-0.25,0.64,1.15,1.16,0.35802469135802467
3449,2699,12.0,12.0,0,1,0.69,-0.05,0.87,0.4,1.23,1.91,0.13580246913580246
769,2699,56.0,56.0,0,0,0.61,-0.99,0.7,-0.41,-0.7,-0.09,0.6790123456790124
4645,2699,35.0,35.0,0,0,-0.22,1.48,0.89,-1.24,1.13,0.91,0.41975308641975306
9025,2699,65.0,65.0,0,0,0.08,-1.0,0.77,-0.44,-0.67,-0.59,0.7901234567901234
928,2699,69.0,69.0,0,0,0.45,0.15,-0.68,-0.76,-1.28,-0.84,0.8395061728395061
3448,2699,12.0,12.0,0,1,0.63,0.03,0.34,0.92,1.29,1.91,0.13580246913580246
5574,2699,72.0,72.0,0,0,0.78,0.37,-1.4,-0.39,-1.43,-0.65,0.8765432098765432
3452,2699,53.0,53.0,0,0,0.68,-0.26,-0.45,0.2,-0.52,0.16,0.6419753086419753
5882,2699,11.0,11.0,0,1,0.27,0.18,0.99,0.72,1.9,2.16,0.12345679012345678
1483,2699,6.0,6.0,1,0,0.24,0.23,1.93,0.25,2.42,2.66,0.06172839506172839
301,2699,69.0,69.0,0,0,1.14,-0.78,-1.49,0.29,-1.98,-0.84,0.8395061728395061
5462,2699,79.0,79.0,0,0,0.53,-1.29,-0.99,0.44,-1.85,-1.32,0.9629629629629629
3550,2699,75.0,75.0,0,0,-1.85,1.11,-0.33,0.08,0.86,-0.99,0.9135802469135802
5860,2699,22.0,22.0,0,1,-0.21,-0.06,1.24,0.44,1.62,1.41,0.25925925925925924
576,2699,16.0,16.0,0,1,1.13,-0.15,0.46,0.22,0.53,1.66,0.18518518518518517
6991,2699,35.0,35.0,0,0,-0.53,0.2,1.0,0.24,1.44,0.91,0.41975308641975306
619,2699,2.0,2.0,1,0,-0.24,1.48,1.77,0.15,3.4,3.16,0.012345679012345678
1680,2699,60.0,60.0,0,0,0.0,0.2,-0.35,-0.19,-0.34,-0.34,0.7283950617283951
110,2699,60.0,60.0,0,0,-0.17,-1.27,0.15,0.94,-0.17,-0.34,0.7283950617283951
3598,2699,35.0,35.0,0,0,0.21,0.43,-0.09,0.36,0.71,0.91,0.41975308641975306
1067,2699,41.0,41.0,0,0,1.29,0.34,-1.21,0.24,-0.63,0.66,0.49382716049382713
1676,2699,75.0,75.0,0,0,0.36,-0.23,0.15,-1.26,-1.35,-0.99,0.9135802469135802
9780,2699,72.0,72.0,0,0,-1.32,-0.76,1.32,0.11,0.67,-0.65,0.8765432098765432
569,2699,65.0,65.0,0,0,-0.51,0.87,-0.98,0.03,-0.08,-0.59,0.7901234567901234
4848,2699,75.0,75.0,0,0,-0.88,0.37,0.45,-0.93,-0.1,-0.99,0.9135802469135802
446,2699,56.0,56.0,0,0,-0.5,-0.28,0.59,0.11,0.42,-0.09,0.6790123456790124
4513,2699,60.0,60.0,0,0,-0.06,-0.17,-1.16,1.05,-0.28,-0.34,0.7283950617283951
3857,2699,35.0,35.0,0,0,0.15,-0.09,1.14,-0.28,0.76,0.91,0.41975308641975306
2552,2699,56.0,56.0,0,0,-0.1,-0.8,-0.37,1.18,0.01,-0.09,0.6790123456790124
1778,2699,4.0,4.0,1,0,0.56,0.51,1.18,0.66,2.35,2.91,0.037037037037037035
1077,2699,72.0,72.0,0,0,-0.26,-0.73,0.78,-0.44,-0.39,-0.65,0.8765432098765432
676,2699,6.0,6.0,1,0,0.63,0.81,0.33,0.89,2.03,2.66,0.06172839506172839
1293,2699,2.0,2.0,1,0,1.8,0.45,0.7,0.21,1.36,3.16,0.012345679012345678
455,2699,65.0,65.0,0,0,0.62,0.3,-1.06,-0.45,-1.21,-0.59,0.7901234567901234
6931,2699,16.0,16.0,0,1,1.26,0.21,-0.28,0.47,0.4,1.66,0.18518518518518517
3670,2699,69.0,69.0,0,0,0.09,-0.05,-1.19,0.3,-0.93,-0.84,0.8395061728395061
8974,2699,60.0,60.0,0,0,1.34,-0.6,-0.45,-0.63,-1.68,-0.34,0.7283950617283951
257,2699,82.0,82.0,0,0,-0.55,0.8,-1.4,-0.51,-1.11,-1.65,1.0
6007,2699,22.0,22.0,0,1,0.4,-0.99,0.55,1.45,1.01,1.41,0.25925925925925924
72,2699,22.0,22.0,0,1,-0.29,-0.27,1.68,0.29,1.7,1.41,0.25925925925925924
308,2699,41.0,41.0,0,0,0.65,-0.6,0.88,-0.26,0.01,0.66,0.49382716049382713
707,2699,22.0,22.0,0,1,0.08,0.22,1.44,-0.33,1.33,1.41,0.25925925925925924
5579,2699,22.0,22.0,0,1,0.21,-0.26,1.2,0.26,1.2,1.41,0.25925925925925924
801,2699,65.0,65.0,0,0,-0.99,-0.02,1.02,-0.6,0.4,-0.59,0.7901234567901234
4321,2699,4.0,4.0,1,0,1.94,0.21,1.07,-0.32,0.97,2.91,0.037037037037037035
3740,2699,56.0,56.0,0,0,-0.93,0.63,0.06,0.14,0.84,-0.09,0.6790123456790124
3702,2699,60.0,60.0,0,0,0.42,-0.11,-0.18,-0.47,-0.76,-0.34,0.7283950617283951
5409,2699,35.0,35.0,0,0,-0.35,1.19,-0.74,0.81,1.26,0.91,0.41975308641975306
3470,2699,35.0,35.0,0,0,1.08,-0.32,-0.46,0.62,-0.17,0.91,0.41975308641975306
809,2699,53.0,53.0,0,0,0.44,-0.27,-0.01,0.0,-0.28,0.16,0.6419753086419753
335,2699,48.0,48.0,0,0,-0.17,0.88,-0.11,-0.19,0.58,0.41,0.5802469135802469
158,2699,30.0,30.0,0,1,-1.45,0.91,0.88,0.82,2.62,1.16,0.35802469135802467
4449,2699,30.0,30.0,0,1,0.49,-0.94,1.28,0.32,0.67,1.16,0.35802469135802467
9528,2699,12.0,12.0,0,1,0.54,-0.11,1.27,0.21,1.37,1.91,0.13580246913580246
7081,2699,1.0,1.0,1,0,0.29,1.23,1.03,1.36,3.62,3.91,0.0
4267,2699,22.0,22.0,0,1,1.39,0.91,0.32,-1.21,0.02,1.41,0.25925925925925924
412,2699,41.0,41.0,0,0,1.65,-0.33,-0.79,0.13,-0.99,0.66,0.49382716049382713
5539,2699,41.0,41.0,0,0,-0.88,0.79,-0.06,0.81,1.55,0.66,0.49382716049382713
5553,2699,41.0,41.0,0,0,0.6,-0.08,-0.24,0.38,0.06,0.66,0.49382716049382713
392,2699,16.0,16.0,0,1,1.16,0.28,-0.53,0.75,0.51,1.66,0.18518518518518517
3532,2699,22.0,22.0,0,1,0.49,0.05,0.84,0.02,0.92,1.41,0.25925925925925924
1614,2699,16.0,16.0,0,1,0.76,0.34,0.35,0.2,0.9,1.66,0.18518518518518517
4712,2699,22.0,22.0,0,1,-0.2,-0.03,1.73,-0.09,1.61,1.41,0.25925925925925924
686,2699,48.0,48.0,0,0,-0.61,-0.27,1.0,0.29,1.02,0.41,0.5802469135802469
3832,3067,31.0,31.0,0,0,0.5,0.52,-0.18,0.35,0.7,1.2,0.4
388,3067,36.0,36.0,0,0,0.49,-0.03,0.26,0.23,0.46,0.94,0.4666666666666667
5285,3067,8.0,8.0,1,0,0.42,0.12,0.84,0.81,1.77,2.19,0.09333333333333334
159,3067,52.0,52.0,0,0,-0.27,0.95,0.36,-0.85,0.46,0.2,0.68
9584,3067,18.0,18.0,0,1,0.75,-0.81,0.72,1.03,0.95,1.69,0.22666666666666666
1225,3067,1.0,1.0,1,0,0.94,0.72,0.98,0.55,2.26,3.19,0.0
4638,3067,18.0,18.0,0,1,0.47,-0.21,1.24,0.21,1.23,1.7,0.22666666666666666
1646,3067,31.0,31.0,0,0,1.2,-0.1,0.53,-0.44,-0.01,1.19,0.4
3449,3067,71.0,71.0,0,0,-0.47,0.52,-0.53,-0.83,-0.84,-1.3,0.9333333333333333
10910,3067,52.0,52.0,0,0,0.3,-0.24,0.35,-0.23,-0.11,0.2,0.68
769,3067,42.0,42.0,0,0,-0.05,1.13,-0.97,0.59,0.75,0.7,0.5466666666666666
9025,3067,36.0,36.0,0,0,-0.13,-0.6,0.81,0.87,1.07,0.94,0.4666666666666667
3448,3067,2.0,2.0,1,0,0.61,-0.43,1.71,1.06,2.34,2.94,0.013333333333333334
5574,3067,18.0,18.0,0,1,1.29,0.32,0.04,0.05,0.41,1.7,0.22666666666666666
1196,3067,12.0,12.0,0,1,0.42,0.13,1.2,0.19,1.52,1.95,0.14666666666666667
5882,3067,42.0,42.0,0,0,0.74,-1.2,0.83,0.32,-0.05,0.7,0.5466666666666666
3375,3067,75.0,75.0,0,0,-1.05,-0.07,0.14,0.12,0.19,-0.87,0.9866666666666667
1483,3067,24.0,24.0,0,1,-1.43,0.51,1.55,0.82,2.88,1.45,0.30666666666666664
301,3067,18.0,18.0,0,1,2.01,0.1,-0.46,0.05,-0.32,1.69,0.22666666666666666
5462,3067,63.0,63.0,0,0,-0.72,-1.11,0.27,1.25,0.42,-0.3,0.8266666666666667
957,3067,52.0,52.0,0,0,0.24,0.01,0.23,-0.29,-0.05,0.2,0.68
5504,3067,49.0,49.0,0,0,-0.19,0.11,0.02,0.51,0.64,0.45,0.64
1173,3067,76.0,76.0,0,0,-0.14,0.57,-0.7,-0.93,-1.06,-1.2,1.0
5259,3067,36.0,36.0,0,0,0.29,1.19,-0.42,-0.12,0.66,0.95,0.4666666666666667
5025,3067,59.0,59.0,0,0,-0.37,-0.5,0.88,-0.06,0.32,-0.05,0.7733333333333333
196,3067,66.0,66.0,0,0,-0.29,-1.04,0.25,0.53,-0.26,-0.55,0.8666666666666667
1067,3067,36.0,36.0,0,0,-0.07,0.42,0.12,0.48,1.02,0.95,0.4666666666666667
3317,3067,66.0,66.0,0,0,-1.34,0.22,0.19,0.37,0.78,-0.55,0.8666666666666667
10505,3067,24.0,24.0,0,1,0.16,0.38,0.72,0.18,1.28,1.45,0.30666666666666664
9780,3067,4.0,4.0,1,0,0.72,0.25,0.16,1.56,1.97,2.7,0.04
5578,3067,8.0,8.0,1,0,1.29,-0.08,0.84,0.14,0.91,2.2,0.09333333333333334
745,3067,74.0,74.0,0,0,-1.25,-0.67,0.29,-0.17,-0.55,-1.8,0.9733333333333334
1734,3067,42.0,42.0,0,0,0.44,-0.1,0.5,-0.14,0.26,0.7,0.5466666666666666
3793,3067,5.0,5.0,1,0,1.02,0.28,0.33,0.82,1.43,2.45,0.05333333333333334
676,3067,52.0,52.0,0,0,0.86,0.68,-2.01,0.67,-0.67,0.2,0.68
1059,3067,52.0,52.0,0,0,-1.08,0.28,0.11,0.88,1.27,0.2,0.68
6648,3067,24.0,24.0,0,1,1.2,-0.19,-0.2,0.63,0.24,1.45,0.30666666666666664
1637,3067,76.0,76.0,0,0,-0.09,-1.4,0.06,0.23,-1.11,-1.2,1.0
4781,3067,12.0,12.0,0,1,0.7,0.49,0.46,0.29,1.25,1.95,0.14666666666666667
6931,3067,31.0,31.0,0,0,1.23,0.58,-0.58,-0.03,-0.03,1.19,0.4
1367,3067,66.0,66.0,0,0,-0.2,0.21,-0.33,-0.23,-0.35,-0.55,0.8666666666666667
2571,3067,42.0,42.0,0,0,-0.54,1.06,0.33,-0.15,1.23,0.7,0.5466666666666666
3792,3067,8.0,8.0,1,0,0.2,0.2,1.26,0.54,1.99,2.2,0.09333333333333334
1042,3067,59.0,59.0,0,0,-0.81,-0.28,0.71,0.33,0.76,-0.05,0.7733333333333333
72,3067,12.0,12.0,0,1,0.48,-0.36,1.05,0.78,1.47,1.94,0.14666666666666667
3980,3067,66.0,66.0,0,0,-0.69,-0.3,0.56,-0.13,0.14,-0.55,0.8666666666666667
308,3067,18.0,18.0,0,1,1.03,-0.66,1.07,0.26,0.66,1.69,0.22666666666666666
707,3067,2.0,2.0,1,0,1.3,0.4,1.43,-0.19,1.64,2.94,0.013333333333333334
5579,3067,12.0,12.0,0,1,1.08,0.69,0.94,-0.77,0.86,1.95,0.14666666666666667
1750,3067,59.0,59.0,0,0,0.61,-0.52,-0.02,-0.12,-0.66,-0.06,0.7733333333333333
801,3067,63.0,63.0,0,0,0.72,0.51,-0.28,-1.26,-1.03,-0.31,0.8266666666666667
1935,3067,66.0,66.0,0,0,0.25,-0.15,-0.49,-0.17,-0.8,-0.55,0.8666666666666667
4321,3067,24.0,24.0,0,1,1.15,0.09,-0.1,0.3,0.29,1.45,0.30666666666666664
167,3067,49.0,49.0,0,0,-0.36,-0.1,1.4,-0.49,0.81,0.45,0.64
9531,3067,52.0,52.0,0,0,-0.1,1.04,-0.78,0.03,0.3,0.2,0.68
5619,3067,24.0,24.0,0,1,-0.16,0.47,0.11,1.03,1.61,1.45,0.30666666666666664
9528,3067,5.0,5.0,1,0,1.17,0.46,-0.29,1.1,1.27,2.44,0.05333333333333334
4587,3067,24.0,24.0,0,1,0.69,-0.14,0.54,0.35,0.75,1.45,0.30666666666666664
4267,3067,5.0,5.0,1,0,0.45,1.06,1.01,-0.08,2.0,2.45,0.05333333333333334
6001,3067,49.0,49.0,0,0,0.58,-0.39,-0.1,0.36,-0.13,0.45,0.64
4643,3067,63.0,63.0,0,0,-0.79,0.56,-0.29,0.21,0.48,-0.3,0.8266666666666667
3295,3067,42.0,42.0,0,0,0.17,0.37,0.51,-0.35,0.53,0.7,0.5466666666666666
1185,3067,12.0,12.0,0,1,1.16,0.98,-0.21,0.01,0.78,1.94,0.14666666666666667
10140,3067,24.0,24.0,0,1,0.87,0.32,-1.14,1.39,0.57,1.45,0.30666666666666664
9040,3067,12.0,12.0,0,1,3.18,-0.46,0.25,-1.03,-1.24,1.94,0.14666666666666667
686,3067,18.0,18.0,0,1,0.78,0.06,0.59,0.27,0.92,1.69,0.22666666666666666
16,2717,5.0,5.0,1,0,1.0,0.65,2.11,-0.68,2.08,3.08,0.05405405405405406
1748,2717,40.0,40.0,0,0,-0.43,0.61,-0.36,0.76,1.01,0.58,0.527027027027027
5548,2717,72.0,72.0,0,0,-0.69,-0.36,-0.4,0.03,-0.73,-1.42,0.9594594594594594
4989,2717,72.0,72.0,0,0,-0.73,0.21,-0.23,-0.68,-0.69,-1.42,0.9594594594594594
5951,2717,69.0,69.0,0,0,0.12,-0.54,-0.06,-0.69,-1.29,-1.17,0.918918918918919
5285,2717,40.0,40.0,0,0,-0.6,0.73,-0.52,0.97,1.18,0.58,0.527027027027027
6062,2717,62.0,62.0,0,0,1.56,-0.92,-1.26,-0.05,-2.23,-0.67,0.8243243243243243
5338,2717,10.0,10.0,1,0,1.01,-0.75,1.34,0.99,1.58,2.58,0.12162162162162163
693,2717,40.0,40.0,0,0,0.73,0.13,-0.12,-0.15,-0.15,0.58,0.527027027027027
159,2717,6.0,6.0,1,0,1.94,-0.08,0.59,0.39,0.89,2.83,0.06756756756756757
4383,2717,10.0,10.0,1,0,-0.46,0.56,1.33,1.15,3.04,2.58,0.12162162162162163
9584,2717,34.0,34.0,0,0,1.96,1.58,-1.55,-0.91,-0.88,1.08,0.44594594594594594
6798,2717,2.0,2.0,1,0,0.46,1.35,1.88,0.13,3.37,3.83,0.013513513513513514
3596,2717,62.0,62.0,0,0,-0.26,0.62,-0.43,-0.59,-0.4,-0.67,0.8243243243243243
205,2717,40.0,40.0,0,0,-0.34,0.19,0.24,0.5,0.92,0.58,0.527027027027027
1121,2717,62.0,62.0,0,0,-1.09,-0.73,0.57,0.59,0.43,-0.67,0.8243243243243243
856,2717,16.0,16.0,0,1,1.76,0.48,0.99,-1.14,0.32,2.08,0.20270270270270271
9131,2717,6.0,6.0,1,0,0.06,2.64,0.12,0.02,2.78,2.83,0.06756756756756757
1264,2717,10.0,10.0,1,0,-0.02,1.55,1.2,-0.15,2.6,2.58,0.12162162162162163
8992,2717,69.0,69.0,0,0,-0.53,-0.78,-0.5,0.64,-0.63,-1.17,0.918918918918919
3452,2717,58.0,58.0,0,0,0.87,-0.36,-1.08,0.15,-1.29,-0.42,0.7702702702702703
540,2717,53.0,53.0,0,0,0.69,0.03,-1.16,0.52,-0.61,0.08,0.7027027027027027
301,2717,27.0,27.0,0,1,1.37,-0.51,0.19,0.29,-0.04,1.33,0.35135135135135137
328,2717,27.0,27.0,0,1,-0.46,0.71,0.81,0.28,1.8,1.33,0.35135135135135137
6991,2717,40.0,40.0,0,0,-0.03,-0.66,1.42,-0.15,0.61,0.58,0.527027027027027
5259,2717,75.0,75.0,0,0,-0.76,-0.4,-0.92,0.17,-1.15,-1.92,1.0
196,2717,22.0,22.0,0,1,0.69,0.6,0.29,0.01,0.89,1.58,0.28378378378378377
3598,2717,18.0,18.0,0,1,-0.19,-0.05,0.96,1.11,2.02,1.83,0.22972972972972974
5797,2717,22.0,22.0,0,1,0.22,0.23,0.8,0.33,1.36,1.58,0.28378378378378377
3317,2717,67.0,67.0,0,0,-0.64,-0.2,-1.02,0.95,-0.28,-0.92,0.8918918918918919
1676,2717,40.0,40.0,0,0,-0.19,1.35,0.18,-0.76,0.77,0.58,0.527027027027027
10505,2717,27.0,27.0,0,1,0.67,-0.14,0.51,0.3,0.66,1.33,0.35135135135135137
5578,2717,27.0,27.0,0,1,0.3,-0.01,0.86,0.19,1.04,1.33,0.35135135135135137
10166,2717,49.0,49.0,0,0,0.14,-0.09,0.05,0.23,0.19,0.33,0.6486486486486487
1030,2717,34.0,34.0,0,0,0.2,0.12,0.84,-0.08,0.88,1.08,0.44594594594594594
446,2717,13.0,13.0,0,1,1.11,0.3,0.52,0.4,1.22,2.33,0.16216216216216217
3857,2717,1.0,1.0,1,0,0.77,0.19,2.02,1.1,3.32,4.08,0.0
745,2717,58.0,58.0,0,0,0.01,-0.36,0.06,-0.13,-0.43,-0.42,0.7702702702702703
1734,2717,37.0,37.0,0,0,-0.23,1.09,-0.27,0.24,1.06,0.83,0.4864864864864865
1077,2717,53.0,53.0,0,0,-1.55,0.2,0.83,0.6,1.63,0.08,0.7027027027027027
3793,2717,3.0,3.0,1,0,0.99,0.53,1.2,0.6,2.34,3.33,0.02702702702702703
1367,2717,13.0,13.0,0,1,0.59,1.23,0.08,0.44,1.75,2.33,0.16216216216216217
257,2717,40.0,40.0,0,0,-0.52,0.16,0.68,0.26,1.1,0.58,0.527027027027027
2571,2717,18.0,18.0,0,1,-0.49,0.83,1.32,0.18,2.32,1.83,0.22972972972972974
3688,2717,49.0,49.0,0,0,1.2,0.15,-0.69,-0.33,-0.86,0.33,0.6486486486486487
6999,2717,27.0,27.0,0,1,0.84,0.42,0.59,-0.52,0.49,1.33,0.35135135135135137
3792,2717,22.0,22.0,0,1,-0.31,0.36,1.12,0.41,1.89,1.58,0.28378378378378377
9568,2717,18.0,18.0,0,1,0.6,-0.5,1.43,0.3,1.23,1.83,0.22972972972972974
801,2717,67.0,67.0,0,0,-0.33,-0.63,0.34,-0.29,-0.59,-0.92,0.8918918918918919
1548,2717,34.0,34.0,0,0,0.92,-0.14,1.22,-0.91,0.16,1.08,0.44594594594594594
4047,2717,72.0,72.0,0,0,-0.23,0.1,-0.56,-0.73,-1.19,-1.42,0.9594594594594594
809,2717,18.0,18.0,0,1,0.29,0.35,0.92,0.27,1.54,1.83,0.22972972972972974
962,2717,6.0,6.0,1,0,0.69,-0.25,1.4,0.99,2.14,2.83,0.06756756756756757
9531,2717,16.0,16.0,0,1,1.3,-0.15,1.26,-0.33,0.78,2.08,0.20270270270270271
78,2717,22.0,22.0,0,1,0.59,-0.9,1.56,0.33,0.99,1.58,0.28378378378378377
4449,2717,6.0,6.0,1,0,1.88,0.67,-0.03,0.31,0.95,2.83,0.06756756756756757
9528,2717,37.0,37.0,0,0,-0.51,0.95,0.73,-0.33,1.35,0.83,0.4864864864864865
7081,2717,22.0,22.0,0,1,0.2,-0.09,0.8,0.67,1.38,1.58,0.28378378378378377
10404,2717,27.0,27.0,0,1,0.92,-0.3,0.16,0.56,0.41,1.33,0.35135135135135137
6001,2717,58.0,58.0,0,0,-1.78,-0.59,1.52,0.43,1.36,-0.42,0.7702702702702703
4643,2717,49.0,49.0,0,0,0.46,0.39,-0.43,-0.08,-0.12,0.33,0.6486486486486487
2230,2717,3.0,3.0,1,0,0.52,0.04,1.67,1.11,2.82,3.33,0.02702702702702703
6086,2717,53.0,53.0,0,0,-0.62,-0.36,0.86,0.2,0.7,0.08,0.7027027027027027
3970,2717,49.0,49.0,0,0,-0.58,-0.73,0.84,0.81,0.92,0.33,0.6486486486486487
4708,2717,53.0,53.0,0,0,0.44,0.09,0.3,-0.74,-0.35,0.08,0.7027027027027027
16,2703,15.0,15.0,0,1,0.06,0.54,0.57,0.5,1.61,1.67,0.175
1748,2703,23.0,23.0,0,1,1.72,-0.17,-0.02,-0.36,-0.55,1.17,0.275
5951,2703,10.0,10.0,1,0,2.41,-0.28,0.62,-0.58,-0.24,2.17,0.1125
5956,2703,15.0,15.0,0,1,0.45,0.73,0.08,0.42,1.23,1.67,0.175
6062,2703,44.0,44.0,0,0,0.14,0.45,0.19,-0.35,0.29,0.42,0.5375
693,2703,68.0,68.0,0,0,-0.5,0.32,-1.05,0.4,-0.33,-0.83,0.8375
1758,2703,71.0,71.0,0,0,-0.58,1.62,-0.78,-1.11,-0.28,-0.86,0.875
10046,2703,44.0,44.0,0,0,-0.3,-0.1,-0.19,1.01,0.72,0.42,0.5375
1651,2703,55.0,55.0,0,0,1.35,-0.58,-0.51,-0.34,-1.43,-0.08,0.675
6011,2703,39.0,39.0,0,0,0.5,-0.44,0.04,0.58,0.18,0.67,0.475
4317,2703,23.0,23.0,0,1,-0.58,0.72,0.74,0.3,1.75,1.18,0.275
68,2703,34.0,34.0,0,0,-0.32,-0.02,1.53,-0.27,1.25,0.92,0.4125
8971,2703,65.0,65.0,0,0,0.35,-0.13,-0.86,0.06,-0.93,-0.58,0.8
205,2703,23.0,23.0,0,1,-0.22,-0.32,0.68,1.03,1.39,1.18,0.275
208,2703,39.0,39.0,0,0,0.52,0.1,-0.09,0.15,0.15,0.67,0.475
4645,2703,78.0,78.0,0,0,-1.84,-0.14,1.13,-0.34,0.65,-1.19,0.9625
9025,2703,5.0,5.0,1,0,0.37,0.7,0.99,1.11,2.8,3.17,0.05
3577,2703,71.0,71.0,0,0,0.29,0.64,-1.09,-0.69,-1.15,-0.86,0.875
3950,2703,20.0,20.0,0,1,0.48,0.04,0.18,0.73,0.95,1.42,0.2375
278,2703,61.0,61.0,0,0,-0.26,-0.27,-0.07,0.28,-0.07,-0.33,0.75
1196,2703,23.0,23.0,0,1,-0.15,0.37,1.2,-0.24,1.33,1.17,0.275
5462,2703,55.0,55.0,0,0,-0.46,0.06,-0.14,0.46,0.38,-0.08,0.675
328,2703,23.0,23.0,0,1,0.47,0.98,-0.54,0.25,0.7,1.17,0.275
5408,2703,61.0,61.0,0,0,1.3,0.03,-0.9,-0.76,-1.63,-0.33,0.75
5504,2703,6.0,6.0,1,0,2.0,0.13,-0.15,0.95,0.92,2.92,0.0625
6991,2703,23.0,23.0,0,1,0.23,-0.07,0.3,0.72,0.94,1.17,0.275
110,2703,12.0,12.0,0,1,0.41,0.3,0.82,0.39,1.52,1.92,0.1375
5025,2703,49.0,49.0,0,0,-0.19,-0.05,0.64,-0.23,0.36,0.17,0.6
196,2703,61.0,61.0,0,0,-0.09,-0.29,-0.58,0.63,-0.24,-0.32,0.75
5797,2703,39.0,39.0,0,0,-0.48,0.93,-0.33,0.55,1.15,0.68,0.475
3317,2703,71.0,71.0,0,0,-1.26,0.51,-0.14,0.02,0.4,-0.86,0.875
1676,2703,71.0,71.0,0,0,-1.53,-0.32,0.87,0.11,0.67,-0.86,0.875
10505,2703,55.0,55.0,0,0,-1.06,0.12,1.06,-0.2,0.98,-0.08,0.675
9780,2703,10.0,10.0,1,0,0.38,-0.27,0.86,1.21,1.8,2.17,0.1125
569,2703,15.0,15.0,0,1,-0.01,0.38,1.5,-0.2,1.68,1.67,0.175
10166,2703,44.0,44.0,0,0,0.44,0.48,-0.45,-0.04,-0.02,0.42,0.5375
1030,2703,15.0,15.0,0,1,1.03,-0.17,0.78,0.03,0.64,1.67,0.175
1265,2703,49.0,49.0,0,0,-0.36,-0.08,1.01,-0.4,0.53,0.17,0.6
446,2703,71.0,71.0,0,0,-0.16,0.18,0.05,-0.92,-0.69,-0.86,0.875
4513,2703,15.0,15.0,0,1,-0.46,0.48,0.69,0.96,2.13,1.67,0.175
3857,2703,44.0,44.0,0,0,-1.24,0.07,0.82,0.77,1.67,0.42,0.5375
1734,2703,61.0,61.0,0,0,-0.71,0.83,-0.42,-0.03,0.38,-0.33,0.75
1778,2703,8.0,8.0,1,0,0.2,0.42,0.58,1.23,2.23,2.42,0.0875
1077,2703,49.0,49.0,0,0,-0.7,-0.11,0.33,0.66,0.87,0.18,0.6
601,2703,69.0,69.0,0,0,0.82,-0.13,0.09,-1.86,-1.9,-1.08,0.85
1059,2703,3.0,3.0,1,0,1.51,0.05,0.81,1.55,2.42,3.92,0.025
1411,2703,65.0,65.0,0,0,-0.75,0.0,0.15,0.03,0.17,-0.57,0.8
4781,2703,39.0,39.0,0,0,-0.64,-0.09,0.24,1.16,1.31,0.67,0.475
6931,2703,23.0,23.0,0,1,0.74,-0.39,0.05,0.76,0.43,1.17,0.275
1367,2703,49.0,49.0,0,0,-0.8,1.03,0.51,-0.57,0.97,0.17,0.6
8974,2703,12.0,12.0,0,1,0.14,0.19,1.47,0.12,1.78,1.92,0.1375
3688,2703,12.0,12.0,0,1,2.5,-0.2,-0.19,-0.19,-0.58,1.92,0.1375
3792,2703,44.0,44.0,0,0,-0.31,-0.23,0.14,0.83,0.74,0.42,0.5375
6007,2703,39.0,39.0,0,0,0.12,0.1,-0.05,0.5,0.55,0.67,0.475
308,2703,55.0,55.0,0,0,-0.5,0.54,-0.1,-0.02,0.43,-0.08,0.675
1674,2703,23.0,23.0,0,1,0.66,-0.33,0.36,0.48,0.51,1.17,0.275
801,2703,71.0,71.0,0,0,0.82,-0.35,-0.12,-1.2,-1.68,-0.86,0.875
1935,2703,34.0,34.0,0,0,0.92,-0.03,-0.17,0.21,0.01,0.92,0.4125
3683,2703,7.0,7.0,1,0,2.27,0.35,0.77,-0.71,0.4,2.67,0.075
3702,2703,3.0,3.0,1,0,0.82,0.66,1.59,0.86,3.1,3.92,0.025
1254,2703,20.0,20.0,0,1,-0.52,0.43,1.41,0.11,1.95,1.42,0.2375
5409,2703,1.0,1.0,1,0,3.13,0.14,0.59,1.07,1.8,4.92,0.0
5619,2703,34.0,34.0,0,0,1.07,-0.33,0.13,0.05,-0.14,0.92,0.4125
9804,2703,81.0,81.0,0,0,-0.71,0.15,-0.72,-0.57,-1.14,-1.86,1.0
4591,2703,71.0,71.0,0,0,0.03,-0.96,0.13,-0.06,-0.89,-0.86,0.875
78,2703,23.0,23.0,0,1,0.69,-0.05,0.91,-0.38,0.48,1.17,0.275
4449,2703,2.0,2.0,1,0,2.07,0.03,1.21,0.87,2.1,4.17,0.0125
4267,2703,78.0,78.0,0,0,-0.2,0.88,0.2,-2.08,-0.99,-1.19,0.9625
1359,2703,49.0,49.0,0,0,-0.89,-0.09,0.67,0.48,1.07,0.17,0.6
1613,2703,20.0,20.0,0,1,0.69,1.43,-1.29,0.59,0.73,1.42,0.2375
2230,2703,34.0,34.0,0,0,-0.2,0.17,-0.18,1.13,1.12,0.92,0.4125
6086,2703,65.0,65.0,0,0,0.62,-0.15,0.33,-1.37,-1.2,-0.58,0.8
3970,2703,55.0,55.0,0,0,-0.56,-0.12,0.1,0.51,0.48,-0.08,0.675
3295,2703,55.0,55.0,0,0,-0.37,-0.27,0.24,0.31,0.29,-0.08,0.675
1185,2703,23.0,23.0,0,1,0.39,0.17,0.39,0.22,0.78,1.17,0.275
9040,2703,8.0,8.0,1,0,2.45,-0.26,0.21,0.02,-0.03,2.42,0.0875
16,2697,41.0,41.0,0,0,0.51,1.0,0.12,-1.07,0.05,0.55,0.5633802816901409
5548,2697,6.0,6.0,1,0,-0.04,0.04,1.36,1.44,2.85,2.81,0.07042253521126761
3832,2697,49.0,49.0,0,0,1.07,0.35,-0.77,-0.59,-1.02,0.05,0.676056338028169
5285,2697,49.0,49.0,0,0,-0.21,-0.09,0.18,0.17,0.26,0.06,0.676056338028169
6062,2697,62.0,62.0,0,0,-0.17,-1.11,0.14,0.69,-0.27,-0.45,0.8591549295774648
9584,2697,28.0,28.0,0,1,-0.66,0.38,1.51,-0.19,1.71,1.05,0.38028169014084506
1225,2697,13.0,13.0,0,1,0.32,1.36,-0.54,0.67,1.48,1.8,0.16901408450704225
1651,2697,13.0,13.0,0,1,0.98,-0.41,0.87,0.36,0.82,1.8,0.16901408450704225
4638,2697,41.0,41.0,0,0,0.02,0.19,0.17,0.17,0.53,0.56,0.5633802816901409
1222,2697,28.0,28.0,0,1,1.43,-0.55,-0.1,0.28,-0.37,1.05,0.38028169014084506
780,2697,34.0,34.0,0,0,-0.19,-0.65,1.13,0.52,1.0,0.8,0.4647887323943662
713,2697,66.0,66.0,0,0,-1.27,-0.45,0.77,0.25,0.58,-0.69,0.9154929577464789
205,2697,2.0,2.0,1,0,0.68,0.81,1.16,0.65,2.62,3.31,0.014084507042253521
208,2697,56.0,56.0,0,0,-0.4,-0.18,0.92,-0.55,0.2,-0.19,0.7746478873239436
6017,2697,56.0,56.0,0,0,0.35,0.68,-1.06,-0.17,-0.54,-0.2,0.7746478873239436
1097,2697,45.0,45.0,0,0,0.42,0.3,-0.67,0.26,-0.12,0.31,0.6197183098591549
9131,2697,34.0,34.0,0,0,0.99,0.98,-0.4,-0.77,-0.19,0.8,0.4647887323943662
3577,2697,71.0,71.0,0,0,-1.5,0.15,0.0,-0.6,-0.45,-1.94,0.9859154929577465
928,2697,34.0,34.0,0,0,0.16,0.33,0.82,-0.5,0.65,0.8,0.4647887323943662
3950,2697,17.0,17.0,0,1,0.52,-0.6,0.39,1.24,1.03,1.55,0.22535211267605634
5574,2697,72.0,72.0,0,0,0.48,-1.59,-0.25,-1.84,-3.68,-3.2,1.0
5882,2697,7.0,7.0,1,0,0.85,0.47,0.35,0.88,1.7,2.55,0.08450704225352113
3375,2697,62.0,62.0,0,0,0.32,1.69,-2.25,-0.2,-0.77,-0.44,0.8591549295774648
1483,2697,7.0,7.0,1,0,0.19,0.75,0.91,0.71,2.37,2.55,0.08450704225352113
74,2697,17.0,17.0,0,1,0.93,1.53,0.19,-1.09,0.63,1.55,0.22535211267605634
301,2697,28.0,28.0,0,1,0.75,-0.11,0.2,0.22,0.31,1.05,0.38028169014084506
5860,2697,45.0,45.0,0,0,-0.83,0.05,0.14,0.95,1.14,0.31,0.6197183098591549
5504,2697,10.0,10.0,1,0,0.55,0.11,1.21,0.44,1.76,2.31,0.1267605633802817
6991,2697,34.0,34.0,0,0,-0.37,-0.3,1.6,-0.12,1.18,0.81,0.4647887323943662
619,2697,41.0,41.0,0,0,-0.16,0.71,0.59,-0.58,0.72,0.55,0.5633802816901409
1680,2697,23.0,23.0,0,1,0.75,0.96,-0.7,0.3,0.56,1.3,0.30985915492957744
5025,2697,49.0,49.0,0,0,0.04,-0.47,0.22,0.26,0.02,0.06,0.676056338028169
3598,2697,45.0,45.0,0,0,0.06,-0.78,0.94,0.09,0.25,0.3,0.6197183098591549
5797,2697,66.0,66.0,0,0,0.36,-0.71,-0.3,-0.05,-1.06,-0.7,0.9154929577464789
3317,2697,56.0,56.0,0,0,-0.59,-0.8,0.59,0.6,0.4,-0.19,0.7746478873239436
1676,2697,23.0,23.0,0,1,1.07,-0.23,-0.36,0.82,0.24,1.3,0.30985915492957744
569,2697,13.0,13.0,0,1,0.68,0.98,0.68,-0.53,1.13,1.8,0.16901408450704225
10166,2697,49.0,49.0,0,0,0.18,-0.49,-0.07,0.43,-0.13,0.05,0.676056338028169
4513,2697,34.0,34.0,0,0,-0.02,-0.02,0.15,0.7,0.83,0.8,0.4647887323943662
3857,2697,49.0,49.0,0,0,-2.01,0.65,0.85,0.57,2.07,0.06,0.676056338028169
2552,2697,2.0,2.0,1,0,1.56,0.75,0.72,0.27,1.74,3.3,0.014084507042253521
1778,2697,17.0,17.0,0,1,0.16,0.24,0.53,0.61,1.39,1.55,0.22535211267605634
1077,2697,70.0,70.0,0,0,-1.96,0.41,0.2,-0.1,0.51,-1.44,0.971830985915493
676,2697,7.0,7.0,1,0,-0.14,1.03,1.87,-0.21,2.7,2.56,0.08450704225352113
1059,2697,17.0,17.0,0,1,1.02,-0.51,0.61,0.44,0.54,1.55,0.22535211267605634
1293,2697,28.0,28.0,0,1,0.6,0.23,-0.5,0.73,0.46,1.05,0.38028169014084506
1411,2697,62.0,62.0,0,0,-0.71,1.05,1.65,-2.43,0.26,-0.44,0.8591549295774648
9037,2697,13.0,13.0,0,1,1.71,0.42,0.22,-0.55,0.1,1.8,0.16901408450704225
3670,2697,23.0,23.0,0,1,1.09,0.32,-0.78,0.68,0.22,1.3,0.30985915492957744
8974,2697,17.0,17.0,0,1,0.96,-0.25,0.12,0.73,0.6,1.55,0.22535211267605634
2571,2697,49.0,49.0,0,0,-0.66,-0.27,0.58,0.4,0.71,0.06,0.676056338028169
3351,2697,1.0,1.0,1,0,2.05,-0.08,1.23,0.35,1.5,3.55,0.0
9568,2697,34.0,34.0,0,0,-0.17,-0.37,0.63,0.72,0.97,0.81,0.4647887323943662
72,2697,41.0,41.0,0,0,0.79,-0.09,0.14,-0.28,-0.23,0.55,0.5633802816901409
707,2697,17.0,17.0,0,1,2.19,0.24,-0.03,-0.85,-0.64,1.55,0.22535211267605634
3702,2697,12.0,12.0,0,1,1.15,0.44,0.44,0.02,0.9,2.05,0.15492957746478872
5409,2697,45.0,45.0,0,0,-0.76,0.05,0.29,0.72,1.06,0.31,0.6197183098591549
3470,2697,4.0,4.0,1,0,-0.31,-0.19,2.45,1.11,3.37,3.06,0.04225352112676056
809,2697,34.0,34.0,0,0,0.25,0.11,-0.35,0.79,0.56,0.8,0.4647887323943662
78,2697,28.0,28.0,0,1,1.36,0.18,0.01,-0.49,-0.31,1.05,0.38028169014084506
7081,2697,49.0,49.0,0,0,-1.1,0.66,0.15,0.35,1.16,0.06,0.676056338028169
2230,2697,28.0,28.0,0,1,-0.81,-0.4,1.28,0.98,1.87,1.06,0.38028169014084506
5539,2697,10.0,10.0,1,0,0.79,0.78,-0.16,0.89,1.51,2.3,0.1267605633802817
5553,2697,4.0,4.0,1,0,1.61,-0.66,1.59,0.52,1.45,3.05,0.04225352112676056
198,2697,62.0,62.0,0,0,0.06,0.47,0.48,-1.46,-0.5,-0.45,0.8591549295774648
3970,2697,56.0,56.0,0,0,0.68,0.29,-1.06,-0.1,-0.87,-0.19,0.7746478873239436
1185,2697,23.0,23.0,0,1,0.89,-0.51,1.59,-0.67,0.42,1.31,0.30985915492957744
10360,2697,69.0,69.0,0,0,-0.31,-0.16,-0.15,-0.32,-0.63,-0.94,0.9577464788732394
686,2697,66.0,66.0,0,0,-0.32,0.43,-1.22,0.42,-0.37,-0.69,0.9154929577464789
512,2719,14.0,14.0,0,1,1.35,0.31,0.01,0.08,0.4,1.75,0.19117647058823528
5548,2719,1.0,1.0,1,0,1.72,0.28,2.04,-0.04,2.29,4.0,0.0
5285,2719,49.0,49.0,0,0,-1.0,0.68,0.14,0.44,1.26,0.25,0.7058823529411765
6062,2719,41.0,41.0,0,0,0.95,-1.11,-0.14,0.8,-0.44,0.5,0.5882352941176471
5338,2719,58.0,58.0,0,0,-0.42,-0.22,0.18,-0.04,-0.08,-0.5,0.8382352941176471
693,2719,62.0,62.0,0,0,0.73,-0.7,-0.33,-0.45,-1.48,-0.75,0.8970588235294118
10046,2719,27.0,27.0,0,1,0.55,-0.42,-0.14,1.01,0.45,1.0,0.38235294117647056
774,2719,41.0,41.0,0,0,-1.06,0.83,0.92,-0.18,1.56,0.5,0.5882352941176471
4638,2719,52.0,52.0,0,0,0.42,0.39,-0.48,-0.31,-0.41,0.0,0.75
3599,2719,38.0,38.0,0,0,-0.47,0.43,0.47,0.32,1.22,0.75,0.5441176470588235
68,2719,11.0,11.0,0,1,-0.7,-0.18,2.42,0.46,2.7,2.0,0.14705882352941177
10442,2719,62.0,62.0,0,0,0.21,0.4,-1.37,0.01,-0.95,-0.75,0.8970588235294118
208,2719,49.0,49.0,0,0,-0.39,0.38,0.39,-0.13,0.64,0.25,0.7058823529411765
769,2719,27.0,27.0,0,1,0.3,0.18,0.42,0.1,0.7,1.0,0.38235294117647056
1097,2719,6.0,6.0,1,0,1.12,0.34,1.33,-0.04,1.63,2.75,0.07352941176470588
9131,2719,49.0,49.0,0,0,0.15,1.02,-1.07,0.16,0.1,0.25,0.7058823529411765
8992,2719,3.0,3.0,1,0,0.83,0.86,1.35,0.46,2.67,3.5,0.029411764705882353
928,2719,18.0,18.0,0,1,1.56,0.17,-0.12,-0.11,-0.06,1.5,0.25
3950,2719,22.0,22.0,0,1,1.84,-0.13,-0.46,0.01,-0.58,1.25,0.3088235294117647
5574,2719,27.0,27.0,0,1,0.88,-0.46,0.84,-0.25,0.13,1.0,0.38235294117647056
2127,2719,22.0,22.0,0,1,0.71,-1.11,1.12,0.54,0.55,1.25,0.3088235294117647
301,2719,14.0,14.0,0,1,0.88,0.57,0.34,-0.03,0.87,1.75,0.19117647058823528
3550,2719,58.0,58.0,0,0,-0.82,-0.1,-0.29,0.71,0.32,-0.5,0.8382352941176471
5408,2719,27.0,27.0,0,1,1.21,0.71,-0.34,-0.58,-0.21,1.0,0.38235294117647056
957,2719,56.0,56.0,0,0,0.94,-0.83,-0.32,-0.04,-1.19,-0.25,0.8088235294117647
576,2719,7.0,7.0,1,0,1.23,0.4,0.93,-0.05,1.28,2.5,0.08823529411764706
5504,2719,38.0,38.0,0,0,0.35,-0.82,0.27,0.94,0.4,0.75,0.5441176470588235
619,2719,41.0,41.0,0,0,-0.58,0.19,0.89,0.0,1.08,0.5,0.5882352941176471
3856,2719,22.0,22.0,0,1,1.81,-0.43,0.63,-0.76,-0.56,1.25,0.3088235294117647
110,2719,11.0,11.0,0,1,1.4,0.58,-0.28,0.29,0.6,2.0,0.14705882352941177
153,2719,41.0,41.0,0,0,1.06,-0.38,-0.35,0.17,-0.56,0.5,0.5882352941176471
5025,2719,41.0,41.0,0,0,0.72,-0.43,0.02,0.19,-0.22,0.5,0.5882352941176471
196,2719,22.0,22.0,0,1,0.54,0.13,0.78,-0.19,0.71,1.25,0.3088235294117647
3598,2719,3.0,3.0,1,0,1.52,0.42,1.13,0.43,1.99,3.5,0.029411764705882353
5797,2719,9.0,9.0,1,0,1.01,-0.17,1.23,0.18,1.24,2.25,0.11764705882352941
3317,2719,58.0,58.0,0,0,-1.5,-0.38,1.46,-0.07,1.0,-0.5,0.8382352941176471
1676,2719,27.0,27.0,0,1,-1.27,0.6,0.63,1.04,2.27,1.0,0.38235294117647056
10505,2719,14.0,14.0,0,1,0.13,0.09,1.35,0.19,1.63,1.75,0.19117647058823528
4513,2719,58.0,58.0,0,0,-0.85,-0.55,0.64,0.26,0.35,-0.5,0.8382352941176471
6689,2719,65.0,65.0,0,0,-0.55,-0.54,-0.1,0.19,-0.45,-1.0,0.9411764705882353
8906,2719,11.0,11.0,0,1,2.12,0.57,-0.6,-0.09,-0.12,2.0,0.14705882352941177
1734,2719,67.0,67.0,0,0,-1.18,-0.09,-0.49,0.51,-0.06,-1.25,0.9705882352941176
1778,2719,27.0,27.0,0,1,-0.98,-0.6,1.41,1.17,1.98,1.0,0.38235294117647056
1077,2719,18.0,18.0,0,1,0.4,-0.14,0.73,0.51,1.11,1.5,0.25
676,2719,18.0,18.0,0,1,0.45,0.07,0.57,0.4,1.05,1.5,0.25
1059,2719,27.0,27.0,0,1,-0.18,0.11,0.65,0.42,1.19,1.0,0.38235294117647056
4781,2719,52.0,52.0,0,0,0.8,-0.53,-0.15,-0.11,-0.79,0.0,0.75
8974,2719,52.0,52.0,0,0,0.91,-0.15,0.34,-1.09,-0.91,0.0,0.75
257,2719,22.0,22.0,0,1,1.14,0.55,-0.73,0.29,0.12,1.25,0.3088235294117647
3792,2719,62.0,62.0,0,0,-1.76,-0.11,0.55,0.58,1.01,-0.75,0.8970588235294118
1042,2719,14.0,14.0,0,1,0.1,-0.27,1.65,0.27,1.65,1.75,0.19117647058823528
6007,2719,2.0,2.0,1,0,1.02,-0.01,1.84,0.9,2.74,3.75,0.014705882352941176
5579,2719,38.0,38.0,0,0,0.68,0.05,-0.37,0.38,0.07,0.75,0.5441176470588235
1935,2719,41.0,41.0,0,0,0.56,-0.32,0.29,-0.03,-0.06,0.5,0.5882352941176471
1254,2719,52.0,52.0,0,0,-0.24,-0.53,0.08,0.7,0.25,0.0,0.75
5409,2719,9.0,9.0,1,0,1.22,-0.07,1.08,0.02,1.03,2.25,0.11764705882352941
4047,2719,69.0,69.0,0,0,0.78,0.24,-2.22,-1.29,-3.27,-2.5,1.0
809,2719,18.0,18.0,0,1,0.14,-0.09,1.41,0.04,1.36,1.5,0.25
335,2719,41.0,41.0,0,0,-0.14,0.19,0.56,-0.11,0.65,0.5,0.5882352941176471
78,2719,27.0,27.0,0,1,0.12,-0.04,0.88,0.04,0.88,1.0,0.38235294117647056
6001,2719,27.0,27.0,0,1,-0.14,0.24,0.99,-0.09,1.15,1.0,0.38235294117647056
3378,2719,68.0,68.0,0,0,-0.22,-0.44,-0.64,-0.18,-1.27,-1.5,0.9852941176470589
2230,2719,5.0,5.0,1,0,-0.14,0.55,1.59,1.26,3.4,3.25,0.058823529411764705
3295,2719,27.0,27.0,0,1,0.31,0.69,-0.09,0.09,0.69,1.0,0.38235294117647056
1157,2719,56.0,56.0,0,0,0.34,0.63,-0.15,-1.06,-0.58,-0.25,0.8088235294117647
10360,2719,7.0,7.0,1,0,0.52,0.53,1.18,0.28,1.99,2.5,0.08823529411764706
1614,2719,41.0,41.0,0,0,-1.1,1.13,0.27,0.2,1.61,0.5,0.5882352941176471
3832,3735,55.0,55.0,0,0,0.49,0.15,-1.1,-0.49,-1.44,-0.95,0.7605633802816901
388,3735,45.0,45.0,0,0,0.25,0.59,-0.93,-0.11,-0.45,-0.2,0.6197183098591549
5956,3735,20.0,20.0,0,1,0.68,-0.08,0.74,-0.04,0.62,1.3,0.2676056338028169
5285,3735,48.0,48.0,0,0,-1.52,-0.72,0.99,0.8,1.07,-0.45,0.6619718309859155
4383,3735,32.0,32.0,0,0,-0.51,0.34,0.32,0.16,0.81,0.3,0.43661971830985913
774,3735,32.0,32.0,0,0,-1.32,0.11,1.43,0.08,1.62,0.3,0.43661971830985913
6798,3735,48.0,48.0,0,0,1.28,-1.0,-1.56,0.83,-1.73,-0.45,0.6619718309859155
1222,3735,7.0,7.0,1,0,1.02,0.4,0.43,0.71,1.53,2.55,0.08450704225352113
3596,3735,48.0,48.0,0,0,0.03,0.27,-1.16,0.41,-0.48,-0.45,0.6619718309859155
6280,3735,67.0,67.0,0,0,-2.01,0.12,-1.55,0.99,-0.44,-2.45,0.9295774647887324
780,3735,38.0,38.0,0,0,0.75,-1.16,-0.41,0.87,-0.7,0.05,0.5211267605633803
4317,3735,45.0,45.0,0,0,-0.51,-0.38,0.6,0.1,0.31,-0.2,0.6197183098591549
1097,3735,38.0,38.0,0,0,-0.55,-0.02,0.43,0.19,0.6,0.05,0.5211267605633803
9025,3735,16.0,16.0,0,1,0.14,0.18,0.64,0.59,1.41,1.55,0.2112676056338028
3448,3735,1.0,1.0,1,0,0.4,0.61,2.17,0.37,3.15,3.55,0.0
6701,3735,63.0,63.0,0,0,-0.51,0.74,-1.36,-0.56,-1.19,-1.7,0.8732394366197183
4304,3735,69.0,69.0,0,0,-1.19,-0.09,-0.71,-0.71,-1.51,-2.7,0.9577464788732394
5882,3735,52.0,52.0,0,0,-0.35,-0.61,0.39,-0.12,-0.35,-0.7,0.7183098591549296
1483,3735,20.0,20.0,0,1,-0.2,0.43,1.31,-0.24,1.5,1.3,0.2676056338028169
3550,3735,38.0,38.0,0,0,-1.01,-0.2,1.51,-0.25,1.06,0.05,0.5211267605633803
5860,3735,25.0,25.0,0,1,-0.84,0.28,0.27,1.09,1.65,0.8,0.3380281690140845
110,3735,23.0,23.0,0,1,-0.28,0.27,1.32,-0.27,1.33,1.05,0.30985915492957744
153,3735,58.0,58.0,0,0,0.14,-0.1,-0.22,-1.02,-1.34,-1.2,0.8028169014084507
1067,3735,12.0,12.0,0,1,0.75,0.95,-0.59,0.69,1.05,1.8,0.15492957746478872
4831,3735,25.0,25.0,0,1,-1.53,-0.28,1.41,1.2,2.33,0.8,0.3380281690140845
9780,3735,3.0,3.0,1,0,1.24,-0.23,0.76,1.27,1.81,3.05,0.028169014084507043
569,3735,38.0,38.0,0,0,-0.5,0.1,-1.6,2.05,0.55,0.05,0.5211267605633803
5467,3735,12.0,12.0,0,1,0.45,1.12,0.79,-0.56,1.35,1.8,0.15492957746478872
4848,3735,5.0,5.0,1,0,1.5,0.09,1.05,0.16,1.3,2.8,0.056338028169014086
1030,3735,38.0,38.0,0,0,-0.38,-0.16,0.44,0.14,0.43,0.05,0.5211267605633803
446,3735,25.0,25.0,0,1,0.38,-0.09,1.47,-0.95,0.42,0.8,0.3380281690140845
3857,3735,55.0,55.0,0,0,1.01,-0.24,-1.31,-0.41,-1.96,-0.95,0.7605633802816901
2552,3735,11.0,11.0,0,1,1.36,-0.16,0.93,-0.08,0.69,2.05,0.14084507042253522
318,3735,52.0,52.0,0,0,-0.39,0.66,-0.26,-0.7,-0.31,-0.7,0.7183098591549296
1293,3735,48.0,48.0,0,0,-0.59,-0.12,-0.47,0.73,0.14,-0.45,0.6619718309859155
455,3735,28.0,28.0,0,1,-0.02,-0.11,0.59,0.09,0.57,0.55,0.38028169014084506
9037,3735,16.0,16.0,0,1,0.51,-0.14,1.37,-0.19,1.04,1.55,0.2112676056338028
6931,3735,32.0,32.0,0,0,-0.45,0.6,0.62,-0.48,0.75,0.3,0.43661971830985913
3670,3735,23.0,23.0,0,1,-0.05,-0.29,0.87,0.52,1.1,1.05,0.30985915492957744
257,3735,20.0,20.0,0,1,1.64,0.23,-0.94,0.37,-0.34,1.3,0.2676056338028169
72,3735,16.0,16.0,0,1,0.05,-0.39,1.65,0.24,1.5,1.55,0.2112676056338028
308,3735,7.0,7.0,1,0,1.76,0.95,0.46,-0.62,0.79,2.55,0.08450704225352113
707,3735,38.0,38.0,0,0,-1.19,0.18,-0.03,1.08,1.24,0.05,0.5211267605633803
5579,3735,61.0,61.0,0,0,-0.36,-0.51,-1.34,0.76,-1.09,-1.45,0.8450704225352113
4321,3735,38.0,38.0,0,0,0.9,0.72,-0.91,-0.65,-0.85,0.05,0.5211267605633803
3740,3735,45.0,45.0,0,0,-0.83,0.39,0.6,-0.36,0.63,-0.2,0.6197183098591549
6783,3735,67.0,67.0,0,0,-0.4,-0.82,-0.3,-0.93,-2.05,-2.45,0.9295774647887324
3702,3735,16.0,16.0,0,1,-0.2,-0.47,2.0,0.22,1.75,1.55,0.2112676056338028
4483,3735,70.0,70.0,0,0,-0.88,-0.69,-1.34,-0.04,-2.07,-2.95,0.971830985915493
3470,3735,7.0,7.0,1,0,0.26,-0.4,1.12,1.57,2.29,2.55,0.08450704225352113
809,3735,28.0,28.0,0,1,0.33,-0.29,0.78,-0.27,0.22,0.55,0.38028169014084506
1499,3735,72.0,72.0,0,0,-0.87,0.14,-2.79,-0.18,-2.83,-3.7,1.0
158,3735,12.0,12.0,0,1,0.11,0.02,0.22,1.45,1.69,1.8,0.15492957746478872
1178,3735,65.0,65.0,0,0,-1.52,-0.01,-1.2,0.52,-0.68,-2.2,0.9014084507042254
7081,3735,72.0,72.0,0,0,-0.26,-0.08,-2.04,-1.32,-3.44,-3.7,1.0
1359,3735,65.0,65.0,0,0,-0.74,0.34,-1.52,-0.28,-1.46,-2.2,0.9014084507042254
1037,3735,32.0,32.0,0,0,-0.11,-0.39,0.02,0.78,0.41,0.3,0.43661971830985913
5539,3735,2.0,2.0,1,0,0.19,0.7,1.63,0.78,3.11,3.3,0.014084507042253521
5553,3735,10.0,10.0,1,0,1.13,-0.1,0.83,0.45,1.17,2.3,0.1267605633802817
5140,3735,63.0,63.0,0,0,0.13,-1.11,-1.51,0.79,-1.83,-1.7,0.8732394366197183
9031,3735,5.0,5.0,1,0,0.76,0.21,1.71,0.12,2.04,2.8,0.056338028169014086
3532,3735,28.0,28.0,0,1,-0.27,0.24,0.16,0.43,0.82,0.55,0.38028169014084506
4712,3735,61.0,61.0,0,0,0.07,0.2,-1.32,-0.4,-1.52,-1.45,0.8450704225352113
686,3735,58.0,58.0,0,0,-0.42,0.23,-1.47,0.46,-0.78,-1.2,0.8028169014084507
4989,2696,11.0,11.0,0,1,-0.08,0.13,0.64,1.16,1.93,1.85,0.14492753623188406
388,2696,14.0,14.0,0,1,-0.27,-0.05,1.33,0.59,1.87,1.6,0.18840579710144928
6062,2696,62.0,62.0,0,0,0.85,-0.33,-0.74,-0.43,-1.51,-0.65,0.8840579710144928
5338,2696,27.0,27.0,0,1,0.37,-0.62,0.96,0.39,0.73,1.1,0.37681159420289856
693,2696,62.0,62.0,0,0,-0.21,0.17,-0.09,-0.52,-0.44,-0.65,0.8840579710144928
159,2696,60.0,60.0,0,0,-0.29,0.23,-0.61,0.27,-0.11,-0.4,0.855072463768116
9584,2696,21.0,21.0,0,1,0.12,-0.02,0.32,0.93,1.23,1.35,0.2898550724637681
1225,2696,48.0,48.0,0,0,0.5,0.84,-1.11,0.12,-0.15,0.35,0.6811594202898551
1651,2696,4.0,4.0,1,0,-0.2,0.49,1.69,0.36,2.55,2.35,0.043478260869565216
3596,2696,14.0,14.0,0,1,0.47,0.66,0.89,-0.42,1.13,1.6,0.18840579710144928
3599,2696,27.0,27.0,0,1,-0.32,0.37,0.55,0.5,1.42,1.1,0.37681159420289856
713,2696,48.0,48.0,0,0,-1.2,-0.99,1.33,1.21,1.55,0.35,0.6811594202898551
1646,2696,4.0,4.0,1,0,1.93,1.17,-0.14,-0.61,0.42,2.35,0.043478260869565216
8971,2696,70.0,70.0,0,0,0.47,0.2,-0.81,-2.0,-2.62,-2.15,1.0
208,2696,52.0,52.0,0,0,0.05,-0.35,-0.33,0.73,0.05,0.1,0.7391304347826086
6017,2696,37.0,37.0,0,0,0.17,0.57,-0.05,0.16,0.68,0.85,0.5217391304347826
856,2696,62.0,62.0,0,0,1.36,-0.29,-0.84,-0.88,-2.01,-0.65,0.8840579710144928
4645,2696,65.0,65.0,0,0,0.16,0.74,-0.79,-1.01,-1.06,-0.9,0.927536231884058
928,2696,43.0,43.0,0,0,-0.17,0.31,0.23,0.23,0.77,0.6,0.6086956521739131
3452,2696,52.0,52.0,0,0,-0.25,-0.15,0.39,0.1,0.35,0.1,0.7391304347826086
5882,2696,43.0,43.0,0,0,-0.02,-0.41,0.48,0.55,0.62,0.6,0.6086956521739131
1483,2696,14.0,14.0,0,1,0.88,-0.88,0.83,0.76,0.72,1.6,0.18840579710144928
74,2696,57.0,57.0,0,0,0.99,-0.04,-0.55,-0.56,-1.14,-0.15,0.8115942028985508
2127,2696,10.0,10.0,1,0,1.09,-0.03,-0.01,1.05,1.01,2.1,0.13043478260869565
301,2696,14.0,14.0,0,1,0.34,0.34,0.29,0.63,1.26,1.6,0.18840579710144928
3550,2696,2.0,2.0,1,0,0.51,0.07,0.63,1.39,2.09,2.6,0.014492753623188406
5408,2696,60.0,60.0,0,0,0.21,-0.21,0.18,-0.57,-0.61,-0.4,0.855072463768116
6991,2696,57.0,57.0,0,0,-0.54,0.27,-0.29,0.42,0.39,-0.15,0.8115942028985508
619,2696,43.0,43.0,0,0,0.64,-0.02,0.28,-0.3,-0.04,0.6,0.6086956521739131
110,2696,14.0,14.0,0,1,0.76,0.17,0.9,-0.23,0.84,1.6,0.18840579710144928
3598,2696,27.0,27.0,0,1,-0.76,-0.1,1.22,0.74,1.86,1.1,0.37681159420289856
10505,2696,27.0,27.0,0,1,0.37,0.22,0.14,0.37,0.73,1.1,0.37681159420289856
10166,2696,21.0,21.0,0,1,-0.3,-0.94,1.8,0.78,1.65,1.35,0.2898550724637681
1030,2696,4.0,4.0,1,0,-0.06,0.23,0.7,1.47,2.41,2.35,0.043478260869565216
446,2696,21.0,21.0,0,1,-0.34,1.19,0.17,0.33,1.69,1.35,0.2898550724637681
2552,2696,48.0,48.0,0,0,-0.81,0.25,0.56,0.35,1.16,0.35,0.6811594202898551
601,2696,27.0,27.0,0,1,0.28,0.51,0.49,-0.18,0.82,1.1,0.37681159420289856
676,2696,21.0,21.0,0,1,0.79,-0.4,0.22,0.74,0.56,1.35,0.2898550724637681
1059,2696,52.0,52.0,0,0,-1.7,0.95,0.75,0.09,1.8,0.1,0.7391304347826086
1293,2696,21.0,21.0,0,1,-0.02,-0.28,0.74,0.91,1.37,1.35,0.2898550724637681
9037,2696,68.0,68.0,0,0,1.22,-0.2,-1.32,-1.35,-2.87,-1.65,0.9710144927536232
4781,2696,2.0,2.0,1,0,1.83,-0.24,0.75,0.26,0.77,2.6,0.014492753623188406
6931,2696,66.0,66.0,0,0,0.58,-0.22,-0.77,-0.74,-1.73,-1.15,0.9420289855072463
3670,2696,4.0,4.0,1,0,0.72,0.29,0.94,0.4,1.63,2.35,0.043478260869565216
3351,2696,27.0,27.0,0,1,1.25,0.74,-0.59,-0.3,-0.15,1.1,0.37681159420289856
479,2696,27.0,27.0,0,1,0.45,-0.5,0.92,0.22,0.65,1.1,0.37681159420289856
1042,2696,14.0,14.0,0,1,-0.06,-0.31,1.18,0.79,1.66,1.6,0.18840579710144928
9568,2696,48.0,48.0,0,0,-0.61,0.48,-0.27,0.75,0.96,0.35,0.6811594202898551
72,2696,11.0,11.0,0,1,-1.32,1.62,1.2,0.35,3.17,1.85,0.14492753623188406
3980,2696,66.0,66.0,0,0,0.81,-0.14,0.02,-1.84,-1.96,-1.15,0.9420289855072463
1935,2696,37.0,37.0,0,0,1.16,-0.49,0.19,-0.02,-0.31,0.85,0.5217391304347826
1548,2696,69.0,69.0,0,0,-0.61,-0.06,0.0,-1.22,-1.29,-1.9,0.9855072463768116
4321,2696,37.0,37.0,0,0,0.14,0.14,1.07,-0.49,0.71,0.85,0.5217391304347826
3702,2696,1.0,1.0,1,0,1.85,0.03,0.92,0.8,1.75,3.6,0.0
5409,2696,43.0,43.0,0,0,0.4,-0.33,-0.03,0.56,0.2,0.6,0.6086956521739131
4047,2696,37.0,37.0,0,0,-0.18,0.06,0.84,0.13,1.03,0.85,0.5217391304347826
962,2696,37.0,37.0,0,0,-0.74,-0.1,1.35,0.34,1.59,0.85,0.5217391304347826
4591,2696,57.0,57.0,0,0,0.59,0.34,-1.08,0.0,-0.74,-0.15,0.8115942028985508
78,2696,27.0,27.0,0,1,-0.04,0.05,0.58,0.5,1.14,1.1,0.37681159420289856
158,2696,14.0,14.0,0,1,-0.5,0.46,0.39,1.25,2.1,1.6,0.18840579710144928
4449,2696,52.0,52.0,0,0,0.37,-0.49,-0.28,0.5,-0.27,0.1,0.7391304347826086
4267,2696,43.0,43.0,0,0,0.72,1.03,0.28,-1.44,-0.12,0.6,0.6086956521739131
1359,2696,11.0,11.0,0,1,1.46,-1.13,1.36,0.16,0.39,1.85,0.14492753623188406
3378,2696,21.0,21.0,0,1,-0.12,0.48,1.14,-0.15,1.47,1.35,0.2898550724637681
5553,2696,4.0,4.0,1,0,1.51,-0.45,0.41,0.88,0.84,2.35,0.043478260869565216
3295,2696,27.0,27.0,0,1,-0.46,0.39,1.29,-0.12,1.56,1.1,0.37681159420289856
10360,2696,4.0,4.0,1,0,1.11,0.88,0.73,-0.37,1.24,2.35,0.043478260869565216
686,2696,27.0,27.0,0,1,1.54,0.73,-1.01,-0.16,-0.44,1.1,0.37681159420289856
512,2695,55.0,55.0,0,0,0.1,0.37,-0.29,-0.05,0.02,0.12,0.7714285714285715
5548,2695,34.0,34.0,0,0,0.31,0.41,-0.5,0.66,0.56,0.87,0.4714285714285714
4989,2695,64.0,64.0,0,0,-0.91,0.5,-0.11,-0.11,0.29,-0.63,0.9
388,2695,11.0,11.0,0,1,1.45,-0.06,0.17,0.57,0.68,2.12,0.14285714285714285
5285,2695,55.0,55.0,0,0,-1.19,-0.69,1.39,0.62,1.32,0.12,0.7714285714285715
5338,2695,61.0,61.0,0,0,-0.12,0.27,-0.33,-0.2,-0.25,-0.38,0.8571428571428571
693,2695,61.0,61.0,0,0,0.15,0.24,-0.01,-0.75,-0.52,-0.38,0.8571428571428571
4383,2695,22.0,22.0,0,1,0.71,0.11,0.31,0.25,0.66,1.37,0.3
774,2695,11.0,11.0,0,1,0.98,1.04,-0.04,0.15,1.15,2.12,0.14285714285714285
3596,2695,39.0,39.0,0,0,-1.33,0.69,0.36,0.91,1.96,0.63,0.5428571428571428
1673,2695,39.0,39.0,0,0,0.76,-0.95,1.11,-0.29,-0.13,0.62,0.5428571428571428
3599,2695,39.0,39.0,0,0,-0.04,0.4,0.93,-0.66,0.67,0.62,0.5428571428571428
68,2695,59.0,59.0,0,0,-0.69,-0.26,1.61,-0.8,0.56,-0.13,0.8285714285714286
205,2695,4.0,4.0,1,0,-0.51,0.7,1.57,0.86,3.13,2.62,0.04285714285714286
208,2695,15.0,15.0,0,1,0.19,0.28,0.61,0.79,1.68,1.87,0.2
1121,2695,49.0,49.0,0,0,0.26,-0.68,0.42,0.37,0.11,0.37,0.6857142857142857
9131,2695,28.0,28.0,0,1,0.39,0.25,0.84,-0.35,0.74,1.12,0.38571428571428573
4645,2695,8.0,8.0,1,0,0.85,0.68,0.9,-0.05,1.53,2.37,0.1
3448,2695,1.0,1.0,1,0,1.84,0.17,0.8,1.31,2.28,4.12,0.0
3452,2695,55.0,55.0,0,0,0.75,-0.19,-0.88,0.45,-0.62,0.12,0.7714285714285715
2127,2695,17.0,17.0,0,1,0.35,0.49,0.3,0.48,1.27,1.62,0.22857142857142856
301,2695,67.0,67.0,0,0,-0.31,-0.04,-0.85,0.33,-0.57,-0.88,0.9428571428571428
1680,2695,64.0,64.0,0,0,-0.47,0.26,-0.45,0.03,-0.16,-0.63,0.9
153,2695,39.0,39.0,0,0,1.21,0.49,-0.49,-0.58,-0.59,0.62,0.5428571428571428
5025,2695,28.0,28.0,0,1,1.49,-0.3,-0.18,0.12,-0.36,1.12,0.38571428571428573
196,2695,17.0,17.0,0,1,0.06,0.43,0.74,0.4,1.56,1.62,0.22857142857142856
1067,2695,34.0,34.0,0,0,-0.09,0.27,1.18,-0.5,0.96,0.87,0.4714285714285714
5797,2695,49.0,49.0,0,0,0.85,0.16,-0.62,-0.02,-0.48,0.37,0.6857142857142857
3317,2695,22.0,22.0,0,1,1.28,-0.45,-0.48,1.02,0.1,1.37,0.3
1676,2695,39.0,39.0,0,0,0.32,0.2,-0.21,0.31,0.31,0.62,0.5428571428571428
10505,2695,17.0,17.0,0,1,0.62,-0.5,0.88,0.63,1.01,1.62,0.22857142857142856
569,2695,4.0,4.0,1,0,1.29,-0.19,0.26,1.27,1.33,2.62,0.04285714285714286
5467,2695,22.0,22.0,0,1,-0.08,0.35,0.93,0.18,1.46,1.37,0.3
4848,2695,39.0,39.0,0,0,-0.76,0.74,0.61,0.03,1.39,0.62,0.5428571428571428
1030,2695,15.0,15.0,0,1,0.88,1.3,-0.74,0.44,1.0,1.87,0.2
446,2695,11.0,11.0,0,1,1.74,0.19,0.13,0.06,0.38,2.12,0.14285714285714285
4513,2695,34.0,34.0,0,0,0.33,-0.43,0.62,0.36,0.55,0.87,0.4714285714285714
77,2695,17.0,17.0,0,1,1.04,0.68,-0.23,0.14,0.59,1.62,0.22857142857142856
318,2695,4.0,4.0,1,0,1.94,0.42,0.77,-0.51,0.68,2.62,0.04285714285714286
1778,2695,39.0,39.0,0,0,-0.23,-0.94,1.03,0.76,0.85,0.62,0.5428571428571428
601,2695,17.0,17.0,0,1,0.62,0.53,0.84,-0.36,1.01,1.62,0.22857142857142856
9143,2695,69.0,69.0,0,0,-0.42,-0.18,-0.07,-0.7,-0.95,-1.38,0.9714285714285714
257,2695,22.0,22.0,0,1,0.06,1.0,0.11,0.2,1.31,1.37,0.3
2571,2695,8.0,8.0,1,0,1.0,0.34,0.33,0.7,1.38,2.37,0.1
3792,2695,55.0,55.0,0,0,1.06,0.11,-0.14,-0.9,-0.93,0.12,0.7714285714285715
1042,2695,28.0,28.0,0,1,-0.33,0.23,0.85,0.38,1.46,1.12,0.38571428571428573
9568,2695,8.0,8.0,1,0,0.64,0.23,1.08,0.43,1.74,2.37,0.1
72,2695,39.0,39.0,0,0,0.34,0.17,0.62,-0.51,0.28,0.62,0.5428571428571428
186,2695,39.0,39.0,0,0,0.14,0.65,-0.76,0.6,0.49,0.62,0.5428571428571428
3980,2695,70.0,70.0,0,0,-1.84,0.3,1.1,-1.19,0.22,-1.62,0.9857142857142858
5692,2695,64.0,64.0,0,0,-0.28,0.4,-0.72,-0.03,-0.35,-0.63,0.9
308,2695,34.0,34.0,0,0,0.12,1.33,-0.87,0.29,0.75,0.87,0.4714285714285714
707,2695,28.0,28.0,0,1,-0.36,0.5,0.65,0.33,1.49,1.12,0.38571428571428573
5579,2695,59.0,59.0,0,0,0.81,0.78,-1.96,0.25,-0.93,-0.13,0.8285714285714286
6825,2695,22.0,22.0,0,1,0.53,-0.29,0.45,0.69,0.85,1.37,0.3
962,2695,49.0,49.0,0,0,-0.92,0.08,0.45,0.76,1.29,0.37,0.6857142857142857
4591,2695,2.0,2.0,1,0,2.45,-0.08,0.67,-0.17,0.42,2.87,0.014285714285714285
78,2695,28.0,28.0,0,1,0.24,0.53,0.61,-0.27,0.88,1.12,0.38571428571428573
158,2695,49.0,49.0,0,0,-1.42,0.65,0.09,1.05,1.8,0.37,0.6857142857142857
4449,2695,22.0,22.0,0,1,-0.62,0.67,0.48,0.84,1.99,1.37,0.3
4267,2695,11.0,11.0,0,1,0.56,-0.39,0.89,1.06,1.56,2.12,0.14285714285714285
1613,2695,49.0,49.0,0,0,1.02,-0.33,-0.83,0.51,-0.65,0.37,0.6857142857142857
10980,2695,49.0,49.0,0,0,0.32,0.9,-0.61,-0.24,0.05,0.37,0.6857142857142857
9031,2695,2.0,2.0,1,0,1.48,0.08,1.27,0.05,1.4,2.87,0.014285714285714285
3295,2695,71.0,71.0,0,0,-0.86,-0.17,-0.38,-0.72,-1.27,-2.13,1.0
10360,2695,4.0,4.0,1,0,1.25,-0.35,1.08,0.64,1.37,2.62,0.04285714285714286
7082,2695,61.0,61.0,0,0,-0.76,0.32,-0.4,0.47,0.39,-0.37,0.8571428571428571
1614,2695,39.0,39.0,0,0,0.03,0.73,1.07,-1.21,0.59,0.62,0.5428571428571428
9040,2695,34.0,34.0,0,0,0.73,-0.11,0.45,-0.19,0.15,0.87,0.4714285714285714
512,2692,39.0,39.0,0,0,-0.4,0.69,0.92,-0.28,1.34,0.94,0.59375
1748,2692,33.0,33.0,0,0,0.96,0.46,-0.37,-0.31,-0.22,0.74,0.5
5548,2692,39.0,39.0,0,0,1.07,-1.47,0.6,0.05,-0.82,0.24,0.59375
9584,2692,33.0,33.0,0,0,0.32,0.49,-2.0,0.94,-0.57,-0.26,0.5
1222,2692,4.0,4.0,1,0,0.92,-0.46,1.6,0.18,1.32,2.24,0.046875
3449,2692,39.0,39.0,0,0,0.33,-0.16,0.84,-0.27,0.41,0.74,0.59375
1121,2692,10.0,10.0,1,0,1.59,0.68,-0.58,-0.25,-0.16,1.44,0.140625
3577,2692,23.0,23.0,0,1,2.22,-0.06,-0.2,0.46,0.21,2.43,0.34375
3448,2692,3.0,3.0,1,0,0.78,1.13,0.93,0.9,2.96,3.74,0.03125
1196,2692,39.0,39.0,0,0,-0.14,0.06,2.88,-1.05,1.89,1.74,0.59375
328,2692,14.0,14.0,0,1,1.44,-0.24,0.01,0.03,-0.19,1.24,0.203125
3550,2692,5.0,5.0,1,0,2.51,0.05,1.08,1.1,2.24,4.74,0.0625
5573,2692,39.0,39.0,0,0,0.52,-0.48,-0.6,0.99,-0.09,0.43,0.59375
3856,2692,58.0,58.0,0,0,-0.76,-0.15,-0.91,0.76,-0.3,-1.06,0.890625
6196,2692,48.0,48.0,0,0,0.17,-0.65,-0.44,0.35,-0.74,-0.57,0.734375
1680,2692,5.0,5.0,1,0,-0.16,0.8,-1.23,0.34,-0.09,-0.26,0.0625
5259,2692,33.0,33.0,0,0,-0.17,0.14,0.13,0.33,0.6,0.44,0.5
5025,2692,58.0,58.0,0,0,-1.38,-0.03,-0.33,-0.02,-0.38,-1.76,0.890625
1067,2692,23.0,23.0,0,1,-0.23,-0.23,3.29,-0.08,2.97,2.74,0.34375
3317,2692,23.0,23.0,0,1,2.02,-0.88,0.91,0.7,0.72,2.74,0.34375
9780,2692,5.0,5.0,1,0,0.96,0.97,1.01,0.99,2.96,3.93,0.0625
569,2692,39.0,39.0,0,0,-0.76,-0.17,0.33,0.85,1.01,0.24,0.59375
5467,2692,1.0,1.0,1,0,2.13,-0.06,1.28,-0.1,1.12,3.24,0.0
446,2692,55.0,55.0,0,0,1.3,-0.63,0.39,-0.62,-0.86,0.44,0.84375
3857,2692,48.0,48.0,0,0,-0.1,0.39,-0.28,-1.27,-1.16,-1.26,0.734375
745,2692,23.0,23.0,0,1,0.84,0.37,1.08,-0.55,0.9,1.74,0.34375
2552,2692,10.0,10.0,1,0,-1.56,-0.7,2.96,0.05,2.3,0.74,0.140625
6689,2692,2.0,2.0,1,0,0.03,-0.03,3.67,0.56,4.21,4.24,0.015625
1077,2692,14.0,14.0,0,1,1.06,-0.25,1.24,0.7,1.69,2.74,0.203125
3793,2692,48.0,48.0,0,0,-0.02,1.16,-0.09,0.88,1.96,1.94,0.734375
601,2692,23.0,23.0,0,1,-0.52,-0.16,-0.32,-0.06,-0.55,-1.06,0.34375
1637,2692,14.0,14.0,0,1,-0.51,1.3,-0.38,-0.66,0.26,-0.26,0.203125
9143,2692,62.0,62.0,0,0,1.49,-0.24,0.81,-0.62,-0.05,1.44,0.953125
6931,2692,10.0,10.0,1,0,0.67,-0.43,1.08,-0.07,0.58,1.24,0.140625
1367,2692,23.0,23.0,0,1,1.69,0.06,-1.32,0.5,-0.75,0.94,0.34375
3792,2692,10.0,10.0,1,0,0.0,0.51,0.33,0.09,0.92,0.93,0.140625
1042,2692,14.0,14.0,0,1,2.15,-0.95,1.41,-0.17,0.28,2.44,0.203125
6007,2692,48.0,48.0,0,0,1.06,-0.77,-1.8,0.74,-1.82,-0.76,0.734375
308,2692,65.0,65.0,0,0,0.1,1.17,-1.5,-2.02,-2.35,-2.26,1.0
707,2692,14.0,14.0,0,1,1.38,-0.12,0.23,-0.05,0.05,1.44,0.203125
5579,2692,23.0,23.0,0,1,0.69,-0.49,1.15,0.58,1.25,1.94,0.34375
801,2692,48.0,48.0,0,0,-0.25,0.36,0.15,-2.01,-1.51,-1.76,0.734375
1254,2692,23.0,23.0,0,1,0.61,-0.8,-0.19,0.81,-0.18,0.43,0.34375
1733,2692,8.0,8.0,1,0,0.09,0.38,0.85,-0.57,0.65,0.74,0.109375
377,2692,48.0,48.0,0,0,-0.94,-0.61,1.41,0.58,1.38,0.44,0.734375
9804,2692,58.0,58.0,0,0,-1.2,-0.67,-0.21,0.51,-0.37,-1.57,0.890625
4591,2692,58.0,58.0,0,0,-0.03,-0.98,-0.5,0.43,-1.05,-1.07,0.890625
78,2692,55.0,55.0,0,0,1.14,0.83,-1.41,0.87,0.29,1.44,0.84375
5506,2692,62.0,62.0,0,0,-1.69,-0.04,0.74,0.42,1.12,-0.56,0.953125
4587,2692,14.0,14.0,0,1,-0.02,-0.99,2.05,1.41,2.46,2.44,0.203125
4267,2692,8.0,8.0,1,0,-0.05,1.33,-0.11,-0.24,0.97,0.93,0.109375
1037,2692,55.0,55.0,0,0,-1.04,-0.78,0.47,0.09,-0.22,-1.26,0.84375
6001,2692,39.0,39.0,0,0,1.27,0.68,-0.81,-0.22,-0.35,0.93,0.59375
3378,2692,14.0,14.0,0,1,1.93,-0.71,-1.26,-0.03,-2.0,-0.07,0.203125
412,2692,23.0,23.0,0,1,-0.8,-0.09,2.08,0.06,2.04,1.24,0.34375
2230,2692,23.0,23.0,0,1,-0.1,-0.2,-0.66,0.71,-0.16,-0.26,0.34375
6086,2692,39.0,39.0,0,0,-0.44,-0.13,0.78,0.53,1.19,0.74,0.59375
9626,2692,14.0,14.0,0,1,0.4,0.09,-0.01,1.45,1.53,1.93,0.203125
1157,2692,39.0,39.0,0,0,0.07,0.76,2.22,-0.12,2.87,2.94,0.59375
1366,2692,14.0,14.0,0,1,0.19,0.85,-1.2,-0.1,-0.45,-0.26,0.203125
9040,2692,48.0,48.0,0,0,-1.47,1.3,-1.84,0.44,-0.1,-1.57,0.734375
512,2716,27.0,27.0,0,1,0.69,0.18,0.31,0.15,0.64,1.33,0.3561643835616438
5548,2716,27.0,27.0,0,1,0.46,0.62,0.47,-0.21,0.87,1.33,0.3561643835616438
10577,2716,10.0,10.0,1,0,0.45,0.18,1.56,-0.12,1.63,2.08,0.1232876712328767
10046,2716,36.0,36.0,0,0,-0.37,0.49,0.5,0.21,1.2,0.83,0.4794520547945205
159,2716,68.0,68.0,0,0,1.67,-0.91,-0.83,-0.85,-2.59,-0.92,0.9178082191780822
1225,2716,15.0,15.0,0,1,1.37,-0.01,0.05,0.42,0.46,1.83,0.1917808219178082
1651,2716,41.0,41.0,0,0,0.94,-0.89,0.33,0.19,-0.37,0.58,0.547945205479452
6798,2716,2.0,2.0,1,0,1.11,0.51,0.66,0.81,1.97,3.08,0.0136986301369863
3596,2716,31.0,31.0,0,0,-0.69,0.32,0.36,1.1,1.77,1.08,0.410958904109589
1673,2716,70.0,70.0,0,0,0.51,-1.3,-0.76,0.38,-1.68,-1.17,0.9452054794520548
68,2716,61.0,61.0,0,0,0.72,-0.48,-0.5,-0.16,-1.15,-0.42,0.821917808219178
8971,2716,65.0,65.0,0,0,1.4,-0.79,-0.82,-0.46,-2.07,-0.67,0.8767123287671232
208,2716,15.0,15.0,0,1,0.47,0.2,0.36,0.8,1.36,1.83,0.1917808219178082
3449,2716,61.0,61.0,0,0,0.3,0.31,-0.36,-0.66,-0.72,-0.42,0.821917808219178
6017,2716,57.0,57.0,0,0,0.87,-0.69,-0.66,0.31,-1.04,-0.17,0.7671232876712328
769,2716,24.0,24.0,0,1,0.59,-0.06,0.98,0.07,0.99,1.58,0.3150684931506849
9131,2716,10.0,10.0,1,0,1.66,-0.61,0.31,0.72,0.42,2.08,0.1232876712328767
4645,2716,31.0,31.0,0,0,0.19,0.85,-0.3,0.34,0.89,1.08,0.410958904109589
3577,2716,36.0,36.0,0,0,0.91,0.19,0.34,-0.61,-0.08,0.83,0.4794520547945205
278,2716,41.0,41.0,0,0,-0.57,0.25,0.42,0.48,1.15,0.58,0.547945205479452
3452,2716,65.0,65.0,0,0,-0.43,0.48,-0.43,-0.29,-0.24,-0.67,0.8767123287671232
123,2716,65.0,65.0,0,0,0.26,-0.03,-0.53,-0.37,-0.93,-0.67,0.8767123287671232
3375,2716,57.0,57.0,0,0,-0.95,0.73,-0.1,0.15,0.78,-0.17,0.7671232876712328
1483,2716,4.0,4.0,1,0,0.32,0.25,1.87,0.14,2.26,2.58,0.0410958904109589
2127,2716,54.0,54.0,0,0,-0.09,-0.31,0.52,-0.04,0.17,0.08,0.726027397260274
328,2716,4.0,4.0,1,0,0.2,0.63,1.51,0.24,2.38,2.58,0.0410958904109589
5408,2716,4.0,4.0,1,0,0.72,0.29,0.88,0.7,1.86,2.58,0.0410958904109589
6991,2716,57.0,57.0,0,0,-0.89,-0.27,0.23,0.76,0.72,-0.17,0.7671232876712328
3856,2716,48.0,48.0,0,0,-0.22,1.12,-0.85,0.27,0.55,0.33,0.6438356164383562
1173,2716,48.0,48.0,0,0,0.16,-0.44,0.45,0.16,0.17,0.33,0.6438356164383562
5025,2716,15.0,15.0,0,1,-0.36,0.56,0.71,0.92,2.19,1.83,0.1917808219178082
5797,2716,10.0,10.0,1,0,0.73,1.17,1.04,-0.87,1.35,2.08,0.1232876712328767
3317,2716,74.0,74.0,0,0,-1.56,-0.8,-0.79,0.98,-0.61,-2.17,1.0
9780,2716,15.0,15.0,0,1,0.01,-0.16,1.39,0.59,1.82,1.83,0.1917808219178082
710,2716,31.0,31.0,0,0,0.15,-0.36,0.64,0.65,0.93,1.08,0.410958904109589
4513,2716,7.0,7.0,1,0,0.74,0.77,0.19,0.63,1.59,2.33,0.0821917808219178
1734,2716,41.0,41.0,0,0,-1.23,0.19,1.54,0.08,1.81,0.58,0.547945205479452
1778,2716,7.0,7.0,1,0,0.08,0.64,0.62,0.98,2.25,2.33,0.0821917808219178
1077,2716,61.0,61.0,0,0,-0.94,0.09,-0.31,0.73,0.52,-0.42,0.821917808219178
676,2716,3.0,3.0,1,0,1.08,0.66,0.81,0.28,1.75,2.83,0.0273972602739726
1059,2716,15.0,15.0,0,1,0.29,0.12,0.57,0.84,1.54,1.83,0.1917808219178082
1637,2716,41.0,41.0,0,0,1.4,-1.11,0.39,-0.1,-0.82,0.58,0.547945205479452
6931,2716,68.0,68.0,0,0,-0.95,-0.13,0.03,0.13,0.03,-0.92,0.9178082191780822
1367,2716,15.0,15.0,0,1,0.42,1.01,0.16,0.25,1.41,1.83,0.1917808219178082
8974,2716,54.0,54.0,0,0,1.66,0.43,-1.34,-0.67,-1.58,0.08,0.726027397260274
2571,2716,27.0,27.0,0,1,0.23,-0.06,0.71,0.45,1.1,1.33,0.3561643835616438
3792,2716,54.0,54.0,0,0,0.98,-0.08,-1.0,0.17,-0.9,0.08,0.726027397260274
707,2716,7.0,7.0,1,0,0.27,0.69,0.87,0.49,2.06,2.33,0.0821917808219178
1935,2716,31.0,31.0,0,0,0.76,0.33,0.08,-0.09,0.32,1.08,0.410958904109589
1548,2716,27.0,27.0,0,1,0.82,0.13,0.18,0.2,0.51,1.33,0.3561643835616438
5409,2716,24.0,24.0,0,1,0.46,-0.18,1.25,0.05,1.12,1.58,0.3150684931506849
809,2716,15.0,15.0,0,1,1.64,-0.42,0.55,0.07,0.19,1.83,0.1917808219178082
335,2716,1.0,1.0,1,0,0.4,1.3,1.67,0.21,3.18,3.58,0.0
5619,2716,36.0,36.0,0,0,0.9,-0.6,0.39,0.14,-0.07,0.83,0.4794520547945205
78,2716,15.0,15.0,0,1,0.44,-0.08,0.49,0.98,1.39,1.83,0.1917808219178082
9528,2716,72.0,72.0,0,0,-1.24,-0.72,0.19,0.36,-0.18,-1.42,0.9726027397260274
1170,2716,70.0,70.0,0,0,-0.73,-0.12,-0.66,0.34,-0.44,-1.17,0.9452054794520548
4267,2716,48.0,48.0,0,0,0.43,0.26,0.34,-0.69,-0.1,0.33,0.6438356164383562
1359,2716,10.0,10.0,1,0,0.84,0.52,0.74,-0.02,1.24,2.08,0.1232876712328767
1037,2716,24.0,24.0,0,1,-0.3,-0.72,1.58,1.02,1.88,1.58,0.3150684931506849
6001,2716,57.0,57.0,0,0,-0.03,0.76,-0.45,-0.45,-0.14,-0.17,0.7671232876712328
4643,2716,10.0,10.0,1,0,0.66,1.22,-0.08,0.28,1.42,2.08,0.1232876712328767
2230,2716,41.0,41.0,0,0,-0.87,-0.06,1.63,-0.12,1.45,0.58,0.547945205479452
3970,2716,48.0,48.0,0,0,-0.19,-0.05,1.16,-0.59,0.52,0.33,0.6438356164383562
9626,2716,36.0,36.0,0,0,0.59,0.48,0.84,-1.08,0.24,0.83,0.4794520547945205
1185,2716,61.0,61.0,0,0,-0.19,-0.25,0.86,-0.84,-0.23,-0.42,0.821917808219178
10360,2716,41.0,41.0,0,0,1.05,0.69,0.16,-1.32,-0.47,0.58,0.547945205479452
1366,2716,48.0,48.0,0,0,-0.37,0.55,0.27,-0.12,0.7,0.33,0.6438356164383562
1614,2716,31.0,31.0,0,0,0.18,0.1,0.62,0.17,0.9,1.08,0.410958904109589
10140,2716,36.0,36.0,0,0,0.45,0.09,0.52,-0.23,0.38,0.83,0.4794520547945205
16,2725,67.0,67.0,0,0,-0.27,0.69,-1.02,-0.47,-0.8,-1.06,0.9565217391304348
1748,2725,35.0,35.0,0,0,0.46,-0.22,0.94,-0.5,0.23,0.69,0.4927536231884058
5338,2725,50.0,50.0,0,0,-1.29,0.42,1.1,0.21,1.73,0.44,0.7101449275362319
1758,2725,26.0,26.0,0,1,0.87,0.22,0.12,-0.28,0.06,0.94,0.36231884057971014
774,2725,20.0,20.0,0,1,1.04,0.05,0.74,-0.39,0.4,1.44,0.2753623188405797
9584,2725,35.0,35.0,0,0,0.29,1.31,-0.96,0.05,0.4,0.69,0.4927536231884058
3596,2725,1.0,1.0,1,0,1.64,0.07,1.08,0.4,1.55,3.19,0.0
68,2725,57.0,57.0,0,0,-1.33,0.33,0.84,-0.15,1.02,-0.31,0.8115942028985508
8971,2725,8.0,8.0,1,0,1.42,0.57,-0.26,0.46,0.77,2.19,0.10144927536231885
3449,2725,8.0,8.0,1,0,1.11,0.17,1.23,-0.34,1.07,2.19,0.10144927536231885
769,2725,22.0,22.0,0,1,0.26,0.57,0.09,0.26,0.92,1.19,0.30434782608695654
9131,2725,35.0,35.0,0,0,0.08,0.52,0.09,-0.01,0.6,0.69,0.4927536231884058
8992,2725,35.0,35.0,0,0,-0.05,0.09,0.65,0.0,0.74,0.69,0.4927536231884058
3577,2725,15.0,15.0,0,1,0.98,0.04,0.49,0.19,0.71,1.69,0.2028985507246377
3950,2725,50.0,50.0,0,0,-0.55,0.0,0.55,0.44,0.98,0.44,0.7101449275362319
5882,2725,26.0,26.0,0,1,-0.21,0.44,0.4,0.3,1.15,0.94,0.36231884057971014
3375,2725,26.0,26.0,0,1,-0.39,0.45,0.74,0.13,1.32,0.94,0.36231884057971014
74,2725,62.0,62.0,0,0,-0.5,0.23,-0.35,-0.19,-0.31,-0.81,0.8840579710144928
5408,2725,35.0,35.0,0,0,1.06,-0.25,0.21,-0.34,-0.38,0.69,0.4927536231884058
5504,2725,62.0,62.0,0,0,-0.85,-0.54,-0.16,0.74,0.04,-0.81,0.8840579710144928
6991,2725,15.0,15.0,0,1,-0.28,0.3,0.37,1.3,1.96,1.69,0.2028985507246377
5902,2725,35.0,35.0,0,0,-0.42,0.34,0.3,0.47,1.11,0.69,0.4927536231884058
196,2725,67.0,67.0,0,0,-0.19,-0.4,0.26,-0.73,-0.88,-1.06,0.9565217391304348
5797,2725,35.0,35.0,0,0,-0.25,-0.34,0.52,0.74,0.93,0.69,0.4927536231884058
1676,2725,20.0,20.0,0,1,0.66,0.4,0.34,0.03,0.77,1.44,0.2753623188405797
10505,2725,57.0,57.0,0,0,-0.24,0.01,-0.11,0.03,-0.07,-0.31,0.8115942028985508
9780,2725,15.0,15.0,0,1,-0.46,0.9,0.25,0.99,2.15,1.69,0.2028985507246377
710,2725,35.0,35.0,0,0,0.69,-0.14,0.83,-0.69,-0.01,0.69,0.4927536231884058
10166,2725,55.0,55.0,0,0,-0.71,-0.21,0.71,0.4,0.9,0.19,0.782608695652174
4848,2725,8.0,8.0,1,0,0.77,-0.05,1.42,0.06,1.42,2.19,0.10144927536231885
1265,2725,3.0,3.0,1,0,1.69,0.58,-0.06,0.48,0.99,2.69,0.028985507246376812
4513,2725,22.0,22.0,0,1,-0.92,0.07,1.47,0.56,2.11,1.19,0.30434782608695654
745,2725,50.0,50.0,0,0,0.81,-0.23,-0.18,0.03,-0.38,0.44,0.7101449275362319
318,2725,7.0,7.0,1,0,0.8,0.28,1.07,0.29,1.64,2.44,0.08695652173913043
1734,2725,35.0,35.0,0,0,-0.3,-0.59,1.01,0.57,0.99,0.69,0.4927536231884058
1778,2725,22.0,22.0,0,1,-0.47,0.23,0.7,0.72,1.66,1.19,0.30434782608695654
3793,2725,62.0,62.0,0,0,-0.63,-0.46,-0.79,1.06,-0.19,-0.81,0.8840579710144928
1059,2725,26.0,26.0,0,1,0.92,-0.3,-0.07,0.39,0.02,0.94,0.36231884057971014
4781,2725,50.0,50.0,0,0,0.06,-0.26,0.06,0.58,0.38,0.44,0.7101449275362319
6931,2725,13.0,13.0,0,1,1.93,-0.46,0.24,0.23,0.01,1.94,0.17391304347826086
8974,2725,3.0,3.0,1,0,1.53,0.82,0.75,-0.42,1.15,2.69,0.028985507246376812
2571,2725,8.0,8.0,1,0,0.27,-0.29,2.06,0.14,1.91,2.19,0.10144927536231885
6999,2725,70.0,70.0,0,0,0.3,-0.7,-1.58,-0.08,-2.36,-2.06,1.0
1042,2725,35.0,35.0,0,0,0.07,0.52,0.06,0.03,0.62,0.69,0.4927536231884058
72,2725,3.0,3.0,1,0,0.49,1.2,0.85,0.15,2.2,2.69,0.028985507246376812
3980,2725,2.0,2.0,1,0,2.43,0.24,0.76,-0.49,0.51,2.94,0.014492753623188406
5692,2725,35.0,35.0,0,0,1.65,0.06,-0.72,-0.3,-0.97,0.69,0.4927536231884058
308,2725,8.0,8.0,1,0,0.84,0.39,1.46,-0.5,1.35,2.19,0.10144927536231885
801,2725,57.0,57.0,0,0,0.38,0.66,-0.68,-0.67,-0.69,-0.31,0.8115942028985508
1935,2725,26.0,26.0,0,1,0.5,0.86,-0.4,-0.02,0.44,0.94,0.36231884057971014
1548,2725,69.0,69.0,0,0,-1.27,-0.6,0.42,0.14,-0.04,-1.31,0.9855072463768116
3740,2725,35.0,35.0,0,0,0.29,0.36,0.16,-0.13,0.39,0.69,0.4927536231884058
1254,2725,26.0,26.0,0,1,-0.1,-0.84,0.54,1.34,1.03,0.94,0.36231884057971014
9804,2725,35.0,35.0,0,0,0.71,-0.14,0.23,-0.11,-0.03,0.69,0.4927536231884058
4267,2725,62.0,62.0,0,0,-0.27,-0.15,0.31,-0.7,-0.54,-0.81,0.8840579710144928
1037,2725,3.0,3.0,1,0,0.82,0.16,0.97,0.74,1.87,2.69,0.028985507246376812
2230,2725,26.0,26.0,0,1,-0.14,0.66,-0.45,0.87,1.07,0.94,0.36231884057971014
3970,2725,15.0,15.0,0,1,0.59,0.08,0.81,0.2,1.09,1.69,0.2028985507246377
9626,2725,22.0,22.0,0,1,0.43,0.43,0.29,0.04,0.76,1.19,0.30434782608695654
1185,2725,15.0,15.0,0,1,-0.09,0.16,1.64,-0.03,1.77,1.69,0.2028985507246377
10360,2725,55.0,55.0,0,0,-0.76,0.58,0.79,-0.42,0.95,0.19,0.782608695652174
7082,2725,13.0,13.0,0,1,0.82,-0.05,0.64,0.53,1.12,1.94,0.17391304347826086
1366,2725,60.0,60.0,0,0,0.43,-0.74,-0.38,0.14,-0.99,-0.56,0.855072463768116
10140,2725,60.0,60.0,0,0,0.97,-0.5,-0.18,-0.85,-1.53,-0.56,0.855072463768116
9040,2725,62.0,62.0,0,0,-1.48,0.58,-0.18,0.27,0.67,-0.81,0.8840579710144928
388,2513,8.0,8.0,1,0,-0.85,0.12,1.51,-0.18,1.45,0.6,0.25
1222,2513,17.0,17.0,0,1,0.78,0.6,-0.75,-1.02,-1.17,-0.4,0.5714285714285714
780,2513,10.0,10.0,1,0,-0.62,0.05,-0.87,1.54,0.72,0.1,0.32142857142857145
1097,2513,10.0,10.0,1,0,0.22,0.43,-0.07,-0.47,-0.12,0.1,0.32142857142857145
9025,2513,15.0,15.0,0,1,-0.11,-0.59,0.47,0.09,-0.04,-0.15,0.5
3448,2513,6.0,6.0,1,0,-0.21,0.22,0.03,0.81,1.06,0.85,0.17857142857142858
5882,2513,10.0,10.0,1,0,0.24,0.24,-0.94,0.57,-0.13,0.1,0.32142857142857145
3550,2513,10.0,10.0,1,0,-0.28,0.06,-0.46,0.78,0.39,0.1,0.32142857142857145
5860,2513,5.0,5.0,1,0,1.43,0.31,-0.38,-0.26,-0.33,1.1,0.14285714285714285
110,2513,8.0,8.0,1,0,0.14,-0.14,-0.16,0.76,0.46,0.6,0.25
1067,2513,27.0,27.0,0,1,-1.0,0.44,-1.58,0.24,-0.9,-1.9,0.9285714285714286
5467,2513,17.0,17.0,0,1,0.85,-0.64,-0.88,0.27,-1.25,-0.4,0.5714285714285714
4848,2513,6.0,6.0,1,0,0.68,-0.22,0.09,0.31,0.18,0.85,0.17857142857142858
1030,2513,24.0,24.0,0,1,-0.34,-0.15,0.2,-0.85,-0.8,-1.15,0.8214285714285714
446,2513,28.0,28.0,0,1,-1.07,-0.26,-0.05,-0.77,-1.08,-2.15,0.9642857142857143
3857,2513,2.0,2.0,1,0,-0.32,0.65,1.33,0.94,2.92,2.6,0.03571428571428571
2552,2513,26.0,26.0,0,1,0.44,-0.51,-1.27,-0.05,-1.84,-1.4,0.8928571428571429
318,2513,29.0,29.0,0,1,-0.92,-1.95,0.06,-0.84,-2.73,-3.65,1.0
257,2513,15.0,15.0,0,1,-0.75,0.16,-0.07,0.51,0.6,-0.15,0.5
72,2513,4.0,4.0,1,0,0.02,0.49,1.27,0.08,1.84,1.85,0.10714285714285714
308,2513,22.0,22.0,0,1,-0.32,0.24,1.25,-1.81,-0.33,-0.65,0.75
5579,2513,24.0,24.0,0,1,-0.24,-0.09,-0.71,-0.12,-0.91,-1.15,0.8214285714285714
3740,2513,17.0,17.0,0,1,-0.18,0.8,-0.18,-0.83,-0.21,-0.4,0.5714285714285714
4483,2513,23.0,23.0,0,1,-0.53,-0.39,0.42,-0.39,-0.37,-0.9,0.7857142857142857
3470,2513,1.0,1.0,1,0,-0.11,0.41,0.65,1.65,2.71,2.6,0.0
809,2513,2.0,2.0,1,0,1.32,0.03,1.45,-0.19,1.28,2.6,0.03571428571428571
7081,2513,10.0,10.0,1,0,0.35,0.63,-0.24,-0.63,-0.24,0.1,0.32142857142857145
1359,2513,17.0,17.0,0,1,0.96,-0.85,-0.71,0.2,-1.35,-0.4,0.5714285714285714
3532,2513,17.0,17.0,0,1,-0.13,0.09,0.01,-0.36,-0.26,-0.4,0.5714285714285714
16,2504,61.0,61.0,0,0,-0.21,0.23,-1.18,-1.02,-1.97,-2.17,0.8955223880597015
388,2504,4.0,4.0,1,0,-0.04,-0.77,1.3,1.35,1.87,1.83,0.04477611940298507
4383,2504,32.0,32.0,0,0,-0.17,-0.04,0.61,-0.32,0.25,0.08,0.4626865671641791
774,2504,32.0,32.0,0,0,0.84,-0.06,-0.51,-0.19,-0.76,0.08,0.4626865671641791
1225,2504,13.0,13.0,0,1,0.41,-0.11,0.04,0.73,0.66,1.08,0.1791044776119403
1651,2504,10.0,10.0,1,0,0.99,-0.23,1.26,-0.69,0.33,1.33,0.13432835820895522
6798,2504,32.0,32.0,0,0,0.31,-0.26,-0.18,0.21,-0.23,0.08,0.4626865671641791
4638,2504,66.0,66.0,0,0,0.2,-1.83,-1.12,-0.42,-3.37,-3.17,0.9701492537313433
1222,2504,13.0,13.0,0,1,0.46,0.39,0.42,-0.19,0.62,1.08,0.1791044776119403
3596,2504,64.0,64.0,0,0,-1.01,-0.15,-1.22,-0.28,-1.66,-2.67,0.9402985074626866
3599,2504,56.0,56.0,0,0,-0.11,-0.22,-0.6,-0.24,-1.06,-1.17,0.8208955223880597
780,2504,20.0,20.0,0,1,-0.76,-0.54,0.63,1.26,1.34,0.58,0.2835820895522388
205,2504,52.0,52.0,0,0,-0.92,0.12,-1.02,0.9,0.0,-0.92,0.7611940298507462
208,2504,47.0,47.0,0,0,0.57,0.04,0.07,-1.35,-1.24,-0.67,0.6865671641791045
3449,2504,10.0,10.0,1,0,-0.29,0.78,0.79,0.05,1.61,1.33,0.13432835820895522
1097,2504,4.0,4.0,1,0,0.81,0.0,0.83,0.19,1.02,1.83,0.04477611940298507
9025,2504,10.0,10.0,1,0,-0.58,0.21,1.43,0.26,1.9,1.33,0.13432835820895522
928,2504,32.0,32.0,0,0,0.27,0.21,0.65,-1.05,-0.19,0.08,0.4626865671641791
3448,2504,1.0,1.0,1,0,1.83,0.4,0.79,1.56,2.75,4.58,0.0
5574,2504,61.0,61.0,0,0,-0.74,0.18,-0.71,-0.91,-1.44,-2.17,0.8955223880597015
3452,2504,68.0,68.0,0,0,0.13,-0.17,-2.86,-1.27,-4.3,-4.17,1.0
5882,2504,32.0,32.0,0,0,-0.79,-0.71,1.33,0.25,0.87,0.08,0.4626865671641791
3375,2504,47.0,47.0,0,0,0.81,-0.21,-0.71,-0.56,-1.48,-0.67,0.6865671641791045
301,2504,42.0,42.0,0,0,-0.55,-0.01,0.61,-0.48,0.13,-0.42,0.6119402985074627
3550,2504,24.0,24.0,0,1,-1.83,0.42,0.33,1.4,2.16,0.33,0.34328358208955223
5408,2504,47.0,47.0,0,0,0.18,-0.53,-0.07,-0.26,-0.86,-0.67,0.6865671641791045
5860,2504,24.0,24.0,0,1,0.13,0.59,-0.41,0.02,0.2,0.33,0.34328358208955223
5504,2504,56.0,56.0,0,0,-0.87,-0.28,-0.5,0.49,-0.3,-1.17,0.8208955223880597
110,2504,60.0,60.0,0,0,-0.46,-0.02,-0.37,-0.83,-1.22,-1.67,0.8805970149253731
5025,2504,24.0,24.0,0,1,-0.03,0.26,0.33,-0.24,0.35,0.33,0.34328358208955223
3598,2504,24.0,24.0,0,1,0.16,-0.43,-0.09,0.69,0.16,0.33,0.34328358208955223
1067,2504,4.0,4.0,1,0,0.47,0.32,0.82,0.2,1.35,1.83,0.04477611940298507
3317,2504,17.0,17.0,0,1,0.39,-0.41,-0.02,0.87,0.44,0.83,0.23880597014925373
1676,2504,32.0,32.0,0,0,0.97,0.57,-2.63,1.17,-0.89,0.08,0.4626865671641791
569,2504,24.0,24.0,0,1,-1.74,-0.05,1.04,1.08,2.07,0.33,0.34328358208955223
5467,2504,9.0,9.0,1,0,0.76,0.12,0.13,0.56,0.81,1.58,0.11940298507462686
4848,2504,32.0,32.0,0,0,0.19,0.31,0.0,-0.42,-0.11,0.08,0.4626865671641791
1030,2504,24.0,24.0,0,1,-0.58,0.09,0.93,-0.11,0.91,0.33,0.34328358208955223
446,2504,13.0,13.0,0,1,0.31,0.39,0.24,0.14,0.76,1.08,0.1791044776119403
3857,2504,61.0,61.0,0,0,0.02,-0.51,-1.4,-0.28,-2.19,-2.17,0.8955223880597015
2552,2504,39.0,39.0,0,0,1.94,-0.94,-0.76,-0.41,-2.11,-0.17,0.5671641791044776
318,2504,20.0,20.0,0,1,0.68,0.58,0.35,-1.03,-0.1,0.58,0.2835820895522388
1734,2504,52.0,52.0,0,0,0.19,-1.07,0.73,-0.78,-1.12,-0.92,0.7611940298507462
1077,2504,39.0,39.0,0,0,-0.93,0.42,0.89,-0.55,0.76,-0.17,0.5671641791044776
601,2504,39.0,39.0,0,0,0.57,0.27,-0.04,-0.97,-0.74,-0.17,0.5671641791044776
1293,2504,17.0,17.0,0,1,0.84,0.22,-0.21,-0.03,-0.02,0.83,0.23880597014925373
257,2504,4.0,4.0,1,0,0.88,-0.29,1.03,0.21,0.95,1.83,0.04477611940298507
3351,2504,52.0,52.0,0,0,0.58,0.29,-1.32,-0.48,-1.51,-0.92,0.7611940298507462
72,2504,2.0,2.0,1,0,0.76,0.73,1.18,1.15,3.07,3.83,0.014925373134328358
308,2504,24.0,24.0,0,1,-0.95,0.89,1.5,-1.12,1.27,0.33,0.34328358208955223
5579,2504,13.0,13.0,0,1,1.51,0.34,-0.55,-0.22,-0.43,1.08,0.1791044776119403
3740,2504,3.0,3.0,1,0,0.18,0.8,1.54,0.55,2.9,3.08,0.029850746268656716
3702,2504,59.0,59.0,0,0,-0.63,-0.1,-0.75,0.06,-0.79,-1.42,0.8656716417910447
4483,2504,17.0,17.0,0,1,0.48,0.35,-0.32,0.32,0.35,0.83,0.23880597014925373
3470,2504,42.0,42.0,0,0,-2.49,-0.44,1.36,1.15,2.06,-0.42,0.6119402985074627
809,2504,64.0,64.0,0,0,-0.45,-0.71,-0.79,-0.73,-2.23,-2.67,0.9402985074626866
962,2504,4.0,4.0,1,0,0.34,0.73,-0.07,0.82,1.48,1.83,0.04477611940298507
158,2504,47.0,47.0,0,0,-1.94,-0.45,0.73,0.98,1.26,-0.67,0.6865671641791045
9528,2504,56.0,56.0,0,0,1.1,-0.88,-0.19,-1.2,-2.28,-1.17,0.8208955223880597
7081,2504,20.0,20.0,0,1,0.67,0.46,-0.69,0.14,-0.09,0.57,0.2835820895522388
1359,2504,52.0,52.0,0,0,-0.12,-0.56,-0.42,0.18,-0.8,-0.92,0.7611940298507462
1037,2504,24.0,24.0,0,1,-0.77,0.94,-0.21,0.37,1.09,0.33,0.34328358208955223
2230,2504,66.0,66.0,0,0,-1.25,-0.16,-2.25,0.49,-1.92,-3.17,0.9701492537313433
1185,2504,42.0,42.0,0,0,-0.53,-0.24,1.04,-0.69,0.11,-0.42,0.6119402985074627
3532,2504,20.0,20.0,0,1,0.11,-0.67,0.99,0.14,0.46,0.58,0.2835820895522388
686,2504,42.0,42.0,0,0,-0.44,1.25,-1.05,-0.18,0.02,-0.42,0.6119402985074627
1748,2495,46.0,46.0,0,0,0.52,-0.06,-0.03,0.08,0.0,0.52,0.6081081081081081
5548,2495,33.0,33.0,0,0,0.05,0.74,-0.07,0.3,0.97,1.02,0.43243243243243246
4682,2495,57.0,57.0,0,0,0.91,-0.92,-0.69,0.73,-0.89,0.02,0.7567567567567568
3322,2495,33.0,33.0,0,0,0.78,0.09,-0.39,0.53,0.24,1.02,0.43243243243243246
6062,2495,14.0,14.0,0,1,0.04,0.29,1.37,0.07,1.74,1.77,0.17567567567567569
5338,2495,10.0,10.0,1,0,2.0,0.05,-0.41,0.38,0.02,2.02,0.12162162162162163
2283,2495,20.0,20.0,0,1,1.33,0.37,-1.0,0.83,0.2,1.52,0.25675675675675674
774,2495,22.0,22.0,0,1,-0.05,1.32,0.31,-0.31,1.32,1.27,0.28378378378378377
1651,2495,5.0,5.0,1,0,0.97,0.39,0.53,0.39,1.31,2.27,0.05405405405405406
1222,2495,3.0,3.0,1,0,1.82,0.49,-0.15,0.36,0.7,2.52,0.02702702702702703
1673,2495,5.0,5.0,1,0,0.77,-0.03,0.89,0.64,1.5,2.27,0.05405405405405406
3599,2495,46.0,46.0,0,0,-0.44,0.05,0.3,0.61,0.96,0.52,0.6081081081081081
713,2495,71.0,71.0,0,0,-0.82,0.12,-0.28,0.26,0.09,-0.73,0.9459459459459459
68,2495,57.0,57.0,0,0,-0.72,0.01,0.47,0.26,0.74,0.02,0.7567567567567568
5704,2495,57.0,57.0,0,0,-0.45,0.15,0.39,-0.07,0.47,0.02,0.7567567567567568
3449,2495,46.0,46.0,0,0,-0.13,0.67,-0.44,0.42,0.65,0.52,0.6081081081081081
5532,2495,42.0,42.0,0,0,-0.14,-0.3,0.31,0.9,0.91,0.77,0.5540540540540541
1121,2495,33.0,33.0,0,0,-0.31,0.07,0.29,0.97,1.33,1.02,0.43243243243243246
1352,2495,68.0,68.0,0,0,-0.15,-0.14,0.47,-0.65,-0.32,-0.48,0.9054054054054054
1196,2495,14.0,14.0,0,1,0.07,1.42,0.66,-0.38,1.71,1.77,0.17567567567567569
540,2495,33.0,33.0,0,0,0.46,1.05,-0.15,-0.34,0.56,1.02,0.43243243243243246
74,2495,33.0,33.0,0,0,0.5,0.43,-0.22,0.32,0.53,1.02,0.43243243243243246
301,2495,5.0,5.0,1,0,1.18,-0.32,0.98,0.43,1.09,2.27,0.05405405405405406
328,2495,22.0,22.0,0,1,-0.25,0.11,0.79,0.63,1.52,1.27,0.28378378378378377
5408,2495,46.0,46.0,0,0,-0.39,0.1,0.56,0.25,0.91,0.52,0.6081081081081081
5860,2495,3.0,3.0,1,0,-0.06,0.49,0.66,1.42,2.58,2.52,0.02702702702702703
3856,2495,33.0,33.0,0,0,0.44,0.19,-0.41,0.8,0.58,1.02,0.43243243243243246
110,2495,22.0,22.0,0,1,-0.37,0.44,0.8,0.41,1.65,1.27,0.28378378378378377
153,2495,10.0,10.0,1,0,0.24,0.0,1.52,0.26,1.78,2.02,0.12162162162162163
5797,2495,63.0,63.0,0,0,0.11,0.29,-0.36,-0.27,-0.34,-0.23,0.8378378378378378
243,2495,22.0,22.0,0,1,-0.68,-0.01,1.71,0.25,1.95,1.27,0.28378378378378377
1265,2495,5.0,5.0,1,0,1.63,0.15,1.28,-0.79,0.64,2.27,0.05405405405405406
4513,2495,46.0,46.0,0,0,0.3,0.48,-0.5,0.25,0.22,0.52,0.6081081081081081
2552,2495,10.0,10.0,1,0,0.97,-0.06,0.64,0.47,1.06,2.02,0.12162162162162163
6689,2495,57.0,57.0,0,0,-0.46,0.19,0.12,0.17,0.49,0.02,0.7567567567567568
318,2495,10.0,10.0,1,0,0.82,0.15,1.0,0.05,1.2,2.02,0.12162162162162163
1778,2495,14.0,14.0,0,1,0.35,-0.3,1.14,0.58,1.42,1.77,0.17567567567567569
601,2495,2.0,2.0,1,0,-0.31,0.43,3.5,-0.85,3.09,2.77,0.013513513513513514
676,2495,22.0,22.0,0,1,1.2,0.03,-0.62,0.66,0.07,1.27,0.28378378378378377
8974,2495,75.0,75.0,0,0,-0.82,-0.22,-1.16,-0.03,-1.41,-2.23,1.0
2571,2495,63.0,63.0,0,0,0.31,-0.12,-0.11,-0.3,-0.54,-0.23,0.8378378378378378
479,2495,72.0,72.0,0,0,-0.69,-0.26,-0.27,0.25,-0.28,-0.98,0.9594594594594594
3980,2495,53.0,53.0,0,0,-0.33,-0.1,1.02,-0.32,0.6,0.27,0.7027027027027027
5692,2495,42.0,42.0,0,0,0.49,0.49,-0.75,0.54,0.28,0.77,0.5540540540540541
5579,2495,22.0,22.0,0,1,0.74,0.01,0.83,-0.3,0.53,1.27,0.28378378378378377
4321,2495,5.0,5.0,1,0,1.69,0.47,-0.26,0.38,0.59,2.27,0.05405405405405406
3740,2495,20.0,20.0,0,1,0.52,-0.05,0.5,0.56,1.01,1.52,0.25675675675675674
3702,2495,22.0,22.0,0,1,0.16,0.47,0.06,0.57,1.11,1.27,0.28378378378378377
1254,2495,22.0,22.0,0,1,-0.07,0.42,0.42,0.5,1.34,1.27,0.28378378378378377
3948,2495,53.0,53.0,0,0,-0.19,0.47,-0.08,0.07,0.46,0.27,0.7027027027027027
5409,2495,46.0,46.0,0,0,0.42,-0.39,-0.15,0.63,0.1,0.52,0.6081081081081081
809,2495,53.0,53.0,0,0,-0.36,0.05,0.43,0.15,0.64,0.27,0.7027027027027027
5619,2495,33.0,33.0,0,0,0.13,-0.26,1.18,-0.02,0.9,1.02,0.43243243243243246
4591,2495,33.0,33.0,0,0,0.51,-0.33,-0.04,0.88,0.52,1.02,0.43243243243243246
78,2495,14.0,14.0,0,1,0.1,-0.07,1.23,0.51,1.67,1.77,0.17567567567567569
4449,2495,46.0,46.0,0,0,-0.39,-0.33,0.24,1.01,0.92,0.52,0.6081081081081081
7081,2495,1.0,1.0,1,0,0.18,0.09,2.29,1.46,3.84,4.02,0.0
5506,2495,14.0,14.0,0,1,1.92,0.09,-0.49,0.25,-0.15,1.77,0.17567567567567569
4587,2495,42.0,42.0,0,0,0.87,0.21,-0.28,-0.03,-0.1,0.77,0.5540540540540541
1359,2495,22.0,22.0,0,1,0.91,0.14,-0.33,0.54,0.36,1.27,0.28378378378378377
1037,2495,63.0,63.0,0,0,-0.8,0.11,0.19,0.28,0.58,-0.23,0.8378378378378378
1613,2495,68.0,68.0,0,0,-0.62,-0.35,0.52,-0.03,0.14,-0.48,0.9054054054054054
4643,2495,14.0,14.0,0,1,-0.11,0.3,1.45,0.13,1.88,1.77,0.17567567567567569
3970,2495,74.0,74.0,0,0,-0.44,0.19,-0.53,-0.45,-0.79,-1.23,0.9864864864864865
1157,2495,22.0,22.0,0,1,0.16,0.76,0.5,-0.14,1.12,1.27,0.28378378378378377
1614,2495,72.0,72.0,0,0,-0.92,0.36,-0.36,-0.05,-0.06,-0.98,0.9594594594594594
9261,2510,27.0,27.0,0,1,0.01,0.83,0.03,0.37,1.23,1.24,0.3611111111111111
1748,2510,64.0,64.0,0,0,1.12,-0.46,-0.95,-0.21,-1.63,-0.51,0.875
5548,2510,8.0,8.0,1,0,0.4,0.32,0.72,0.8,1.85,2.24,0.09722222222222222
4682,2510,8.0,8.0,1,0,1.44,-0.33,0.61,0.52,0.8,2.24,0.09722222222222222
5951,2510,16.0,16.0,0,1,1.31,-0.82,0.41,0.85,0.44,1.74,0.20833333333333334
3322,2510,52.0,52.0,0,0,0.79,0.43,-1.35,0.38,-0.54,0.24,0.7083333333333334
1712,2510,67.0,67.0,0,0,0.6,-0.92,-1.3,0.87,-1.36,-0.76,0.9166666666666666
10577,2510,16.0,16.0,0,1,0.07,-0.22,0.96,0.93,1.67,1.74,0.20833333333333334
6062,2510,40.0,40.0,0,0,-0.06,-0.36,1.36,-0.2,0.8,0.74,0.5416666666666666
1626,2510,47.0,47.0,0,0,0.58,-0.48,0.26,0.15,-0.08,0.49,0.6388888888888888
5338,2510,8.0,8.0,1,0,0.42,0.01,0.66,1.15,1.82,2.24,0.09722222222222222
4638,2510,2.0,2.0,1,0,2.9,0.04,1.05,-0.25,0.84,3.74,0.013888888888888888
713,2510,47.0,47.0,0,0,-1.1,-0.15,0.7,1.04,1.6,0.49,0.6388888888888888
10442,2510,22.0,22.0,0,1,0.93,0.19,0.42,-0.05,0.56,1.49,0.2916666666666667
9131,2510,22.0,22.0,0,1,-0.25,0.04,1.35,0.35,1.74,1.49,0.2916666666666667
9131,2510,0.0,22.0,0,1,-0.54,-1.34,-0.65,-0.8,-2.8,-3.34,0.2916666666666667
7004,2510,34.0,34.0,0,0,1.05,-0.34,0.33,-0.05,-0.05,0.99,0.4583333333333333
328,2510,16.0,16.0,0,1,0.36,0.92,0.98,-0.52,1.38,1.74,0.20833333333333334
5573,2510,27.0,27.0,0,1,0.97,-0.63,0.08,0.83,0.27,1.24,0.3611111111111111
5504,2510,47.0,47.0,0,0,1.05,-0.32,-0.28,0.05,-0.55,0.49,0.6388888888888888
1173,2510,56.0,56.0,0,0,0.3,-0.4,-0.05,0.14,-0.31,-0.01,0.7638888888888888
9571,2510,72.0,72.0,0,0,-0.18,0.35,-1.39,-0.04,-1.07,-1.26,0.9861111111111112
5797,2510,64.0,64.0,0,0,-0.53,-0.69,-0.1,0.81,0.02,-0.51,0.875
1676,2510,34.0,34.0,0,0,0.59,1.0,-1.43,0.83,0.4,0.99,0.4583333333333333
9780,2510,14.0,14.0,0,1,1.12,0.72,-0.65,0.81,0.87,1.99,0.18055555555555555
1265,2510,5.0,5.0,1,0,0.17,-0.05,1.58,0.79,2.33,2.49,0.05555555555555555
4513,2510,22.0,22.0,0,1,-1.42,1.05,1.04,0.82,2.91,1.49,0.2916666666666667
6689,2510,5.0,5.0,1,0,0.82,0.53,0.56,0.59,1.67,2.49,0.05555555555555555
318,2510,8.0,8.0,1,0,-0.18,0.5,1.97,-0.05,2.42,2.24,0.09722222222222222
1778,2510,22.0,22.0,0,1,-0.02,-0.19,1.18,0.53,1.52,1.49,0.2916666666666667
1059,2510,56.0,56.0,0,0,-0.92,-0.22,0.68,0.45,0.91,-0.01,0.7638888888888888
4781,2510,3.0,3.0,1,0,0.4,0.24,1.65,0.7,2.6,2.99,0.027777777777777776
1367,2510,27.0,27.0,0,1,1.74,-0.02,-0.3,-0.17,-0.5,1.24,0.3611111111111111
8974,2510,47.0,47.0,0,0,0.28,0.94,0.13,-0.84,0.22,0.49,0.6388888888888888
479,2510,64.0,64.0,0,0,-0.48,0.08,0.11,-0.22,-0.03,-0.51,0.875
5692,2510,27.0,27.0,0,1,2.17,-0.74,0.23,-0.41,-0.92,1.24,0.3611111111111111
6825,2510,27.0,27.0,0,1,1.31,-0.08,-0.52,0.52,-0.07,1.24,0.3611111111111111
801,2510,5.0,5.0,1,0,0.31,0.93,1.15,0.11,2.19,2.49,0.05555555555555555
1254,2510,22.0,22.0,0,1,-0.11,0.55,0.04,1.01,1.6,1.49,0.2916666666666667
809,2510,1.0,1.0,1,0,1.2,0.21,2.31,0.53,3.04,4.24,0.0
1733,2510,70.0,70.0,0,0,0.02,1.12,-0.99,-1.16,-1.03,-1.01,0.9583333333333334
335,2510,73.0,73.0,0,0,-0.95,-0.84,-0.26,0.29,-0.81,-1.76,1.0
377,2510,62.0,62.0,0,0,-1.16,0.18,0.38,0.34,0.9,-0.26,0.8472222222222222
9531,2510,27.0,27.0,0,1,0.48,0.28,0.82,-0.34,0.76,1.24,0.3611111111111111
11,2510,40.0,40.0,0,0,-0.27,0.47,0.46,0.08,1.01,0.74,0.5416666666666666
4591,2510,16.0,16.0,0,1,0.48,0.34,0.58,0.35,1.27,1.74,0.20833333333333334
78,2510,40.0,40.0,0,0,-0.56,-0.61,1.73,0.18,1.31,0.74,0.5416666666666666
4449,2510,14.0,14.0,0,1,0.39,0.4,0.78,0.43,1.61,1.99,0.18055555555555555
5506,2510,40.0,40.0,0,0,-0.58,0.54,0.13,0.66,1.33,0.74,0.5416666666666666
1170,2510,8.0,8.0,1,0,-0.11,0.19,0.96,1.2,2.35,2.24,0.09722222222222222
307,2510,40.0,40.0,0,0,0.23,0.06,0.03,0.42,0.51,0.74,0.5416666666666666
3378,2510,16.0,16.0,0,1,-0.19,0.28,0.68,0.97,1.93,1.74,0.20833333333333334
4643,2510,40.0,40.0,0,0,0.46,0.16,-0.12,0.26,0.29,0.74,0.5416666666666666
412,2510,52.0,52.0,0,0,-0.05,0.1,-0.01,0.2,0.29,0.24,0.7083333333333334
198,2510,62.0,62.0,0,0,0.54,-0.16,-1.06,0.42,-0.79,-0.26,0.8472222222222222
3970,2510,56.0,56.0,0,0,0.47,-0.54,-0.34,0.41,-0.47,-0.01,0.7638888888888888
10360,2510,8.0,8.0,1,0,-0.2,0.1,2.37,-0.02,2.44,2.24,0.09722222222222222
7082,2510,3.0,3.0,1,0,0.79,0.22,1.8,0.18,2.21,2.99,0.027777777777777776
1366,2510,56.0,56.0,0,0,0.45,-0.51,1.01,-0.95,-0.46,-0.01,0.7638888888888888
9040,2510,56.0,56.0,0,0,0.2,0.29,-0.3,-0.2,-0.21,-0.01,0.7638888888888888
686,2510,34.0,34.0,0,0,0.81,0.26,0.12,-0.2,0.18,0.99,0.4583333333333333
9261,2503,56.0,56.0,0,0,-0.62,0.68,-0.11,0.19,0.76,0.15,0.7971014492753623
16,2503,34.0,34.0,0,0,1.06,0.38,-0.28,-0.26,-0.16,0.9,0.4782608695652174
512,2503,11.0,11.0,0,1,0.78,0.22,0.16,0.48,0.87,1.65,0.14492753623188406
1748,2503,17.0,17.0,0,1,0.59,0.21,-0.14,0.73,0.8,1.4,0.2318840579710145
6062,2503,25.0,25.0,0,1,1.76,-1.29,-0.05,0.74,-0.61,1.15,0.34782608695652173
5338,2503,70.0,70.0,0,0,-1.25,0.91,0.18,-0.94,0.15,-1.1,1.0
10046,2503,47.0,47.0,0,0,0.05,0.59,-0.09,-0.15,0.35,0.4,0.6666666666666666
6798,2503,9.0,9.0,1,0,1.7,0.02,-0.23,0.41,0.2,1.9,0.11594202898550725
3596,2503,17.0,17.0,0,1,0.39,-0.55,0.84,0.72,1.01,1.4,0.2318840579710145
3599,2503,38.0,38.0,0,0,0.28,0.59,-0.88,0.65,0.37,0.65,0.5362318840579711
780,2503,25.0,25.0,0,1,-0.06,-0.34,0.83,0.71,1.2,1.15,0.34782608695652173
205,2503,25.0,25.0,0,1,-0.18,-0.25,0.41,1.17,1.32,1.15,0.34782608695652173
5532,2503,17.0,17.0,0,1,0.76,0.57,-0.27,0.33,0.64,1.4,0.2318840579710145
1121,2503,47.0,47.0,0,0,0.09,0.06,0.8,-0.55,0.31,0.4,0.6666666666666666
769,2503,47.0,47.0,0,0,-0.57,0.78,0.27,-0.09,0.96,0.4,0.6666666666666666
9131,2503,34.0,34.0,0,0,0.63,-0.74,0.88,0.13,0.27,0.9,0.4782608695652174
1352,2503,38.0,38.0,0,0,0.6,0.19,-0.39,0.24,0.05,0.65,0.5362318840579711
9025,2503,5.0,5.0,1,0,0.6,-0.24,1.71,0.08,1.55,2.15,0.057971014492753624
7004,2503,38.0,38.0,0,0,-0.02,0.28,0.25,0.14,0.67,0.65,0.5362318840579711
3452,2503,11.0,11.0,0,1,1.23,0.36,-0.13,0.18,0.41,1.65,0.14492753623188406
123,2503,47.0,47.0,0,0,-0.62,0.11,0.42,0.48,1.02,0.4,0.6666666666666666
1483,2503,47.0,47.0,0,0,0.23,0.29,-0.28,0.16,0.17,0.4,0.6666666666666666
74,2503,47.0,47.0,0,0,0.14,0.72,-0.5,0.04,0.26,0.4,0.6666666666666666
3550,2503,38.0,38.0,0,0,-0.53,0.01,0.08,1.09,1.18,0.65,0.5362318840579711
957,2503,70.0,70.0,0,0,-1.76,0.26,-0.17,0.56,0.66,-1.1,1.0
5573,2503,25.0,25.0,0,1,-0.19,-0.07,1.31,0.1,1.34,1.15,0.34782608695652173
5504,2503,38.0,38.0,0,0,0.18,-0.91,1.41,-0.03,0.47,0.65,0.5362318840579711
153,2503,5.0,5.0,1,0,1.52,-0.23,1.07,-0.21,0.62,2.15,0.057971014492753624
243,2503,2.0,2.0,1,0,1.21,-0.24,1.07,0.61,1.43,2.65,0.014492753623188406
3317,2503,34.0,34.0,0,0,-0.24,-0.34,0.96,0.52,1.13,0.9,0.4782608695652174
9780,2503,25.0,25.0,0,1,-0.46,0.16,0.84,0.61,1.61,1.15,0.34782608695652173
710,2503,56.0,56.0,0,0,-0.17,-0.01,-0.26,0.59,0.32,0.15,0.7971014492753623
4848,2503,3.0,3.0,1,0,0.03,0.51,1.37,0.5,2.37,2.4,0.028985507246376812
4513,2503,25.0,25.0,0,1,0.07,1.1,0.38,-0.41,1.08,1.15,0.34782608695652173
1293,2503,17.0,17.0,0,1,0.68,0.35,-0.2,0.56,0.72,1.4,0.2318840579710145
1367,2503,64.0,64.0,0,0,0.15,-0.35,-0.27,0.13,-0.5,-0.35,0.9130434782608695
257,2503,17.0,17.0,0,1,0.56,0.1,0.51,0.23,0.84,1.4,0.2318840579710145
2571,2503,62.0,62.0,0,0,1.25,-0.3,-0.67,-0.38,-1.35,-0.1,0.8840579710144928
3351,2503,9.0,9.0,1,0,0.9,-0.21,0.05,1.15,0.99,1.9,0.11594202898550725
3792,2503,64.0,64.0,0,0,0.65,0.14,-0.28,-0.86,-1.0,-0.35,0.9130434782608695
72,2503,17.0,17.0,0,1,0.34,-0.25,0.38,0.92,1.05,1.4,0.2318840579710145
186,2503,64.0,64.0,0,0,0.22,-0.01,0.57,-1.12,-0.57,-0.35,0.9130434782608695
5579,2503,11.0,11.0,0,1,0.32,0.28,0.55,0.5,1.32,1.65,0.14492753623188406
6825,2503,3.0,3.0,1,0,1.24,0.58,0.01,0.56,1.16,2.4,0.028985507246376812
801,2503,68.0,68.0,0,0,0.32,0.3,-0.74,-0.48,-0.92,-0.6,0.9710144927536232
1254,2503,5.0,5.0,1,0,0.68,-0.24,1.01,0.71,1.47,2.15,0.057971014492753624
167,2503,47.0,47.0,0,0,0.42,0.72,-0.09,-0.65,-0.02,0.4,0.6666666666666666
5409,2503,11.0,11.0,0,1,0.15,0.42,0.88,0.2,1.5,1.65,0.14492753623188406
4483,2503,1.0,1.0,1,0,0.72,0.08,1.47,0.62,2.18,2.9,0.0
809,2503,17.0,17.0,0,1,-0.12,0.26,0.5,0.75,1.52,1.4,0.2318840579710145
335,2503,38.0,38.0,0,0,0.05,0.61,-0.02,0.01,0.59,0.65,0.5362318840579711
377,2503,56.0,56.0,0,0,0.37,-0.34,-0.08,0.2,-0.22,0.15,0.7971014492753623
11,2503,47.0,47.0,0,0,1.1,0.32,-1.33,0.31,-0.7,0.4,0.6666666666666666
4591,2503,25.0,25.0,0,1,0.34,0.8,-0.71,0.72,0.81,1.15,0.34782608695652173
4449,2503,70.0,70.0,0,0,0.72,-0.37,0.31,-1.77,-1.82,-1.1,1.0
7081,2503,25.0,25.0,0,1,-1.56,0.61,1.41,0.68,2.7,1.15,0.34782608695652173
4267,2503,38.0,38.0,0,0,0.78,0.51,0.11,-0.75,-0.14,0.65,0.5362318840579711
4643,2503,11.0,11.0,0,1,-0.57,0.7,1.16,0.36,2.22,1.65,0.14492753623188406
2230,2503,25.0,25.0,0,1,-0.46,0.75,-0.2,1.05,1.6,1.15,0.34782608695652173
5553,2503,17.0,17.0,0,1,0.39,-0.29,0.51,0.78,1.0,1.4,0.2318840579710145
3295,2503,5.0,5.0,1,0,1.43,-0.19,0.82,0.08,0.72,2.15,0.057971014492753624
392,2503,56.0,56.0,0,0,-0.77,0.2,0.59,0.12,0.91,0.15,0.7971014492753623
1185,2503,38.0,38.0,0,0,0.22,0.17,0.22,0.04,0.43,0.65,0.5362318840579711
1614,2503,34.0,34.0,0,0,-1.37,0.26,1.76,0.25,2.27,0.9,0.4782608695652174
9040,2503,62.0,62.0,0,0,0.03,-0.21,-0.34,0.42,-0.13,-0.1,0.8840579710144928
686,2503,47.0,47.0,0,0,1.2,0.03,-0.56,-0.27,-0.8,0.4,0.6666666666666666
16,2507,49.0,49.0,0,0,0.12,0.24,0.13,0.16,0.53,0.66,0.5647058823529412
3832,2507,49.0,49.0,0,0,0.97,0.52,-0.08,-0.75,-0.31,0.66,0.5647058823529412
388,2507,18.0,18.0,0,1,-0.18,-0.24,0.97,1.1,1.83,1.66,0.2
5956,2507,49.0,49.0,0,0,0.28,0.28,0.03,0.07,0.37,0.66,0.5647058823529412
4383,2507,4.0,4.0,1,0,-0.32,0.2,2.26,0.52,2.98,2.66,0.03529411764705882
774,2507,56.0,56.0,0,0,-0.13,0.21,0.46,-0.14,0.53,0.41,0.6470588235294118
1651,2507,79.0,79.0,0,0,-1.77,0.42,0.68,-0.18,0.92,-0.84,0.9176470588235294
6798,2507,4.0,4.0,1,0,1.79,-0.17,0.61,0.43,0.87,2.66,0.03529411764705882
1222,2507,56.0,56.0,0,0,-0.89,0.46,1.07,-0.25,1.29,0.41,0.6470588235294118
3599,2507,79.0,79.0,0,0,-0.54,-0.55,0.69,-0.44,-0.3,-0.84,0.9176470588235294
780,2507,60.0,60.0,0,0,-0.34,0.02,-0.63,1.1,0.49,0.16,0.6941176470588235
1793,2507,70.0,70.0,0,0,0.35,0.28,-0.73,-0.25,-0.7,-0.34,0.8117647058823529
1097,2507,42.0,42.0,0,0,-0.17,0.69,-0.15,0.53,1.07,0.91,0.4823529411764706
4645,2507,84.0,84.0,0,0,-0.45,-0.11,-0.34,-0.19,-0.64,-1.09,0.9764705882352941
9025,2507,73.0,73.0,0,0,0.22,0.24,-0.93,-0.13,-0.82,-0.59,0.8470588235294118
3950,2507,56.0,56.0,0,0,-1.07,0.21,0.84,0.42,1.47,0.41,0.6470588235294118
5574,2507,22.0,22.0,0,1,1.09,0.09,0.07,0.16,0.32,1.41,0.24705882352941178
3452,2507,3.0,3.0,1,0,2.03,0.0,0.4,0.47,0.88,2.91,0.023529411764705882
4304,2507,79.0,79.0,0,0,-0.68,-0.5,0.15,0.19,-0.16,-0.84,0.9176470588235294
123,2507,66.0,66.0,0,0,0.75,-0.04,-0.51,-0.3,-0.84,-0.09,0.7647058823529411
5882,2507,13.0,13.0,0,1,0.9,-0.1,0.51,0.59,1.0,1.91,0.1411764705882353
540,2507,73.0,73.0,0,0,0.63,-0.24,-0.38,-0.6,-1.22,-0.59,0.8470588235294118
1483,2507,22.0,22.0,0,1,0.48,-0.19,0.5,0.62,0.93,1.41,0.24705882352941178
5076,2507,60.0,60.0,0,0,-0.19,0.28,-0.03,0.09,0.35,0.16,0.6941176470588235
5408,2507,60.0,60.0,0,0,0.71,-0.22,0.57,-0.9,-0.55,0.16,0.6941176470588235
5860,2507,4.0,4.0,1,0,-0.57,0.38,1.73,1.12,3.23,2.66,0.03529411764705882
576,2507,7.0,7.0,1,0,-0.71,0.21,2.43,0.48,3.12,2.41,0.07058823529411765
1680,2507,2.0,2.0,1,0,1.46,-0.07,1.71,0.56,2.2,3.66,0.011764705882352941
110,2507,60.0,60.0,0,0,-0.4,0.27,0.46,-0.18,0.56,0.16,0.6941176470588235
153,2507,73.0,73.0,0,0,-0.19,0.59,-0.78,-0.21,-0.41,-0.59,0.8470588235294118
5025,2507,70.0,70.0,0,0,-0.77,-0.37,0.79,0.0,0.42,-0.34,0.8117647058823529
3317,2507,49.0,49.0,0,0,-0.09,-0.25,0.34,0.64,0.74,0.66,0.5647058823529412
4831,2507,33.0,33.0,0,0,0.35,0.94,-0.19,0.05,0.81,1.16,0.3764705882352941
569,2507,22.0,22.0,0,1,0.95,0.71,-0.66,0.4,0.45,1.41,0.24705882352941178
710,2507,18.0,18.0,0,1,1.38,-0.05,0.14,0.19,0.28,1.66,0.2
5467,2507,13.0,13.0,0,1,0.3,0.08,1.29,0.24,1.6,1.91,0.1411764705882353
4848,2507,66.0,66.0,0,0,-0.84,0.07,0.39,0.28,0.75,-0.09,0.7647058823529411
1030,2507,22.0,22.0,0,1,0.64,-0.06,0.11,0.72,0.77,1.41,0.24705882352941178
446,2507,1.0,1.0,1,0,1.3,1.23,1.0,0.37,2.6,3.91,0.0
5771,2507,66.0,66.0,0,0,-0.19,0.12,-0.23,0.21,0.1,-0.09,0.7647058823529411
4513,2507,42.0,42.0,0,0,-0.1,-0.08,0.36,0.73,1.01,0.91,0.4823529411764706
77,2507,22.0,22.0,0,1,0.79,-0.29,0.84,0.07,0.62,1.41,0.24705882352941178
2552,2507,18.0,18.0,0,1,0.82,-0.24,0.98,0.09,0.84,1.66,0.2
318,2507,22.0,22.0,0,1,0.86,-0.27,1.04,-0.23,0.55,1.41,0.24705882352941178
1734,2507,22.0,22.0,0,1,0.87,-0.17,0.04,0.67,0.53,1.41,0.24705882352941178
1293,2507,22.0,22.0,0,1,-0.72,-0.33,1.94,0.52,2.13,1.41,0.24705882352941178
455,2507,85.0,85.0,0,0,-1.43,-0.32,0.21,0.19,0.08,-1.34,0.9882352941176471
9037,2507,49.0,49.0,0,0,1.02,-0.35,-0.23,0.22,-0.36,0.66,0.5647058823529412
1367,2507,79.0,79.0,0,0,1.0,0.0,-1.26,-0.59,-1.84,-0.84,0.9176470588235294
3670,2507,7.0,7.0,1,0,1.75,-0.04,0.62,0.08,0.66,2.41,0.07058823529411765
3351,2507,60.0,60.0,0,0,0.44,0.39,-0.26,-0.42,-0.29,0.16,0.6941176470588235
72,2507,10.0,10.0,1,0,0.43,-0.41,1.57,0.57,1.73,2.16,0.10588235294117647
186,2507,13.0,13.0,0,1,0.95,0.1,0.53,0.32,0.95,1.9,0.1411764705882353
3980,2507,49.0,49.0,0,0,-0.37,0.2,1.75,-0.92,1.03,0.66,0.5647058823529412
308,2507,33.0,33.0,0,0,0.1,0.33,0.82,-0.1,1.06,1.16,0.3764705882352941
5579,2507,13.0,13.0,0,1,0.58,0.08,1.17,0.07,1.32,1.91,0.1411764705882353
29,2507,73.0,73.0,0,0,-0.56,0.38,-0.87,0.46,-0.03,-0.59,0.8470588235294118
4321,2507,49.0,49.0,0,0,0.79,-0.42,-0.08,0.36,-0.14,0.66,0.5647058823529412
3740,2507,66.0,66.0,0,0,-0.51,-0.66,0.31,0.76,0.41,-0.09,0.7647058823529411
3702,2507,33.0,33.0,0,0,-0.29,0.95,-0.41,0.9,1.44,1.16,0.3764705882352941
5409,2507,22.0,22.0,0,1,0.6,-0.21,0.44,0.57,0.81,1.41,0.24705882352941178
4483,2507,22.0,22.0,0,1,0.05,0.06,1.12,0.18,1.36,1.41,0.24705882352941178
809,2507,70.0,70.0,0,0,-0.4,0.52,-0.05,-0.42,0.06,-0.34,0.8117647058823529
962,2507,42.0,42.0,0,0,-0.01,-0.02,0.53,0.4,0.92,0.91,0.4823529411764706
5619,2507,7.0,7.0,1,0,0.2,0.87,1.39,-0.06,2.21,2.41,0.07058823529411765
1178,2507,42.0,42.0,0,0,0.51,0.4,-0.15,0.15,0.39,0.91,0.4823529411764706
412,2507,42.0,42.0,0,0,0.09,1.83,0.03,-1.04,0.82,0.91,0.4823529411764706
5553,2507,10.0,10.0,1,0,0.13,0.91,0.92,0.19,2.02,2.16,0.10588235294117647
9031,2507,86.0,86.0,0,0,-1.1,-0.32,-0.67,0.0,-0.99,-2.09,1.0
1185,2507,33.0,33.0,0,0,0.43,0.21,0.33,0.18,0.73,1.16,0.3764705882352941
3532,2507,10.0,10.0,1,0,1.47,0.37,-0.78,1.1,0.69,2.16,0.10588235294117647
1614,2507,13.0,13.0,0,1,0.25,0.16,0.95,0.55,1.66,1.91,0.1411764705882353
4712,2507,33.0,33.0,0,0,2.32,-0.55,-0.65,0.03,-1.17,1.16,0.3764705882352941
686,2507,33.0,33.0,0,0,0.6,-0.19,1.15,-0.4,0.55,1.16,0.3764705882352941
512,2509,5.0,5.0,1,0,0.3,0.91,1.52,-0.06,2.37,2.67,0.05063291139240506
5548,2509,49.0,49.0,0,0,-0.53,0.46,0.25,0.24,0.95,0.42,0.6075949367088608
6062,2509,63.0,63.0,0,0,0.02,0.08,-0.2,0.01,-0.11,-0.08,0.7848101265822784
5338,2509,49.0,49.0,0,0,0.53,-0.39,-0.25,0.52,-0.12,0.42,0.6075949367088608
693,2509,9.0,9.0,1,0,0.89,0.94,0.84,-0.26,1.53,2.42,0.10126582278481013
1758,2509,26.0,26.0,0,1,0.94,0.83,-0.17,-0.19,0.47,1.42,0.31645569620253167
1225,2509,23.0,23.0,0,1,0.24,0.46,0.1,0.88,1.43,1.67,0.27848101265822783
1222,2509,5.0,5.0,1,0,1.34,0.44,0.15,0.73,1.32,2.67,0.05063291139240506
1673,2509,49.0,49.0,0,0,0.17,0.68,-0.2,-0.23,0.25,0.42,0.6075949367088608
68,2509,26.0,26.0,0,1,0.14,0.77,0.37,0.13,1.27,1.42,0.31645569620253167
9126,2509,80.0,80.0,0,0,-1.26,-0.2,-1.07,-0.3,-1.57,-2.83,1.0
5704,2509,43.0,43.0,0,0,0.1,-0.29,1.41,-0.56,0.56,0.67,0.5316455696202531
3449,2509,14.0,14.0,0,1,1.16,0.51,0.46,-0.22,0.76,1.92,0.16455696202531644
5532,2509,49.0,49.0,0,0,0.06,-0.72,0.22,0.85,0.36,0.42,0.6075949367088608
1121,2509,26.0,26.0,0,1,-1.5,1.18,1.71,0.03,2.92,1.42,0.31645569620253167
769,2509,14.0,14.0,0,1,0.86,-0.08,1.35,-0.21,1.06,1.92,0.16455696202531644
1352,2509,38.0,38.0,0,0,1.43,-0.38,0.22,-0.35,-0.51,0.92,0.46835443037974683
4645,2509,14.0,14.0,0,1,0.93,0.92,0.43,-0.36,0.98,1.92,0.16455696202531644
1264,2509,49.0,49.0,0,0,0.32,1.03,-0.12,-0.81,0.09,0.42,0.6075949367088608
7004,2509,76.0,76.0,0,0,-1.12,-0.08,-0.38,0.25,-0.22,-1.33,0.9493670886075949
3577,2509,43.0,43.0,0,0,-0.3,0.13,1.08,-0.24,0.97,0.67,0.5316455696202531
3448,2509,2.0,2.0,1,0,0.84,0.34,-0.02,1.75,2.08,2.92,0.012658227848101266
3950,2509,32.0,32.0,0,0,-0.24,-0.3,1.33,0.38,1.41,1.17,0.3924050632911392
3950,2509,77.0,32.0,0,0,-1.18,0.01,-0.19,-0.48,-0.66,-1.83,0.3924050632911392
123,2509,65.0,65.0,0,0,0.06,-0.13,-0.54,0.29,-0.39,-0.33,0.810126582278481
5882,2509,43.0,43.0,0,0,-0.19,-0.08,0.63,0.32,0.86,0.67,0.5316455696202531
74,2509,70.0,70.0,0,0,-0.01,0.17,0.57,-1.31,-0.57,-0.58,0.8734177215189873
5076,2509,32.0,32.0,0,0,0.64,0.63,-0.67,0.57,0.53,1.17,0.3924050632911392
328,2509,9.0,9.0,1,0,0.22,0.89,1.04,0.27,2.2,2.42,0.10126582278481013
5573,2509,59.0,59.0,0,0,-1.21,0.42,-0.4,1.36,1.38,0.17,0.7341772151898734
5504,2509,14.0,14.0,0,1,-0.34,-0.12,2.06,0.32,2.26,1.92,0.16455696202531644
1680,2509,14.0,14.0,0,1,0.4,1.0,-0.03,0.55,1.52,1.92,0.16455696202531644
153,2509,13.0,13.0,0,1,0.42,1.21,0.26,0.27,1.75,2.17,0.1518987341772152
243,2509,26.0,26.0,0,1,-0.92,1.4,1.16,-0.23,2.33,1.42,0.31645569620253167
9780,2509,2.0,2.0,1,0,0.94,0.44,-0.07,1.61,1.98,2.92,0.012658227848101266
710,2509,23.0,23.0,0,1,0.29,0.1,0.98,0.3,1.38,1.67,0.27848101265822783
1030,2509,1.0,1.0,1,0,0.43,0.74,1.07,0.93,2.74,3.17,0.0
1265,2509,43.0,43.0,0,0,-0.01,0.46,0.37,-0.15,0.68,0.67,0.5316455696202531
446,2509,14.0,14.0,0,1,0.58,0.18,0.95,0.21,1.34,1.92,0.16455696202531644
77,2509,38.0,38.0,0,0,1.12,-0.28,0.64,-0.56,-0.2,0.92,0.46835443037974683
745,2509,49.0,49.0,0,0,0.08,0.21,0.24,-0.12,0.33,0.42,0.6075949367088608
2552,2509,26.0,26.0,0,1,2.54,-0.95,-0.15,-0.02,-1.12,1.42,0.31645569620253167
6689,2509,26.0,26.0,0,1,0.14,0.12,0.35,0.81,1.28,1.42,0.31645569620253167
1059,2509,14.0,14.0,0,1,0.43,0.01,0.46,1.02,1.49,1.92,0.16455696202531644
9143,2509,49.0,49.0,0,0,0.77,0.29,-0.23,-0.41,-0.35,0.42,0.6075949367088608
8974,2509,49.0,49.0,0,0,0.33,1.03,-0.59,-0.36,0.08,0.42,0.6075949367088608
257,2509,9.0,9.0,1,0,0.63,0.8,0.65,0.34,1.79,2.42,0.10126582278481013
2571,2509,2.0,2.0,1,0,0.23,0.15,2.06,0.49,2.69,2.92,0.012658227848101266
3688,2509,14.0,14.0,0,1,-0.13,0.47,0.67,0.91,2.05,1.92,0.16455696202531644
3980,2509,70.0,70.0,0,0,0.78,-0.59,0.17,-0.95,-1.37,-0.58,0.8734177215189873
6825,2509,32.0,32.0,0,0,-0.49,0.4,1.07,0.2,1.66,1.17,0.3924050632911392
5,2509,63.0,63.0,0,0,0.23,-0.86,0.5,0.05,-0.31,-0.08,0.7848101265822784
801,2509,5.0,5.0,1,0,0.32,1.17,1.28,-0.1,2.35,2.67,0.05063291139240506
3740,2509,65.0,65.0,0,0,-0.39,-0.73,1.31,-0.53,0.05,-0.33,0.810126582278481
3948,2509,32.0,32.0,0,0,-1.26,0.45,1.14,0.85,2.43,1.17,0.3924050632911392
962,2509,43.0,43.0,0,0,0.04,0.21,0.02,0.39,0.62,0.67,0.5316455696202531
335,2509,65.0,65.0,0,0,-0.19,0.45,-0.62,0.02,-0.15,-0.33,0.810126582278481
5619,2509,32.0,32.0,0,0,0.28,0.82,-0.9,0.96,0.88,1.17,0.3924050632911392
11,2509,38.0,38.0,0,0,0.01,0.7,0.86,-0.65,0.91,0.92,0.46835443037974683
7081,2509,23.0,23.0,0,1,-0.28,2.03,-0.03,-0.05,1.95,1.67,0.27848101265822783
1170,2509,70.0,70.0,0,0,0.54,-0.77,0.04,-0.4,-1.13,-0.58,0.8734177215189873
4267,2509,59.0,59.0,0,0,0.77,1.0,0.02,-1.62,-0.6,0.17,0.7341772151898734
1613,2509,75.0,75.0,0,0,-0.16,0.18,-0.76,-0.33,-0.92,-1.08,0.9367088607594937
2230,2509,70.0,70.0,0,0,0.45,0.18,-0.38,-0.84,-1.03,-0.58,0.8734177215189873
3970,2509,32.0,32.0,0,0,0.46,0.37,0.55,-0.22,0.7,1.17,0.3924050632911392
3295,2509,74.0,74.0,0,0,-0.88,0.13,0.97,-1.05,0.05,-0.83,0.9240506329113924
392,2509,59.0,59.0,0,0,-0.51,1.05,-0.32,-0.06,0.68,0.17,0.7341772151898734
1185,2509,43.0,43.0,0,0,-0.43,0.33,0.0,0.77,1.1,0.67,0.5316455696202531
7082,2509,38.0,38.0,0,0,0.29,0.11,0.38,0.13,0.63,0.92,0.46835443037974683
3532,2509,59.0,59.0,0,0,0.16,-1.1,-0.29,1.4,0.01,0.17,0.7341772151898734
16,2529,1.0,1.0,1,0,1.31,1.03,0.3,0.2,1.54,2.85,0.0
1748,2529,4.0,4.0,1,0,-0.76,0.39,1.95,0.52,2.86,2.1,0.0379746835443038
3322,2529,35.0,35.0,0,0,0.04,-0.45,0.42,0.85,0.82,0.85,0.43037974683544306
1712,2529,31.0,31.0,0,0,0.48,0.33,-0.47,0.77,0.62,1.1,0.379746835443038
6062,2529,47.0,47.0,0,0,-0.33,-1.0,0.83,0.85,0.68,0.35,0.5822784810126582
1626,2529,54.0,54.0,0,0,-1.11,-0.08,0.29,1.0,1.22,0.1,0.6708860759493671
5338,2529,31.0,31.0,0,0,0.42,1.2,-0.87,0.35,0.68,1.1,0.379746835443038
693,2529,44.0,44.0,0,0,-0.56,0.75,0.82,-0.41,1.16,0.6,0.5443037974683544
1758,2529,11.0,11.0,0,1,2.19,-0.02,0.05,-0.61,-0.59,1.6,0.12658227848101267
1225,2529,8.0,8.0,1,0,0.38,0.34,0.46,0.67,1.47,1.85,0.08860759493670886
4638,2529,20.0,20.0,0,1,0.27,-0.41,1.43,0.06,1.08,1.35,0.24050632911392406
1673,2529,44.0,44.0,0,0,-0.34,0.02,0.97,-0.05,0.95,0.6,0.5443037974683544
713,2529,11.0,11.0,0,1,0.18,0.01,0.62,0.79,1.42,1.6,0.12658227848101267
68,2529,35.0,35.0,0,0,-0.19,0.58,0.76,-0.3,1.04,0.85,0.43037974683544306
1646,2529,61.0,61.0,0,0,-0.52,0.85,0.11,-0.59,0.37,-0.15,0.759493670886076
5704,2529,11.0,11.0,0,1,0.21,0.45,0.38,0.56,1.39,1.6,0.12658227848101267
1352,2529,47.0,47.0,0,0,0.83,-0.21,-0.52,0.26,-0.48,0.35,0.5822784810126582
4645,2529,20.0,20.0,0,1,-0.55,0.04,1.48,0.39,1.9,1.35,0.24050632911392406
7004,2529,80.0,80.0,0,0,-1.69,-0.11,0.17,0.06,0.13,-1.56,1.0
3577,2529,35.0,35.0,0,0,0.5,0.0,0.55,-0.19,0.35,0.85,0.43037974683544306
928,2529,20.0,20.0,0,1,0.75,0.17,0.63,-0.2,0.6,1.35,0.24050632911392406
1196,2529,73.0,73.0,0,0,-0.3,-0.11,0.52,-0.67,-0.26,-0.56,0.9113924050632911
431,2529,47.0,47.0,0,0,0.08,0.22,0.43,-0.38,0.27,0.35,0.5822784810126582
2127,2529,8.0,8.0,1,0,-0.29,0.0,1.66,0.48,2.14,1.85,0.08860759493670886
5573,2529,47.0,47.0,0,0,0.27,0.08,-0.78,0.78,0.08,0.35,0.5822784810126582
5504,2529,47.0,47.0,0,0,0.02,-0.94,0.51,0.77,0.34,0.35,0.5822784810126582
1173,2529,62.0,62.0,0,0,0.89,-0.62,-0.09,-0.58,-1.29,-0.4,0.7721518987341772
1422,2529,20.0,20.0,0,1,0.04,-0.42,1.79,-0.05,1.32,1.35,0.24050632911392406
1030,2529,4.0,4.0,1,0,0.76,1.1,-0.38,0.62,1.34,2.1,0.0379746835443038
77,2529,20.0,20.0,0,1,0.61,-0.09,0.4,0.44,0.74,1.35,0.24050632911392406
6689,2529,54.0,54.0,0,0,0.49,-0.15,-0.49,0.25,-0.39,0.1,0.6708860759493671
1734,2529,35.0,35.0,0,0,0.92,0.11,-0.47,0.3,-0.07,0.85,0.43037974683544306
1778,2529,54.0,54.0,0,0,-0.79,0.61,0.37,-0.1,0.89,0.1,0.6708860759493671
1059,2529,20.0,20.0,0,1,0.05,0.15,0.11,1.03,1.3,1.35,0.24050632911392406
4781,2529,11.0,11.0,0,1,0.79,-0.25,0.17,0.89,0.81,1.6,0.12658227848101267
8974,2529,11.0,11.0,0,1,0.31,0.46,0.96,-0.13,1.29,1.6,0.12658227848101267
2571,2529,62.0,62.0,0,0,-0.85,0.55,-0.48,0.37,0.45,-0.4,0.7721518987341772
3688,2529,4.0,4.0,1,0,0.08,0.29,1.28,0.46,2.02,2.1,0.0379746835443038
438,2529,54.0,54.0,0,0,-0.59,-0.19,0.86,0.01,0.69,0.1,0.6708860759493671
1750,2529,20.0,20.0,0,1,2.2,-0.92,0.7,-0.63,-0.85,1.35,0.24050632911392406
801,2529,35.0,35.0,0,0,-0.45,0.3,1.22,-0.22,1.3,0.85,0.43037974683544306
3740,2529,11.0,11.0,0,1,-1.26,0.54,1.86,0.46,2.87,1.6,0.12658227848101267
1254,2529,11.0,11.0,0,1,1.02,-0.72,1.28,0.03,0.58,1.6,0.12658227848101267
9531,2529,47.0,47.0,0,0,0.73,-0.37,0.81,-0.81,-0.38,0.35,0.5822784810126582
11,2529,11.0,11.0,0,1,0.26,-0.17,0.63,0.88,1.34,1.6,0.12658227848101267
7081,2529,2.0,2.0,1,0,1.85,0.65,-0.14,0.5,1.0,2.85,0.012658227848101266
1170,2529,35.0,35.0,0,0,0.01,-0.14,0.38,0.61,0.84,0.85,0.43037974683544306
1613,2529,8.0,8.0,1,0,0.54,-0.1,1.41,0.01,1.31,1.85,0.08860759493670886
4643,2529,31.0,31.0,0,0,-0.43,0.51,0.53,0.5,1.53,1.1,0.379746835443038
198,2529,54.0,54.0,0,0,0.72,-0.13,-0.15,-0.34,-0.62,0.1,0.6708860759493671
6086,2529,47.0,47.0,0,0,-0.22,0.44,0.26,-0.13,0.57,0.35,0.5822784810126582
3970,2529,20.0,20.0,0,1,-0.12,0.76,0.65,0.06,1.47,1.35,0.24050632911392406
3295,2529,73.0,73.0,0,0,-0.84,0.12,0.15,0.01,0.28,-0.56,0.9113924050632911
1366,2529,35.0,35.0,0,0,1.64,0.85,-0.83,-0.81,-0.79,0.85,0.43037974683544306
6185,2529,76.0,76.0,0,0,1.06,-1.01,-1.36,0.41,-1.96,-0.9,0.9493670886075949
9040,2529,73.0,73.0,0,0,-1.54,0.23,0.45,0.3,0.98,-0.56,0.9113924050632911
512,2492,9.0,9.0,1,0,2.15,0.14,0.31,-0.1,0.34,2.49,0.10666666666666667
5548,2492,39.0,39.0,0,0,1.15,0.0,-0.55,0.14,-0.42,0.74,0.5066666666666667
388,2492,12.0,12.0,0,1,0.04,0.62,2.26,-0.68,2.2,2.24,0.14666666666666667
1758,2492,57.0,57.0,0,0,0.49,-0.09,-0.56,-0.1,-0.75,-0.26,0.7466666666666667
4383,2492,57.0,57.0,0,0,0.18,0.1,-0.37,-0.17,-0.44,-0.26,0.7466666666666667
774,2492,43.0,43.0,0,0,-0.99,0.44,0.68,0.36,1.47,0.49,0.56
1225,2492,54.0,54.0,0,0,0.13,0.85,-1.53,0.54,-0.14,-0.01,0.7066666666666667
1651,2492,28.0,28.0,0,1,-0.09,0.07,1.14,0.13,1.33,1.24,0.36
6798,2492,35.0,35.0,0,0,0.21,-0.36,0.06,1.07,0.78,0.99,0.4533333333333333
3596,2492,57.0,57.0,0,0,-1.07,-0.49,1.35,-0.05,0.81,-0.26,0.7466666666666667
780,2492,43.0,43.0,0,0,-0.1,-0.59,0.04,1.14,0.59,0.49,0.56
713,2492,16.0,16.0,0,1,-0.34,0.16,1.06,1.11,2.33,1.99,0.2
4317,2492,49.0,49.0,0,0,0.0,0.24,0.27,-0.27,0.24,0.24,0.64
68,2492,39.0,39.0,0,0,-0.08,0.4,-0.08,0.49,0.82,0.74,0.5066666666666667
1793,2492,3.0,3.0,1,0,1.56,0.38,1.14,-0.09,1.43,2.99,0.02666666666666667
4645,2492,16.0,16.0,0,1,0.7,1.17,0.71,-0.6,1.28,1.99,0.2
1264,2492,70.0,70.0,0,0,0.35,-0.72,0.18,-0.57,-1.11,-0.76,0.92
9025,2492,9.0,9.0,1,0,1.54,1.15,0.37,-0.57,0.95,2.49,0.10666666666666667
928,2492,28.0,28.0,0,1,0.09,0.52,2.23,-1.6,1.15,1.24,0.36
3448,2492,28.0,28.0,0,1,-0.34,-0.21,0.21,1.57,1.58,1.24,0.36
3950,2492,35.0,35.0,0,0,-1.08,1.73,0.29,0.04,2.07,0.99,0.4533333333333333
3452,2492,23.0,23.0,0,1,1.69,-0.69,0.61,-0.13,-0.21,1.49,0.29333333333333333
123,2492,64.0,64.0,0,0,1.08,-0.43,-0.46,-0.7,-1.59,-0.51,0.84
3375,2492,74.0,74.0,0,0,0.53,-0.14,-1.78,-0.12,-2.04,-1.51,0.9733333333333334
540,2492,49.0,49.0,0,0,0.53,0.48,-0.98,0.21,-0.29,0.24,0.64
1483,2492,7.0,7.0,1,0,0.31,0.93,0.54,0.96,2.43,2.74,0.08
301,2492,9.0,9.0,1,0,0.96,0.16,0.84,0.52,1.53,2.49,0.10666666666666667
3550,2492,28.0,28.0,0,1,-0.04,0.01,1.32,-0.04,1.28,1.24,0.36
5860,2492,7.0,7.0,1,0,1.64,-0.6,1.76,-0.06,1.1,2.74,0.08
5504,2492,57.0,57.0,0,0,0.64,-0.74,-0.2,0.03,-0.91,-0.26,0.7466666666666667
6991,2492,57.0,57.0,0,0,-0.41,-0.2,-0.11,0.46,0.15,-0.26,0.7466666666666667
619,2492,57.0,57.0,0,0,1.03,0.28,-2.13,0.56,-1.29,-0.26,0.7466666666666667
3856,2492,19.0,19.0,0,1,0.62,-0.02,1.19,-0.06,1.12,1.74,0.24
1680,2492,1.0,1.0,1,0,1.46,0.91,1.41,0.47,2.78,4.24,0.0
110,2492,49.0,49.0,0,0,-0.56,-1.04,1.53,0.31,0.8,0.24,0.64
153,2492,35.0,35.0,0,0,0.31,0.58,0.23,-0.13,0.68,0.99,0.4533333333333333
5025,2492,43.0,43.0,0,0,0.73,-0.58,-0.07,0.41,-0.24,0.49,0.56
196,2492,28.0,28.0,0,1,-0.44,0.21,1.05,0.41,1.68,1.24,0.36
243,2492,19.0,19.0,0,1,-0.68,0.17,1.74,0.52,2.42,1.74,0.24
1676,2492,64.0,64.0,0,0,-0.27,-0.53,-0.66,0.96,-0.24,-0.51,0.84
569,2492,19.0,19.0,0,1,0.58,0.33,-0.28,1.1,1.16,1.74,0.24
4848,2492,3.0,3.0,1,0,1.15,-0.02,1.73,0.12,1.84,2.99,0.02666666666666667
1030,2492,57.0,57.0,0,0,-0.3,-1.69,1.3,0.43,0.04,-0.26,0.7466666666666667
1265,2492,64.0,64.0,0,0,-0.26,0.06,-0.59,0.28,-0.25,-0.51,0.84
4513,2492,35.0,35.0,0,0,-0.14,0.9,0.54,-0.31,1.13,0.99,0.4533333333333333
3857,2492,2.0,2.0,1,0,-1.12,0.85,2.79,0.72,4.36,3.24,0.013333333333333334
77,2492,43.0,43.0,0,0,1.23,0.71,-0.06,-1.39,-0.74,0.49,0.56
745,2492,3.0,3.0,1,0,1.65,0.73,0.11,0.5,1.34,2.99,0.02666666666666667
1734,2492,64.0,64.0,0,0,0.2,-1.29,0.23,0.34,-0.71,-0.51,0.84
1077,2492,74.0,74.0,0,0,-1.23,-0.07,-0.98,0.78,-0.28,-1.51,0.9733333333333334
1293,2492,28.0,28.0,0,1,-1.5,0.11,1.75,0.88,2.74,1.24,0.36
4781,2492,49.0,49.0,0,0,-0.43,0.08,-0.05,0.64,0.67,0.24,0.64
3670,2492,39.0,39.0,0,0,0.45,-0.51,0.63,0.16,0.28,0.74,0.5066666666666667
257,2492,3.0,3.0,1,0,0.41,0.55,1.24,0.78,2.57,2.99,0.02666666666666667
3351,2492,64.0,64.0,0,0,1.05,0.5,-0.24,-1.83,-1.56,-0.51,0.84
72,2492,23.0,23.0,0,1,-0.69,0.98,0.66,0.55,2.18,1.49,0.29333333333333333
3980,2492,76.0,76.0,0,0,-1.19,-1.34,0.02,-0.01,-1.33,-2.51,1.0
167,2492,12.0,12.0,0,1,0.95,1.37,0.76,-0.84,1.29,2.24,0.14666666666666667
4483,2492,19.0,19.0,0,1,0.34,0.44,-0.28,1.24,1.4,1.74,0.24
3470,2492,12.0,12.0,0,1,-0.91,1.19,0.37,1.59,3.15,2.24,0.14666666666666667
962,2492,23.0,23.0,0,1,1.33,-0.76,0.34,0.57,0.16,1.49,0.29333333333333333
158,2492,54.0,54.0,0,0,0.93,-0.51,-0.32,-0.11,-0.94,-0.01,0.7066666666666667
7081,2492,23.0,23.0,0,1,0.39,0.7,-0.48,0.87,1.1,1.49,0.29333333333333333
4587,2492,16.0,16.0,0,1,-0.16,1.16,0.53,0.46,2.15,1.99,0.2
1359,2492,64.0,64.0,0,0,0.68,-0.24,-0.66,-0.29,-1.19,-0.51,0.84
1037,2492,23.0,23.0,0,1,0.16,0.33,0.36,0.63,1.32,1.49,0.29333333333333333
4643,2492,72.0,72.0,0,0,0.24,-0.51,-1.14,0.14,-1.51,-1.26,0.9466666666666667
392,2492,28.0,28.0,0,1,-0.12,0.84,0.02,0.5,1.36,1.24,0.36
3532,2492,43.0,43.0,0,0,-0.46,-0.44,0.3,1.09,0.95,0.49,0.56
9040,2492,49.0,49.0,0,0,0.89,0.95,-2.13,0.53,-0.65,0.24,0.64
686,2492,54.0,54.0,0,0,-1.16,0.73,0.45,-0.03,1.15,-0.01,0.7066666666666667
512,2520,53.0,53.0,0,0,-0.08,0.79,-0.42,-0.05,0.31,0.23,0.6842105263157895
5548,2520,61.0,61.0,0,0,1.3,-0.73,-0.12,-0.48,-1.32,-0.02,0.7894736842105263
4989,2520,41.0,41.0,0,0,0.09,0.31,-0.52,0.59,0.38,0.48,0.5263157894736842
5951,2520,4.0,4.0,1,0,1.1,-0.04,0.15,1.52,1.63,2.73,0.039473684210526314
388,2520,17.0,17.0,0,1,-0.6,0.41,1.28,0.39,2.08,1.48,0.21052631578947367
1225,2520,35.0,35.0,0,0,1.96,-0.93,-0.5,0.2,-1.23,0.73,0.4473684210526316
3596,2520,14.0,14.0,0,1,-0.13,0.77,0.59,0.5,1.86,1.73,0.17105263157894737
1673,2520,71.0,71.0,0,0,0.56,-1.05,-0.19,-0.09,-1.33,-0.77,0.9210526315789473
713,2520,35.0,35.0,0,0,0.9,-1.1,0.29,0.63,-0.17,0.73,0.4473684210526316
5704,2520,11.0,11.0,0,1,0.61,-0.46,0.65,1.18,1.37,1.98,0.13157894736842105
1793,2520,41.0,41.0,0,0,-0.69,0.5,1.5,-0.84,1.17,0.48,0.5263157894736842
5532,2520,65.0,65.0,0,0,-1.73,0.15,0.81,0.5,1.46,-0.27,0.8421052631578947
1352,2520,35.0,35.0,0,0,-0.07,-0.55,0.76,0.58,0.8,0.73,0.4473684210526316
4645,2520,41.0,41.0,0,0,0.53,0.81,0.21,-1.07,-0.05,0.48,0.5263157894736842
1264,2520,28.0,28.0,0,1,1.45,0.54,-0.72,-0.3,-0.48,0.98,0.35526315789473684
9025,2520,17.0,17.0,0,1,-0.1,-0.05,0.46,1.16,1.57,1.48,0.21052631578947367
7004,2520,41.0,41.0,0,0,-0.7,0.38,1.21,-0.41,1.18,0.48,0.5263157894736842
3950,2520,0.0,9.0,1,0,0.95,0.04,-2.36,-0.73,-3.04,-2.1,0.10526315789473684
3950,2520,9.0,9.0,1,0,1.78,-0.02,0.48,-0.01,0.45,2.23,0.10526315789473684
5574,2520,17.0,17.0,0,1,0.83,-0.76,1.0,0.41,0.65,1.48,0.21052631578947367
3452,2520,14.0,14.0,0,1,1.44,0.2,-0.87,0.97,0.29,1.73,0.17105263157894737
646,2520,65.0,65.0,0,0,0.56,0.13,-0.64,-0.32,-0.84,-0.27,0.8421052631578947
123,2520,69.0,69.0,0,0,0.45,-0.17,0.11,-0.91,-0.97,-0.52,0.8947368421052632
5882,2520,61.0,61.0,0,0,0.16,-0.13,-0.17,0.12,-0.19,-0.02,0.7894736842105263
3375,2520,9.0,9.0,1,0,1.1,-0.74,1.24,0.62,1.12,2.23,0.10526315789473684
1483,2520,17.0,17.0,0,1,-0.2,0.59,0.95,0.14,1.68,1.48,0.21052631578947367
2127,2520,77.0,77.0,0,0,-0.66,-0.48,0.58,-0.47,-0.37,-1.02,1.0
3550,2520,24.0,24.0,0,1,-0.7,-1.0,2.18,0.75,1.93,1.23,0.3026315789473684
5408,2520,17.0,17.0,0,1,0.69,0.05,0.87,-0.13,0.79,1.48,0.21052631578947367
957,2520,53.0,53.0,0,0,0.97,-0.83,0.21,-0.12,-0.74,0.23,0.6842105263157895
5860,2520,11.0,11.0,0,1,-0.04,0.0,0.86,1.16,2.02,1.98,0.13157894736842105
5573,2520,71.0,71.0,0,0,0.19,-0.24,-0.53,-0.19,-0.96,-0.77,0.9210526315789473
6991,2520,24.0,24.0,0,1,0.02,0.4,0.18,0.63,1.21,1.23,0.3026315789473684
619,2520,61.0,61.0,0,0,-0.36,0.26,0.13,-0.05,0.34,-0.02,0.7894736842105263
5025,2520,1.0,1.0,1,0,1.52,0.53,0.16,1.02,1.71,3.23,0.0
1067,2520,53.0,53.0,0,0,1.01,-0.27,-1.67,1.16,-0.78,0.23,0.6842105263157895
1676,2520,53.0,53.0,0,0,-1.28,0.68,0.06,0.77,1.51,0.23,0.6842105263157895
569,2520,3.0,3.0,1,0,-0.52,0.52,1.73,1.24,3.49,2.98,0.02631578947368421
710,2520,17.0,17.0,0,1,2.11,-0.96,-0.16,0.49,-0.63,1.48,0.21052631578947367
1030,2520,53.0,53.0,0,0,0.43,-0.54,-0.22,0.57,-0.2,0.23,0.6842105263157895
1265,2520,28.0,28.0,0,1,0.18,0.04,1.14,-0.38,0.79,0.98,0.35526315789473684
3857,2520,41.0,41.0,0,0,-0.02,0.27,0.03,0.2,0.5,0.48,0.5263157894736842
1734,2520,41.0,41.0,0,0,0.18,0.5,-0.36,0.17,0.3,0.48,0.5263157894736842
601,2520,71.0,71.0,0,0,0.0,0.58,-0.16,-1.2,-0.77,-0.77,0.9210526315789473
676,2520,8.0,8.0,1,0,-0.35,0.99,0.72,1.11,2.83,2.48,0.09210526315789473
9143,2520,35.0,35.0,0,0,0.38,0.34,0.03,-0.02,0.34,0.73,0.4473684210526316
3670,2520,41.0,41.0,0,0,0.18,-0.6,0.96,-0.05,0.3,0.48,0.5263157894736842
8974,2520,69.0,69.0,0,0,-0.76,0.63,0.59,-0.98,0.23,-0.52,0.8947368421052632
2571,2520,65.0,65.0,0,0,0.33,0.96,-0.38,-1.19,-0.61,-0.27,0.8421052631578947
4010,2520,41.0,41.0,0,0,0.42,0.03,0.58,-0.54,0.06,0.48,0.5263157894736842
72,2520,41.0,41.0,0,0,-0.98,0.09,1.56,-0.19,1.46,0.48,0.5263157894736842
3980,2520,24.0,24.0,0,1,1.34,-0.43,0.69,-0.38,-0.11,1.23,0.3026315789473684
308,2520,4.0,4.0,1,0,2.16,0.32,0.19,0.06,0.57,2.73,0.039473684210526314
5579,2520,28.0,28.0,0,1,0.94,0.19,-0.08,-0.07,0.04,0.98,0.35526315789473684
3740,2520,2.0,2.0,1,0,1.65,-0.24,1.64,0.18,1.58,3.23,0.013157894736842105
3702,2520,4.0,4.0,1,0,0.71,0.94,-0.43,1.51,2.02,2.73,0.039473684210526314
1254,2520,28.0,28.0,0,1,0.43,-0.87,0.65,0.77,0.55,0.98,0.35526315789473684
167,2520,14.0,14.0,0,1,0.79,1.03,-0.01,-0.08,0.93,1.73,0.17105263157894737
3470,2520,4.0,4.0,1,0,0.1,0.77,-0.22,2.08,2.63,2.73,0.039473684210526314
1733,2520,71.0,71.0,0,0,-1.66,0.56,0.56,-0.22,0.89,-0.77,0.9210526315789473
5619,2520,28.0,28.0,0,1,-1.0,1.56,0.4,0.02,1.98,0.98,0.35526315789473684
5506,2520,24.0,24.0,0,1,0.84,0.76,-0.26,-0.11,0.38,1.23,0.3026315789473684
1359,2520,35.0,35.0,0,0,-0.45,0.49,-0.14,0.83,1.18,0.73,0.4473684210526316
3378,2520,53.0,53.0,0,0,0.25,0.13,0.15,-0.3,-0.02,0.23,0.6842105263157895
2230,2520,28.0,28.0,0,1,0.47,0.32,-0.91,1.1,0.51,0.98,0.35526315789473684
6086,2520,41.0,41.0,0,0,0.26,-0.3,0.2,0.32,0.22,0.48,0.5263157894736842
215,2520,71.0,71.0,0,0,0.32,-0.05,-0.52,-0.53,-1.1,-0.77,0.9210526315789473
1157,2520,11.0,11.0,0,1,1.9,1.47,0.4,-1.79,0.08,1.98,0.13157894736842105
392,2520,77.0,77.0,0,0,-0.53,-0.23,-0.23,-0.04,-0.49,-1.02,1.0
1185,2520,35.0,35.0,0,0,0.57,0.05,0.88,-0.77,0.16,0.73,0.4473684210526316
3532,2520,17.0,17.0,0,1,0.99,-0.01,0.12,0.37,0.48,1.48,0.21052631578947367
9261,2512,42.0,42.0,0,0,1.17,-0.41,-0.35,0.17,-0.58,0.58,0.5189873417721519
16,2512,29.0,29.0,0,1,0.9,0.81,-0.14,-0.49,0.18,1.08,0.35443037974683544
4682,2512,51.0,51.0,0,0,0.76,-0.31,-1.14,1.03,-0.43,0.33,0.6329113924050633
1712,2512,60.0,60.0,0,0,-0.13,-0.19,0.22,-0.07,-0.04,-0.17,0.7468354430379747
1626,2512,72.0,72.0,0,0,-0.57,-0.75,0.55,0.28,0.07,-0.49,0.8987341772151899
693,2512,29.0,29.0,0,1,1.45,-0.02,-0.41,0.06,-0.37,1.08,0.35443037974683544
1758,2512,55.0,55.0,0,0,-0.28,0.21,0.73,-0.58,0.36,0.08,0.6835443037974683
2283,2512,65.0,65.0,0,0,1.46,-0.2,-1.7,0.02,-1.88,-0.42,0.810126582278481
4383,2512,9.0,9.0,1,0,-0.25,0.24,0.6,1.49,2.33,2.08,0.10126582278481013
1225,2512,51.0,51.0,0,0,0.87,0.36,-1.07,0.16,-0.54,0.33,0.6329113924050633
1651,2512,4.0,4.0,1,0,1.39,0.51,-0.57,1.0,0.94,2.33,0.0379746835443038
1222,2512,25.0,25.0,0,1,0.16,1.06,0.17,-0.06,1.17,1.33,0.3037974683544304
3596,2512,13.0,13.0,0,1,0.61,-0.71,1.06,0.87,1.22,1.83,0.1518987341772152
3599,2512,55.0,55.0,0,0,1.79,-0.01,-1.44,-0.27,-1.71,0.08,0.6835443037974683
1646,2512,3.0,3.0,1,0,0.76,1.13,0.5,0.2,1.82,2.58,0.02531645569620253
205,2512,1.0,1.0,1,0,1.47,-0.15,0.91,0.85,1.61,3.08,0.0
3449,2512,13.0,13.0,0,1,0.26,0.61,0.71,0.24,1.57,1.83,0.1518987341772152
1352,2512,72.0,72.0,0,0,-0.8,-0.58,0.58,0.31,0.31,-0.49,0.8987341772151899
4645,2512,60.0,60.0,0,0,-0.21,-0.03,0.22,-0.15,0.04,-0.17,0.7468354430379747
928,2512,13.0,13.0,0,1,0.36,-0.01,1.09,0.38,1.47,1.83,0.1518987341772152
1196,2512,60.0,60.0,0,0,-0.6,-0.73,1.2,-0.04,0.43,-0.17,0.7468354430379747
3452,2512,13.0,13.0,0,1,1.73,0.95,-0.24,-0.61,0.1,1.83,0.1518987341772152
431,2512,72.0,72.0,0,0,0.05,1.07,0.47,-2.1,-0.55,-0.49,0.8987341772151899
540,2512,80.0,80.0,0,0,-0.13,-0.79,0.0,-0.23,-1.03,-1.16,1.0
1483,2512,42.0,42.0,0,0,-0.6,-0.33,1.67,-0.15,1.19,0.58,0.5189873417721519
808,2512,72.0,72.0,0,0,-0.44,0.2,0.37,-0.62,-0.05,-0.49,0.8987341772151899
6991,2512,9.0,9.0,1,0,0.74,0.46,-0.1,0.99,1.34,2.08,0.10126582278481013
1067,2512,13.0,13.0,0,1,-0.58,0.94,0.95,0.53,2.41,1.83,0.1518987341772152
5797,2512,72.0,72.0,0,0,-0.96,-0.06,1.35,-0.82,0.46,-0.49,0.8987341772151899
243,2512,65.0,65.0,0,0,-0.26,-0.1,-0.42,0.36,-0.15,-0.42,0.810126582278481
1422,2512,42.0,42.0,0,0,-0.81,-0.01,1.02,0.38,1.4,0.58,0.5189873417721519
1265,2512,72.0,72.0,0,0,1.48,-0.55,-0.15,-1.26,-1.97,-0.49,0.8987341772151899
4513,2512,37.0,37.0,0,0,0.04,0.04,0.13,0.62,0.79,0.83,0.45569620253164556
3857,2512,4.0,4.0,1,0,0.8,-0.35,1.05,0.82,1.53,2.33,0.0379746835443038
77,2512,51.0,51.0,0,0,0.1,-0.71,1.31,-0.37,0.23,0.33,0.6329113924050633
6689,2512,72.0,72.0,0,0,0.33,-0.87,-0.21,0.25,-0.82,-0.49,0.8987341772151899
1734,2512,51.0,51.0,0,0,-0.55,-0.3,0.2,0.98,0.88,0.33,0.6329113924050633
1778,2512,60.0,60.0,0,0,0.71,-0.47,0.18,-0.59,-0.88,-0.17,0.7468354430379747
1077,2512,37.0,37.0,0,0,1.14,-0.29,-0.59,0.56,-0.31,0.83,0.45569620253164556
601,2512,13.0,13.0,0,1,0.91,0.77,0.61,-0.46,0.92,1.83,0.1518987341772152
1059,2512,29.0,29.0,0,1,-0.19,0.49,0.18,0.6,1.27,1.08,0.35443037974683544
9143,2512,42.0,42.0,0,0,0.26,1.13,-1.21,0.4,0.32,0.58,0.5189873417721519
1367,2512,60.0,60.0,0,0,-0.81,0.0,0.76,-0.12,0.64,-0.17,0.7468354430379747
8974,2512,21.0,21.0,0,1,1.09,0.24,0.41,-0.15,0.49,1.58,0.25316455696202533
257,2512,42.0,42.0,0,0,-1.34,0.55,1.09,0.28,1.92,0.58,0.5189873417721519
4010,2512,4.0,4.0,1,0,1.35,0.11,-0.1,0.97,0.98,2.33,0.0379746835443038
479,2512,25.0,25.0,0,1,0.78,0.84,0.64,-0.93,0.55,1.33,0.3037974683544304
3792,2512,21.0,21.0,0,1,0.14,-0.21,1.13,0.52,1.44,1.58,0.25316455696202533
186,2512,25.0,25.0,0,1,-0.37,0.55,0.38,0.76,1.7,1.33,0.3037974683544304
5692,2512,13.0,13.0,0,1,1.08,0.73,0.76,-0.73,0.75,1.83,0.1518987341772152
5579,2512,2.0,2.0,1,0,-0.3,1.52,0.9,0.71,3.13,2.83,0.012658227848101266
801,2512,4.0,4.0,1,0,0.06,0.53,2.09,-0.35,2.27,2.33,0.0379746835443038
3740,2512,42.0,42.0,0,0,-0.33,-0.29,0.65,0.55,0.91,0.58,0.5189873417721519
1733,2512,37.0,37.0,0,0,-0.11,0.85,1.14,-1.05,0.94,0.83,0.45569620253164556
962,2512,4.0,4.0,1,0,0.97,0.45,0.24,0.67,1.36,2.33,0.0379746835443038
11,2512,21.0,21.0,0,1,0.14,0.51,0.71,0.23,1.44,1.58,0.25316455696202533
4449,2512,42.0,42.0,0,0,1.1,-0.26,-0.3,0.03,-0.52,0.58,0.5189873417721519
5506,2512,21.0,21.0,0,1,1.4,0.32,-0.32,0.18,0.18,1.58,0.25316455696202533
3378,2512,13.0,13.0,0,1,-1.22,0.0,2.42,0.64,3.05,1.83,0.1518987341772152
4643,2512,29.0,29.0,0,1,0.97,-0.66,0.7,0.08,0.11,1.08,0.35443037974683544
6086,2512,9.0,9.0,1,0,0.8,0.36,1.27,-0.35,1.28,2.08,0.10126582278481013
1157,2512,29.0,29.0,0,1,1.53,0.22,0.28,-0.95,-0.45,1.08,0.35443037974683544
7082,2512,29.0,29.0,0,1,0.78,-0.61,0.08,0.83,0.31,1.08,0.35443037974683544
3532,2512,37.0,37.0,0,0,0.5,-0.14,-0.17,0.64,0.33,0.83,0.45569620253164556
6185,2512,55.0,55.0,0,0,-0.08,-0.46,0.39,0.23,0.16,0.08,0.6835443037974683
9040,2512,25.0,25.0,0,1,0.31,-0.29,0.83,0.47,1.02,1.33,0.3037974683544304
686,2512,29.0,29.0,0,1,-0.07,0.16,0.72,0.27,1.15,1.08,0.35443037974683544
16,2494,9.0,9.0,1,0,1.86,1.59,-0.02,-1.28,0.29,2.15,0.1
1748,2494,76.0,76.0,0,0,-0.58,0.98,-0.44,-1.17,-0.64,-1.22,0.9375
5548,2494,30.0,30.0,0,1,0.57,-0.26,0.78,0.31,0.83,1.4,0.3625
1626,2494,39.0,39.0,0,0,0.29,-0.3,1.35,-0.68,0.36,0.65,0.475
693,2494,45.0,45.0,0,0,1.4,-0.66,-0.38,0.05,-1.0,0.4,0.55
10046,2494,4.0,4.0,1,0,-0.01,1.02,1.38,0.25,2.66,2.65,0.0375
4383,2494,1.0,1.0,1,0,1.35,1.15,0.64,0.51,2.3,3.65,0.0
774,2494,14.0,14.0,0,1,-0.11,1.09,0.84,0.09,2.01,1.9,0.1625
1651,2494,54.0,54.0,0,0,-0.43,-0.6,1.03,-0.11,0.33,-0.1,0.6625
4638,2494,45.0,45.0,0,0,0.63,-0.89,0.2,0.46,-0.23,0.4,0.55
713,2494,39.0,39.0,0,0,0.51,-0.45,0.76,-0.17,0.14,0.65,0.475
68,2494,23.0,23.0,0,1,-0.25,0.31,0.68,0.9,1.9,1.65,0.275
205,2494,14.0,14.0,0,1,0.67,-0.23,0.66,0.79,1.23,1.9,0.1625
208,2494,23.0,23.0,0,1,-0.26,0.11,2.23,-0.43,1.91,1.65,0.275
3449,2494,23.0,23.0,0,1,0.59,0.03,0.44,0.6,1.06,1.65,0.275
1793,2494,14.0,14.0,0,1,1.23,0.0,0.25,0.42,0.67,1.9,0.1625
856,2494,81.0,81.0,0,0,-1.14,0.15,-0.59,-0.63,-1.08,-2.22,1.0
769,2494,33.0,33.0,0,0,-0.76,-0.89,1.88,0.67,1.66,0.9,0.4
1352,2494,80.0,80.0,0,0,-1.31,-1.22,-0.11,0.76,-0.57,-1.88,0.9875
1264,2494,71.0,71.0,0,0,-0.89,-0.18,0.85,-1.37,-0.71,-1.6,0.875
3577,2494,71.0,71.0,0,0,1.49,-0.21,-0.9,-1.98,-3.09,-1.6,0.875
5574,2494,33.0,33.0,0,0,-0.49,-0.04,-0.06,1.49,1.4,0.9,0.4
278,2494,59.0,59.0,0,0,-1.23,0.01,0.71,0.17,0.88,-0.35,0.725
3452,2494,51.0,51.0,0,0,-0.32,-0.7,0.75,0.42,0.47,0.15,0.625
123,2494,14.0,14.0,0,1,2.1,-0.91,-0.46,1.17,-0.2,1.9,0.1625
3375,2494,45.0,45.0,0,0,1.75,-0.64,-1.18,0.46,-1.35,0.4,0.55
1483,2494,45.0,45.0,0,0,-1.18,0.52,0.58,0.48,1.58,0.4,0.55
2127,2494,14.0,14.0,0,1,0.47,-0.03,1.38,0.08,1.43,1.9,0.1625
808,2494,39.0,39.0,0,0,0.06,0.54,0.26,-0.21,0.59,0.65,0.475
328,2494,54.0,54.0,0,0,-0.47,0.09,1.01,-0.73,0.37,-0.1,0.6625
6991,2494,68.0,68.0,0,0,-0.48,-0.37,-0.9,0.65,-0.62,-1.1,0.8375
619,2494,54.0,54.0,0,0,0.64,0.58,-1.24,-0.08,-0.74,-0.1,0.6625
1173,2494,69.0,69.0,0,0,-0.41,-0.74,0.39,-0.59,-0.94,-1.35,0.85
1680,2494,23.0,23.0,0,1,0.63,-0.46,1.18,0.29,1.02,1.65,0.275
110,2494,54.0,54.0,0,0,0.25,-0.08,-0.35,0.08,-0.35,-0.1,0.6625
3598,2494,51.0,51.0,0,0,-0.28,-0.17,0.06,0.54,0.43,0.15,0.625
243,2494,45.0,45.0,0,0,-0.09,-0.61,1.48,-0.37,0.49,0.4,0.55
3317,2494,6.0,6.0,1,0,0.3,0.0,1.12,0.98,2.1,2.4,0.0625
710,2494,23.0,23.0,0,1,0.29,-0.25,1.31,0.3,1.35,1.65,0.275
4848,2494,75.0,75.0,0,0,-0.7,-1.11,-0.14,-0.91,-2.15,-2.85,0.925
1265,2494,39.0,39.0,0,0,0.26,0.29,0.4,-0.3,0.39,0.65,0.475
3857,2494,9.0,9.0,1,0,1.03,0.25,0.29,0.57,1.12,2.15,0.1
2552,2494,69.0,69.0,0,0,-1.27,-0.3,-0.45,0.66,-0.08,-1.35,0.85
318,2494,4.0,4.0,1,0,1.28,0.85,0.62,-0.1,1.37,2.65,0.0375
1778,2494,33.0,33.0,0,0,1.16,1.18,-0.68,-0.76,-0.26,0.9,0.4
601,2494,2.0,2.0,1,0,1.13,0.42,1.46,0.14,2.02,3.15,0.0125
676,2494,33.0,33.0,0,0,-0.87,0.74,0.82,0.21,1.77,0.9,0.4
1059,2494,39.0,39.0,0,0,0.51,-0.77,0.85,0.06,0.14,0.65,0.475
4781,2494,23.0,23.0,0,1,1.04,0.6,0.24,-0.23,0.61,1.65,0.275
8974,2494,76.0,76.0,0,0,-0.01,-0.66,-0.91,0.37,-1.21,-1.22,0.9375
257,2494,9.0,9.0,1,0,0.41,0.71,0.4,0.62,1.74,2.15,0.1
3351,2494,30.0,30.0,0,1,0.79,0.47,0.28,-0.13,0.61,1.4,0.3625
479,2494,54.0,54.0,0,0,-0.06,-0.17,0.77,-0.64,-0.04,-0.1,0.6625
3792,2494,76.0,76.0,0,0,-1.09,-0.22,0.15,-0.06,-0.13,-1.22,0.9375
3980,2494,14.0,14.0,0,1,0.9,0.77,0.22,0.01,1.0,1.9,0.1625
801,2494,9.0,9.0,1,0,2.18,0.41,-0.64,0.2,-0.03,2.15,0.1
5409,2494,23.0,23.0,0,1,1.79,-0.72,0.54,0.05,-0.14,1.65,0.275
4483,2494,2.0,2.0,1,0,1.12,0.16,0.69,1.18,2.03,3.15,0.0125
962,2494,71.0,71.0,0,0,-0.44,-0.37,-0.31,-0.47,-1.16,-1.6,0.875
4591,2494,64.0,64.0,0,0,0.58,-0.42,-0.44,-0.31,-1.18,-0.6,0.7875
7081,2494,14.0,14.0,0,1,0.96,0.77,-0.63,0.8,0.94,1.9,0.1625
4267,2494,51.0,51.0,0,0,0.24,0.42,0.16,-0.67,-0.09,0.15,0.625
4643,2494,32.0,32.0,0,0,0.1,0.79,0.03,0.22,1.05,1.15,0.3875
2230,2494,39.0,39.0,0,0,-0.21,-0.06,0.12,0.8,0.86,0.65,0.475
3295,2494,59.0,59.0,0,0,-1.33,-0.59,1.88,-0.31,0.98,-0.35,0.725
392,2494,66.0,66.0,0,0,-0.65,-0.28,0.87,-0.79,-0.2,-0.85,0.8125
1185,2494,64.0,64.0,0,0,-0.57,-0.58,0.48,0.06,-0.03,-0.6,0.7875
7082,2494,6.0,6.0,1,0,2.13,0.04,-0.82,1.05,0.27,2.4,0.0625
1366,2494,59.0,59.0,0,0,-0.87,-0.15,0.27,0.4,0.52,-0.35,0.725
3532,2494,9.0,9.0,1,0,0.73,0.89,0.59,-0.06,1.42,2.15,0.1
1614,2494,66.0,66.0,0,0,-0.32,0.16,-0.82,0.13,-0.53,-0.85,0.8125
9040,2494,59.0,59.0,0,0,0.1,0.93,-1.49,0.11,-0.45,-0.35,0.725
686,2494,33.0,33.0,0,0,-0.52,0.51,0.57,0.34,1.42,0.9,0.4
512,2489,21.0,21.0,0,1,0.52,0.71,1.4,-1.2,0.9,1.42,0.273972602739726
5951,2489,14.0,14.0,0,1,1.03,0.18,1.9,-1.44,0.64,1.67,0.1780821917808219
388,2489,1.0,1.0,1,0,0.67,0.16,1.92,1.18,3.25,3.92,0.0
5956,2489,26.0,26.0,0,1,-0.19,-0.15,1.06,0.46,1.36,1.17,0.3424657534246575
6062,2489,3.0,3.0,1,0,0.94,0.43,1.43,0.12,1.98,2.92,0.0273972602739726
1626,2489,14.0,14.0,0,1,-0.13,0.13,1.65,0.03,1.8,1.67,0.1780821917808219
1651,2489,8.0,8.0,1,0,-0.36,-0.01,1.45,1.09,2.53,2.17,0.0958904109589041
6798,2489,26.0,26.0,0,1,-0.27,0.78,0.0,0.65,1.44,1.17,0.3424657534246575
4638,2489,72.0,72.0,0,0,-0.26,-1.28,0.0,0.71,-0.57,-0.83,0.9726027397260274
3596,2489,14.0,14.0,0,1,0.6,0.38,-0.53,1.22,1.07,1.67,0.1780821917808219
1673,2489,21.0,21.0,0,1,-0.23,-0.06,1.46,0.25,1.65,1.42,0.273972602739726
5704,2489,21.0,21.0,0,1,1.07,0.47,0.09,-0.22,0.35,1.42,0.273972602739726
1793,2489,26.0,26.0,0,1,1.12,-0.5,0.29,0.26,0.05,1.17,0.3424657534246575
1264,2489,14.0,14.0,0,1,0.5,0.02,1.88,-0.74,1.17,1.67,0.1780821917808219
3577,2489,26.0,26.0,0,1,1.6,-0.11,0.88,-1.2,-0.43,1.17,0.3424657534246575
5574,2489,53.0,53.0,0,0,-0.96,0.01,0.82,0.3,1.13,0.17,0.7123287671232876
278,2489,43.0,43.0,0,0,0.33,-0.53,1.29,-0.41,0.34,0.67,0.5753424657534246
3452,2489,37.0,37.0,0,0,1.68,0.53,-1.27,-0.02,-0.76,0.92,0.4931506849315068
646,2489,51.0,51.0,0,0,-0.76,0.23,0.85,0.1,1.19,0.42,0.684931506849315
123,2489,70.0,70.0,0,0,0.08,1.28,-1.69,-0.25,-0.66,-0.58,0.9452054794520548
5882,2489,74.0,74.0,0,0,-1.53,-0.42,-0.3,0.92,0.2,-1.33,1.0
540,2489,26.0,26.0,0,1,1.18,-0.49,0.67,-0.2,-0.01,1.17,0.3424657534246575
1483,2489,65.0,65.0,0,0,-0.1,-0.47,0.45,-0.21,-0.22,-0.33,0.8767123287671232
2127,2489,53.0,53.0,0,0,-0.14,-0.17,-0.22,0.7,0.31,0.17,0.7123287671232876
301,2489,5.0,5.0,1,0,0.83,0.35,0.95,0.54,1.84,2.67,0.0547945205479452
808,2489,53.0,53.0,0,0,0.73,0.09,-0.29,-0.37,-0.56,0.17,0.7123287671232876
3550,2489,61.0,61.0,0,0,-0.52,0.45,-0.29,0.28,0.44,-0.08,0.821917808219178
5504,2489,65.0,65.0,0,0,-0.05,-1.93,0.34,1.32,-0.28,-0.33,0.8767123287671232
619,2489,43.0,43.0,0,0,0.17,0.25,0.13,0.13,0.5,0.67,0.5753424657534246
110,2489,61.0,61.0,0,0,-0.89,-0.16,0.49,0.48,0.81,-0.08,0.821917808219178
5797,2489,14.0,14.0,0,1,0.33,0.25,1.23,-0.14,1.34,1.67,0.1780821917808219
710,2489,10.0,10.0,1,0,0.62,0.54,0.64,0.12,1.3,1.92,0.1232876712328767
4848,2489,3.0,3.0,1,0,-0.39,1.04,1.64,0.63,3.31,2.92,0.0273972602739726
446,2489,43.0,43.0,0,0,-0.56,-0.24,0.96,0.51,1.23,0.67,0.5753424657534246
745,2489,37.0,37.0,0,0,-0.29,0.49,1.28,-0.57,1.21,0.92,0.4931506849315068
2552,2489,70.0,70.0,0,0,-0.33,-0.31,-0.66,0.72,-0.25,-0.58,0.9452054794520548
1778,2489,43.0,43.0,0,0,-0.15,1.05,-0.3,0.07,0.82,0.67,0.5753424657534246
601,2489,61.0,61.0,0,0,-1.0,0.56,0.61,-0.25,0.92,-0.08,0.821917808219178
1059,2489,10.0,10.0,1,0,0.39,-0.03,1.24,0.32,1.53,1.92,0.1232876712328767
4781,2489,61.0,61.0,0,0,0.22,0.43,0.49,-1.22,-0.3,-0.08,0.821917808219178
9143,2489,65.0,65.0,0,0,0.57,-0.01,-1.33,0.44,-0.9,-0.33,0.8767123287671232
8974,2489,53.0,53.0,0,0,0.56,-0.52,0.71,-0.57,-0.39,0.17,0.7123287671232876
3688,2489,53.0,53.0,0,0,-0.1,0.81,0.06,-0.6,0.27,0.17,0.7123287671232876
72,2489,43.0,43.0,0,0,1.09,-0.6,-0.05,0.23,-0.42,0.67,0.5753424657534246
186,2489,43.0,43.0,0,0,-0.27,0.9,0.32,-0.28,0.94,0.67,0.5753424657534246
3980,2489,26.0,26.0,0,1,1.3,-0.41,-0.34,0.62,-0.13,1.17,0.3424657534246575
308,2489,37.0,37.0,0,0,-0.04,-0.18,0.9,0.25,0.97,0.92,0.4931506849315068
3702,2489,6.0,6.0,1,0,0.75,0.01,0.27,1.39,1.67,2.42,0.0684931506849315
167,2489,43.0,43.0,0,0,1.27,-0.13,0.4,-0.86,-0.6,0.67,0.5753424657534246
4483,2489,26.0,26.0,0,1,-0.78,-0.24,1.66,0.53,1.95,1.17,0.3424657534246575
962,2489,26.0,26.0,0,1,-0.29,0.41,-0.62,1.67,1.46,1.17,0.3424657534246575
5619,2489,26.0,26.0,0,1,0.59,-0.44,1.42,-0.4,0.58,1.17,0.3424657534246575
11,2489,37.0,37.0,0,0,2.03,-0.1,-0.11,-0.9,-1.11,0.92,0.4931506849315068
4591,2489,10.0,10.0,1,0,0.1,0.81,1.22,-0.21,1.82,1.92,0.1232876712328767
78,2489,26.0,26.0,0,1,-1.38,1.52,0.6,0.43,2.55,1.17,0.3424657534246575
158,2489,2.0,2.0,1,0,0.34,-0.32,2.66,1.0,3.33,3.67,0.0136986301369863
4449,2489,10.0,10.0,1,0,0.87,0.14,0.16,0.75,1.05,1.92,0.1232876712328767
9528,2489,37.0,37.0,0,0,1.27,0.57,-0.53,-0.38,-0.35,0.92,0.4931506849315068
7081,2489,74.0,74.0,0,0,-0.35,-0.21,-1.18,0.41,-0.98,-1.33,1.0
4587,2489,53.0,53.0,0,0,-0.02,-0.69,0.21,0.67,0.19,0.17,0.7123287671232876
4267,2489,65.0,65.0,0,0,-0.01,0.93,-0.13,-1.11,-0.31,-0.33,0.8767123287671232
1359,2489,14.0,14.0,0,1,1.25,0.06,0.13,0.23,0.42,1.67,0.1780821917808219
1613,2489,14.0,14.0,0,1,1.05,0.93,0.16,-0.47,0.62,1.67,0.1780821917808219
6086,2489,37.0,37.0,0,0,1.31,-0.3,0.75,-0.85,-0.39,0.92,0.4931506849315068
3295,2489,72.0,72.0,0,0,-1.06,-0.44,0.14,0.53,0.23,-0.83,0.9726027397260274
392,2489,6.0,6.0,1,0,0.5,1.11,0.42,0.38,1.92,2.42,0.0684931506849315
1366,2489,51.0,51.0,0,0,-0.03,0.0,0.0,0.46,0.45,0.42,0.684931506849315
3532,2489,8.0,8.0,1,0,1.07,0.29,1.34,-0.53,1.1,2.17,0.0958904109589041
16,2488,0.0,26.0,0,1,-1.22,0.66,-0.51,-2.08,-1.93,-3.16,0.33783783783783783
5548,2488,64.0,16.0,0,1,0.29,0.05,-1.26,0.39,-0.82,-0.53,0.20270270270270271
5951,2488,0.0,63.0,0,0,-0.47,-0.92,-0.29,0.03,-1.18,-1.66,0.8378378378378378
388,2488,4.0,4.0,1,0,-1.2,0.43,2.25,1.0,3.68,2.47,0.04054054054054054
693,2488,0.0,59.0,0,0,-0.95,0.8,-0.02,-0.99,-0.2,-1.16,0.7837837837837838
1225,2488,22.0,72.0,0,0,0.85,0.39,-0.33,0.07,0.12,0.97,0.9594594594594594
1651,2488,13.0,54.0,0,0,0.25,0.35,0.26,0.62,1.22,1.47,0.7162162162162162
4638,2488,31.0,16.0,0,1,-0.88,0.85,0.64,0.11,1.6,0.72,0.20270270270270271
3596,2488,22.0,39.0,0,0,0.01,0.0,0.12,0.84,0.97,0.97,0.5135135135135135
780,2488,13.0,1.0,1,0,-0.61,0.03,1.75,0.3,2.08,1.47,0.0
205,2488,13.0,63.0,0,0,0.73,0.06,0.15,0.53,0.75,1.47,0.8378378378378378
208,2488,0.0,75.0,0,0,-0.54,0.88,-2.08,0.08,-1.12,-1.66,1.0
769,2488,31.0,7.0,1,0,0.57,0.25,-0.25,0.15,0.15,0.72,0.08108108108108109
1097,2488,53.0,45.0,0,0,-2.41,0.4,1.03,0.95,2.38,-0.03,0.5945945945945946
4645,2488,0.0,68.0,0,0,-1.4,-0.38,-1.13,-0.74,-2.25,-3.65,0.9054054054054054
3577,2488,31.0,54.0,0,0,0.64,0.15,-0.03,-0.04,0.08,0.72,0.7162162162162162
3448,2488,18.0,4.0,1,0,0.15,0.47,-0.29,0.89,1.07,1.22,0.04054054054054054
3375,2488,60.0,45.0,0,0,-0.52,0.43,-0.46,0.28,0.24,-0.28,0.5945945945945946
1483,2488,0.0,52.0,0,0,-1.35,-1.39,0.08,0.0,-1.31,-2.66,0.6891891891891891
3550,2488,4.0,4.0,1,0,0.64,-0.28,1.61,0.5,1.83,2.47,0.04054054054054054
5408,2488,60.0,39.0,0,0,0.37,0.39,-0.19,-0.84,-0.64,-0.28,0.5135135135135135
5860,2488,0.0,11.0,0,1,-0.97,-0.46,-0.24,0.51,-0.18,-1.16,0.13513513513513514
6991,2488,60.0,26.0,0,1,-1.05,-0.49,0.32,0.95,0.77,-0.28,0.33783783783783783
110,2488,22.0,68.0,0,0,-0.41,0.6,0.61,0.17,1.39,0.97,0.9054054054054054
1067,2488,41.0,11.0,0,1,-0.6,-0.92,0.83,1.17,1.08,0.47,0.13513513513513514
3317,2488,7.0,7.0,1,0,-0.57,0.64,1.51,0.64,2.79,2.22,0.08108108108108109
1676,2488,22.0,20.0,0,1,0.98,-0.57,-0.31,0.88,0.0,0.97,0.25675675675675674
569,2488,31.0,16.0,0,1,-0.2,-0.32,0.98,0.26,0.92,0.72,0.20270270270270271
5467,2488,10.0,10.0,1,0,0.4,-0.1,1.37,0.3,1.57,1.97,0.12162162162162163
4848,2488,10.0,10.0,1,0,-0.02,0.15,1.08,0.77,1.99,1.97,0.12162162162162163
3857,2488,31.0,26.0,0,1,-0.6,0.38,0.48,0.46,1.32,0.72,0.33783783783783783
77,2488,0.0,5.0,1,0,-0.68,0.17,-1.64,-2.01,-3.48,-4.16,0.05405405405405406
1734,2488,68.0,26.0,0,1,0.67,-0.5,-0.53,-0.43,-1.45,-0.78,0.33783783783783783
601,2488,53.0,45.0,0,0,0.32,0.53,-0.32,-0.56,-0.35,-0.03,0.5945945945945946
1059,2488,0.0,20.0,0,1,-1.83,-0.84,-0.62,0.14,-1.32,-3.16,0.25675675675675674
9143,2488,0.0,54.0,0,0,0.21,0.17,-0.45,-2.59,-2.87,-2.66,0.7162162162162162
257,2488,64.0,8.0,1,0,0.11,0.03,-0.96,0.3,-0.63,-0.53,0.0945945945945946
2571,2488,18.0,11.0,0,1,-0.62,-0.08,1.35,0.57,1.84,1.22,0.13513513513513514
3351,2488,0.0,5.0,1,0,-0.17,-0.58,-2.0,0.09,-2.49,-2.66,0.05405405405405406
72,2488,31.0,39.0,0,0,-0.29,0.57,-0.16,0.61,1.01,0.72,0.5135135135135135
3980,2488,0.0,52.0,0,0,-0.48,-1.03,-0.08,-0.06,-1.18,-1.66,0.6891891891891891
801,2488,53.0,26.0,0,1,1.19,1.06,-2.42,0.15,-1.22,-0.03,0.33783783783783783
3470,2488,31.0,20.0,0,1,-1.4,0.37,0.61,1.13,2.12,0.72,0.25675675675675674
809,2488,7.0,7.0,1,0,0.58,0.83,0.45,0.35,1.64,2.22,0.08108108108108109
4591,2488,0.0,39.0,0,0,-0.3,-1.4,-2.24,0.79,-2.86,-3.16,0.5135135135135135
4449,2488,18.0,8.0,1,0,1.26,-0.21,0.17,0.0,-0.04,1.22,0.0945945945945946
4267,2488,0.0,20.0,0,1,-1.71,-1.04,0.79,0.31,0.05,-1.66,0.25675675675675674
412,2488,53.0,11.0,0,1,0.58,0.31,-0.22,-0.7,-0.61,-0.03,0.13513513513513514
3970,2488,0.0,11.0,0,1,-1.2,-0.59,-0.67,-0.18,-1.45,-2.66,0.13513513513513514
3295,2488,41.0,20.0,0,1,-0.33,-0.08,0.86,0.02,0.81,0.47,0.25675675675675674
392,2488,53.0,45.0,0,0,0.81,0.11,-1.02,0.07,-0.84,-0.03,0.5945945945945946
3532,2488,41.0,20.0,0,1,-0.29,0.76,-0.03,0.03,0.77,0.47,0.25675675675675674
5548,2484,17.0,17.0,0,1,1.05,0.51,-0.91,0.83,0.43,1.48,0.23529411764705882
4989,2484,33.0,33.0,0,0,0.12,0.2,0.89,-0.23,0.85,0.98,0.47058823529411764
6062,2484,45.0,45.0,0,0,0.11,-0.94,0.64,0.41,0.11,0.23,0.6470588235294118
693,2484,24.0,24.0,0,1,-0.33,0.32,0.98,0.26,1.56,1.23,0.3382352941176471
1758,2484,51.0,51.0,0,0,-0.83,1.23,0.03,-0.45,0.81,-0.02,0.7352941176470589
159,2484,64.0,64.0,0,0,1.1,0.64,-1.22,-1.55,-2.12,-1.02,0.9264705882352942
1225,2484,58.0,58.0,0,0,1.63,0.12,-1.55,-0.72,-2.15,-0.52,0.8382352941176471
1651,2484,24.0,24.0,0,1,0.31,-0.18,0.07,1.02,0.92,1.23,0.3382352941176471
6798,2484,41.0,41.0,0,0,0.94,-0.27,-0.56,0.36,-0.46,0.48,0.5882352941176471
1222,2484,33.0,33.0,0,0,0.65,0.0,0.3,0.03,0.33,0.98,0.47058823529411764
3596,2484,17.0,17.0,0,1,0.46,0.74,-0.02,0.3,1.02,1.48,0.23529411764705882
1673,2484,41.0,41.0,0,0,0.38,-0.95,0.69,0.35,0.09,0.48,0.5882352941176471
3454,2484,56.0,56.0,0,0,1.97,0.36,-1.1,-1.5,-2.25,-0.27,0.8088235294117647
712,2484,51.0,51.0,0,0,-0.28,-0.17,0.38,0.05,0.26,-0.02,0.7352941176470589
780,2484,14.0,14.0,0,1,-0.98,0.19,1.45,1.07,2.71,1.73,0.19117647058823528
713,2484,5.0,5.0,1,0,-0.07,0.08,1.02,1.45,2.54,2.48,0.058823529411764705
68,2484,17.0,17.0,0,1,0.26,0.14,1.54,-0.46,1.22,1.48,0.23529411764705882
5704,2484,60.0,60.0,0,0,-0.08,0.03,-0.05,-0.68,-0.7,-0.77,0.8676470588235294
205,2484,51.0,51.0,0,0,-0.39,0.22,-0.6,0.75,0.36,-0.02,0.7352941176470589
208,2484,24.0,24.0,0,1,1.26,0.33,0.81,-1.17,-0.03,1.23,0.3382352941176471
3449,2484,37.0,37.0,0,0,0.22,-0.22,0.92,-0.2,0.5,0.73,0.5294117647058824
1793,2484,24.0,24.0,0,1,1.13,0.16,-0.05,-0.02,0.09,1.23,0.3382352941176471
9025,2484,58.0,58.0,0,0,0.14,-0.49,-0.51,0.33,-0.67,-0.52,0.8382352941176471
3950,2484,4.0,4.0,1,0,0.88,0.52,0.97,0.36,1.85,2.73,0.04411764705882353
3452,2484,67.0,67.0,0,0,-0.81,-0.56,0.56,-0.71,-0.71,-1.52,0.9705882352941176
5882,2484,45.0,45.0,0,0,-0.35,-0.92,1.12,0.37,0.57,0.23,0.6470588235294118
328,2484,51.0,51.0,0,0,-0.39,-0.47,0.54,0.29,0.36,-0.02,0.7352941176470589
3550,2484,33.0,33.0,0,0,0.45,-0.31,0.9,-0.06,0.53,0.98,0.47058823529411764
5408,2484,3.0,3.0,1,0,1.09,0.67,1.36,-0.15,1.88,2.98,0.029411764705882353
5860,2484,1.0,1.0,1,0,0.42,0.81,1.39,0.85,3.06,3.48,0.0
1173,2484,37.0,37.0,0,0,0.13,-0.89,0.85,0.64,0.6,0.73,0.5294117647058824
5025,2484,17.0,17.0,0,1,0.94,1.2,0.09,-0.76,0.54,1.48,0.23529411764705882
1067,2484,6.0,6.0,1,0,0.72,0.13,-0.41,1.78,1.51,2.23,0.07352941176470588
5797,2484,6.0,6.0,1,0,1.2,-0.62,1.2,0.44,1.02,2.23,0.07352941176470588
4513,2484,24.0,24.0,0,1,-0.45,0.63,1.11,-0.06,1.68,1.23,0.3382352941176471
77,2484,17.0,17.0,0,1,1.07,2.21,-1.51,-0.29,0.41,1.48,0.23529411764705882
318,2484,24.0,24.0,0,1,-0.23,1.51,0.7,-0.75,1.46,1.23,0.3382352941176471
1778,2484,45.0,45.0,0,0,-0.62,0.22,0.58,0.04,0.85,0.23,0.6470588235294118
1411,2484,24.0,24.0,0,1,0.62,0.0,0.97,-0.36,0.61,1.23,0.3382352941176471
9143,2484,60.0,60.0,0,0,-0.08,-0.05,-0.72,0.07,-0.7,-0.77,0.8676470588235294
1367,2484,60.0,60.0,0,0,0.54,-0.83,-1.42,0.93,-1.31,-0.77,0.8676470588235294
8974,2484,45.0,45.0,0,0,0.96,-0.39,-0.75,0.4,-0.74,0.23,0.6470588235294118
2571,2484,41.0,41.0,0,0,0.72,-0.07,0.97,-1.14,-0.25,0.48,0.5882352941176471
479,2484,65.0,65.0,0,0,0.2,-0.6,-0.65,-0.22,-1.47,-1.27,0.9411764705882353
3792,2484,65.0,65.0,0,0,-0.65,-0.76,-0.37,0.5,-0.62,-1.27,0.9411764705882353
3980,2484,60.0,60.0,0,0,0.39,-0.62,0.24,-0.79,-1.17,-0.77,0.8676470588235294
308,2484,11.0,11.0,0,1,0.15,0.09,0.96,0.78,1.83,1.98,0.14705882352941177
6825,2484,17.0,17.0,0,1,-0.32,0.08,0.52,1.2,1.8,1.48,0.23529411764705882
3702,2484,2.0,2.0,1,0,0.62,1.09,1.55,0.22,2.86,3.48,0.014705882352941176
167,2484,51.0,51.0,0,0,0.29,0.24,-0.52,-0.04,-0.32,-0.02,0.7352941176470589
809,2484,11.0,11.0,0,1,0.48,1.27,0.26,-0.04,1.49,1.98,0.14705882352941177
962,2484,24.0,24.0,0,1,-0.8,0.18,0.57,1.28,2.02,1.23,0.3382352941176471
5619,2484,37.0,37.0,0,0,0.14,-0.49,0.91,0.17,0.58,0.73,0.5294117647058824
7081,2484,67.0,67.0,0,0,-0.08,-0.5,-0.83,-0.11,-1.44,-1.52,0.9705882352941176
4587,2484,6.0,6.0,1,0,1.04,0.42,-0.3,1.07,1.19,2.23,0.07352941176470588
4267,2484,69.0,69.0,0,0,-1.54,0.03,-0.3,-1.97,-2.23,-3.77,1.0
1037,2484,45.0,45.0,0,0,-1.08,-0.5,0.67,1.13,1.31,0.23,0.6470588235294118
3295,2484,17.0,17.0,0,1,-0.01,0.3,1.25,-0.07,1.48,1.48,0.23529411764705882
7082,2484,56.0,56.0,0,0,-1.52,0.21,0.34,0.69,1.24,-0.27,0.8088235294117647
3532,2484,24.0,24.0,0,1,-0.02,-0.27,1.0,0.52,1.25,1.23,0.3382352941176471
1614,2484,14.0,14.0,0,1,0.23,0.27,0.78,0.45,1.5,1.73,0.19117647058823528
9040,2484,33.0,33.0,0,0,1.39,-0.51,0.36,-0.27,-0.41,0.98,0.47058823529411764
686,2484,14.0,14.0,0,1,1.49,0.01,0.66,-0.43,0.23,1.73,0.19117647058823528
512,2528,6.0,6.0,1,0,-0.36,0.29,1.18,-0.23,1.25,0.88,0.05952380952380952
1748,2528,68.0,68.0,0,0,1.1,-1.05,-0.62,-0.22,-1.89,-0.78,0.7976190476190477
3322,2528,85.0,85.0,0,0,-0.06,-1.45,0.06,-0.29,-1.69,-1.75,1.0
6062,2528,75.0,75.0,0,0,-0.13,-0.12,-1.09,1.09,-0.12,-0.25,0.8809523809523809
1758,2528,33.0,33.0,0,0,-0.71,-0.24,0.68,0.5,0.94,0.23,0.38095238095238093
2283,2528,85.0,85.0,0,0,-0.23,-0.93,-1.17,0.58,-1.52,-1.75,1.0
774,2528,33.0,33.0,0,0,0.07,0.42,-0.17,0.56,0.81,0.88,0.38095238095238093
1673,2528,73.0,73.0,0,0,-0.08,0.32,-1.16,-0.85,-1.69,-1.77,0.8571428571428571
3599,2528,25.0,25.0,0,1,-0.72,0.23,1.19,0.2,1.62,0.9,0.2857142857142857
3454,2528,83.0,83.0,0,0,-0.58,-0.09,0.57,-2.14,-1.66,-2.25,0.9761904761904762
713,2528,18.0,18.0,0,1,0.67,0.42,0.72,0.77,1.9,2.56,0.20238095238095238
68,2528,9.0,9.0,1,0,-0.09,0.27,0.92,0.77,1.97,1.88,0.09523809523809523
208,2528,9.0,9.0,1,0,1.01,0.24,-0.51,0.82,0.54,1.55,0.09523809523809523
3449,2528,18.0,18.0,0,1,-0.14,0.34,0.87,0.15,1.37,1.23,0.20238095238095238
1121,2528,33.0,33.0,0,0,-0.7,-0.04,0.54,0.42,0.92,0.22,0.38095238095238093
769,2528,33.0,33.0,0,0,-0.77,-0.19,0.61,0.92,1.34,0.56,0.38095238095238093
1264,2528,75.0,75.0,0,0,-0.11,0.51,-0.41,-1.74,-1.63,-1.75,0.8809523809523809
3577,2528,70.0,70.0,0,0,-1.51,0.22,-0.71,0.23,-0.26,-1.77,0.8214285714285714
928,2528,9.0,9.0,1,0,0.83,1.11,0.19,0.09,1.39,2.22,0.09523809523809523
5574,2528,63.0,63.0,0,0,-0.62,-0.06,0.14,0.75,0.83,0.22,0.7380952380952381
278,2528,33.0,33.0,0,0,0.28,0.05,-0.11,0.33,0.27,0.55,0.38095238095238093
1196,2528,58.0,58.0,0,0,1.06,-0.59,-0.7,0.13,-1.16,-0.1,0.6785714285714286
3375,2528,44.0,44.0,0,0,-0.6,0.34,-0.14,0.29,0.48,-0.12,0.5119047619047619
540,2528,5.0,5.0,1,0,0.73,-0.09,0.6,-0.03,0.48,1.22,0.047619047619047616
301,2528,3.0,3.0,1,0,0.6,-0.01,2.17,-0.21,1.95,2.55,0.023809523809523808
5408,2528,25.0,25.0,0,1,1.97,-0.12,0.41,-1.37,-1.07,0.9,0.2857142857142857
6991,2528,68.0,68.0,0,0,0.14,0.49,0.79,-1.21,0.07,0.22,0.7976190476190477
508,2528,44.0,44.0,0,0,-0.36,-0.04,0.55,-0.24,0.26,-0.1,0.5119047619047619
110,2528,9.0,9.0,1,0,-0.3,0.91,-0.25,0.87,1.53,1.23,0.09523809523809523
3598,2528,18.0,18.0,0,1,-0.63,0.24,-0.61,1.57,1.19,0.56,0.20238095238095238
5797,2528,9.0,9.0,1,0,1.81,-1.11,0.75,-0.23,-0.59,1.22,0.09523809523809523
1676,2528,9.0,9.0,1,0,-0.57,0.41,1.13,0.93,2.47,1.9,0.09523809523809523
1422,2528,85.0,85.0,0,0,-0.7,-0.5,1.0,-1.57,-1.07,-1.77,1.0
4848,2528,58.0,58.0,0,0,0.2,-0.48,0.75,-0.59,-0.32,-0.12,0.6785714285714286
1030,2528,25.0,25.0,0,1,0.01,0.03,0.13,0.73,0.89,0.9,0.2857142857142857
1265,2528,33.0,33.0,0,0,1.4,-0.14,0.0,-0.05,-0.19,1.22,0.38095238095238093
3857,2528,2.0,2.0,1,0,-0.54,1.16,1.8,0.47,3.44,2.9,0.011904761904761904
77,2528,52.0,52.0,0,0,0.07,-0.48,0.17,0.45,0.14,0.22,0.6071428571428571
2552,2528,1.0,1.0,1,0,1.96,0.02,1.88,0.71,2.6,4.56,0.0
1734,2528,44.0,44.0,0,0,-0.58,-0.26,0.2,0.52,0.47,-0.12,0.5119047619047619
1778,2528,33.0,33.0,0,0,0.25,0.35,-0.23,-0.47,-0.36,-0.1,0.38095238095238093
676,2528,9.0,9.0,1,0,0.13,0.4,0.65,0.7,1.75,1.88,0.09523809523809523
9143,2528,18.0,18.0,0,1,-0.57,0.18,1.15,0.46,1.8,1.23,0.20238095238095238
8974,2528,52.0,52.0,0,0,-1.01,-0.3,0.4,-0.21,-0.11,-1.12,0.6071428571428571
257,2528,25.0,25.0,0,1,1.23,-0.03,0.05,-0.02,0.0,1.23,0.2857142857142857
4010,2528,82.0,82.0,0,0,1.21,0.98,-2.68,-0.78,-2.48,-1.27,0.9642857142857143
479,2528,25.0,25.0,0,1,1.64,-0.05,1.23,-0.59,0.59,2.23,0.2857142857142857
5692,2528,75.0,75.0,0,0,0.14,0.02,-0.68,-0.23,-0.89,-0.75,0.8809523809523809
6825,2528,44.0,44.0,0,0,0.33,0.55,0.11,0.25,0.91,1.23,0.5119047619047619
801,2528,25.0,25.0,0,1,0.35,-0.22,1.32,-0.56,0.54,0.9,0.2857142857142857
3740,2528,52.0,52.0,0,0,0.06,0.43,-0.8,0.2,-0.17,-0.12,0.6071428571428571
3948,2528,58.0,58.0,0,0,-1.2,0.29,1.71,-0.24,1.76,0.56,0.6785714285714286
5409,2528,6.0,6.0,1,0,0.86,0.23,0.16,1.29,1.68,2.55,0.05952380952380952
1733,2528,44.0,44.0,0,0,-0.01,1.26,-0.92,0.22,0.56,0.55,0.5119047619047619
5619,2528,25.0,25.0,0,1,0.88,0.39,1.12,-0.83,0.68,1.56,0.2857142857142857
11,2528,52.0,52.0,0,0,0.05,0.42,-0.3,-0.28,-0.17,-0.12,0.6071428571428571
4591,2528,18.0,18.0,0,1,0.53,-0.24,1.06,0.53,1.35,1.88,0.20238095238095238
78,2528,63.0,63.0,0,0,-0.13,-0.49,-0.61,0.13,-0.97,-1.1,0.7380952380952381
4449,2528,75.0,75.0,0,0,0.02,-1.05,0.24,-0.49,-1.29,-1.27,0.8809523809523809
9528,2528,33.0,33.0,0,0,0.25,-0.19,-0.39,0.88,0.3,0.55,0.38095238095238093
7081,2528,18.0,18.0,0,1,0.73,0.36,-0.39,-0.13,-0.17,0.56,0.20238095238095238
5506,2528,33.0,33.0,0,0,1.3,1.0,-1.58,0.51,-0.07,1.23,0.38095238095238093
1170,2528,63.0,63.0,0,0,-0.05,0.08,-0.72,-0.08,-0.72,-0.77,0.7380952380952381
1359,2528,18.0,18.0,0,1,-0.3,0.28,0.34,0.23,0.85,0.55,0.20238095238095238
3378,2528,9.0,9.0,1,0,-0.29,0.02,1.1,0.07,1.18,0.9,0.09523809523809523
198,2528,52.0,52.0,0,0,0.53,-0.71,0.07,0.34,-0.3,0.23,0.6071428571428571
6086,2528,9.0,9.0,1,0,1.26,0.39,0.69,0.54,1.62,2.88,0.09523809523809523
9626,2528,25.0,25.0,0,1,1.03,-0.87,0.07,0.65,-0.15,0.88,0.2857142857142857
3295,2528,75.0,75.0,0,0,-0.65,0.23,0.0,0.17,0.4,-0.25,0.8809523809523809
1157,2528,44.0,44.0,0,0,-0.34,0.25,0.69,0.63,1.57,1.23,0.5119047619047619
392,2528,44.0,44.0,0,0,0.17,0.18,0.42,-0.55,0.05,0.22,0.5119047619047619
9040,2528,33.0,33.0,0,0,0.78,0.57,-0.18,-0.28,0.1,0.88,0.38095238095238093
686,2528,75.0,75.0,0,0,-0.17,-0.62,0.21,0.32,-0.08,-0.25,0.8809523809523809
774,2262,26.0,26.0,0,1,-0.58,-0.4,-0.41,-1.48,-2.3,-2.87,0.9259259259259259
6798,2262,18.0,18.0,0,1,-0.42,-0.87,0.54,0.13,-0.2,-0.62,0.6296296296296297
1222,2262,22.0,22.0,0,1,0.5,0.41,-1.17,-0.61,-1.37,-0.88,0.7777777777777778
780,2262,5.0,5.0,1,0,0.63,0.05,-0.07,0.76,0.74,1.37,0.14814814814814814
205,2262,22.0,22.0,0,1,-0.45,-0.34,0.08,-0.17,-0.43,-0.87,0.7777777777777778
9025,2262,12.0,12.0,0,1,-1.81,1.02,0.4,0.77,2.18,0.38,0.4074074074074074
3448,2262,5.0,5.0,1,0,-0.04,0.44,0.01,0.97,1.42,1.38,0.14814814814814814
3950,2262,2.0,2.0,1,0,0.83,0.42,0.74,-0.36,0.8,1.63,0.037037037037037035
5408,2262,22.0,22.0,0,1,1.63,-0.36,-0.87,-1.28,-2.51,-0.88,0.7777777777777778
5860,2262,12.0,12.0,0,1,-0.03,0.53,-0.09,-0.04,0.4,0.37,0.4074074074074074
576,2262,2.0,2.0,1,0,0.17,-0.06,1.2,0.32,1.45,1.62,0.037037037037037035
1680,2262,10.0,10.0,1,0,-0.12,0.03,0.52,0.45,1.0,0.88,0.3333333333333333
1067,2262,8.0,8.0,1,0,0.13,1.25,-0.66,0.41,0.99,1.13,0.25925925925925924
569,2262,2.0,2.0,1,0,-0.65,0.98,0.88,0.42,2.28,1.63,0.037037037037037035
5467,2262,1.0,1.0,1,0,1.73,0.63,-0.5,0.77,0.9,2.62,0.0
446,2262,18.0,18.0,0,1,-0.46,-0.18,0.44,-0.42,-0.17,-0.63,0.6296296296296297
2552,2262,28.0,28.0,0,1,-1.68,-1.28,-0.71,-0.46,-2.45,-4.12,1.0
318,2262,16.0,16.0,0,1,-0.56,0.26,0.81,-0.38,0.69,0.13,0.5555555555555556
257,2262,10.0,10.0,1,0,0.7,0.39,-0.01,-0.2,0.17,0.88,0.3333333333333333
72,2262,5.0,5.0,1,0,0.88,-0.56,0.38,0.67,0.5,1.37,0.14814814814814814
5579,2262,27.0,27.0,0,1,-1.84,0.05,-0.14,-1.19,-1.29,-3.12,0.9629629629629629
3702,2262,12.0,12.0,0,1,-0.11,-0.31,0.31,0.5,0.49,0.38,0.4074074074074074
3470,2262,16.0,16.0,0,1,0.79,-1.4,-0.15,0.9,-0.66,0.12,0.5555555555555556
5619,2262,18.0,18.0,0,1,0.79,0.06,-0.96,-0.52,-1.42,-0.63,0.6296296296296297
4015,2262,18.0,18.0,0,1,-0.73,-0.7,0.34,0.46,0.1,-0.62,0.6296296296296297
1112,2262,12.0,12.0,0,1,1.07,1.03,-1.84,0.11,-0.69,0.37,0.4074074074074074
1037,2262,25.0,25.0,0,1,-0.39,-0.66,-0.45,-0.63,-1.74,-2.13,0.8888888888888888
686,2262,8.0,8.0,1,0,0.02,-0.43,1.41,0.12,1.11,1.13,0.25925925925925924
1758,2252,32.0,32.0,0,0,0.0,0.35,0.57,-0.67,0.24,0.24,0.4626865671641791
774,2252,19.0,19.0,0,1,-1.77,1.46,0.74,0.56,2.76,0.99,0.26865671641791045
1225,2252,53.0,53.0,0,0,-0.89,0.09,-0.76,0.31,-0.37,-1.26,0.7761194029850746
1651,2252,32.0,32.0,0,0,0.82,-0.14,-0.72,0.28,-0.58,0.24,0.4626865671641791
6798,2252,49.0,49.0,0,0,0.1,-0.46,0.4,-1.05,-1.11,-1.01,0.7164179104477612
4638,2252,68.0,68.0,0,0,-0.88,-0.2,-2.27,-0.91,-3.38,-4.26,1.0
1222,2252,66.0,66.0,0,0,-0.4,-0.24,-0.37,-1.76,-2.36,-2.76,0.9701492537313433
3596,2252,13.0,13.0,0,1,0.18,0.73,-0.36,0.7,1.06,1.24,0.1791044776119403
3454,2252,23.0,23.0,0,1,0.64,0.55,0.0,-0.44,0.1,0.74,0.3283582089552239
780,2252,10.0,10.0,1,0,-0.6,-0.35,1.66,0.78,2.09,1.49,0.13432835820895522
205,2252,53.0,53.0,0,0,-0.66,-0.82,-0.28,0.5,-0.6,-1.26,0.7761194029850746
3449,2252,60.0,60.0,0,0,-0.97,-0.57,-0.71,0.49,-0.79,-1.76,0.8805970149253731
4645,2252,7.0,7.0,1,0,1.41,0.33,-0.19,0.19,0.33,1.74,0.08955223880597014
9025,2252,2.0,2.0,1,0,1.18,-0.67,1.88,0.09,1.31,2.49,0.014925373134328358
928,2252,28.0,28.0,0,1,1.39,0.01,-0.66,-0.24,-0.9,0.49,0.40298507462686567
3448,2252,7.0,7.0,1,0,0.12,0.05,0.95,0.62,1.62,1.74,0.08955223880597014
3950,2252,47.0,47.0,0,0,-0.65,-0.53,0.48,-0.06,-0.11,-0.76,0.6865671641791045
5574,2252,49.0,49.0,0,0,-0.78,0.37,-0.23,-0.37,-0.23,-1.01,0.7164179104477612
3452,2252,41.0,41.0,0,0,0.65,0.06,-0.15,-0.82,-0.91,-0.26,0.5970149253731343
3375,2252,39.0,39.0,0,0,0.95,-0.1,-0.83,-0.03,-0.96,-0.01,0.5671641791044776
808,2252,13.0,13.0,0,1,-0.04,-0.14,1.39,0.04,1.28,1.24,0.1791044776119403
3550,2252,60.0,60.0,0,0,-0.29,-0.83,-1.11,0.46,-1.47,-1.76,0.8805970149253731
5408,2252,19.0,19.0,0,1,0.08,0.02,0.2,0.69,0.91,0.99,0.26865671641791045
957,2252,32.0,32.0,0,0,1.11,0.17,-0.52,-0.52,-0.87,0.24,0.4626865671641791
5860,2252,7.0,7.0,1,0,0.38,-0.07,1.12,0.3,1.36,1.74,0.08955223880597014
576,2252,10.0,10.0,1,0,0.61,0.1,0.6,0.18,0.88,1.49,0.13432835820895522
619,2252,53.0,53.0,0,0,-0.8,0.19,-0.4,-0.25,-0.46,-1.26,0.7761194029850746
1173,2252,64.0,64.0,0,0,-2.19,-0.18,0.44,-0.34,-0.07,-2.26,0.9402985074626866
1680,2252,1.0,1.0,1,0,1.05,0.73,1.32,0.89,2.94,3.99,0.0
5025,2252,32.0,32.0,0,0,0.6,-0.87,0.5,0.01,-0.36,0.24,0.4626865671641791
1067,2252,4.0,4.0,1,0,1.98,0.79,-0.34,-0.44,0.01,1.99,0.04477611940298507
243,2252,62.0,62.0,0,0,-1.15,0.04,-0.89,-0.01,-0.85,-2.01,0.9104477611940298
569,2252,13.0,13.0,0,1,-0.13,-0.47,1.46,0.37,1.37,1.24,0.1791044776119403
5467,2252,13.0,13.0,0,1,0.1,0.02,1.5,-0.37,1.14,1.24,0.1791044776119403
4848,2252,13.0,13.0,0,1,-0.02,0.18,0.4,0.67,1.26,1.24,0.1791044776119403
446,2252,32.0,32.0,0,0,0.55,0.93,-0.58,-0.66,-0.31,0.24,0.4626865671641791
4513,2252,28.0,28.0,0,1,0.39,-0.16,-0.23,0.49,0.1,0.49,0.40298507462686567
3857,2252,23.0,23.0,0,1,0.46,-0.53,0.09,0.72,0.28,0.74,0.3283582089552239
2552,2252,41.0,41.0,0,0,0.22,-0.37,0.77,-0.87,-0.48,-0.26,0.5970149253731343
318,2252,10.0,10.0,1,0,1.78,0.4,-0.44,-0.25,-0.29,1.49,0.13432835820895522
1293,2252,19.0,19.0,0,1,-0.61,0.08,0.47,1.05,1.6,0.99,0.26865671641791045
1367,2252,32.0,32.0,0,0,0.59,-0.01,-0.67,0.33,-0.35,0.24,0.4626865671641791
257,2252,41.0,41.0,0,0,0.28,-0.29,-0.16,-0.09,-0.54,-0.26,0.5970149253731343
1042,2252,19.0,19.0,0,1,0.15,0.15,-0.13,0.82,0.84,0.99,0.26865671641791045
72,2252,23.0,23.0,0,1,-0.33,-0.6,1.5,0.17,1.07,0.74,0.3283582089552239
308,2252,32.0,32.0,0,0,-0.09,0.25,-0.04,0.11,0.33,0.24,0.4626865671641791
707,2252,45.0,45.0,0,0,1.3,0.03,-0.49,-1.36,-1.81,-0.51,0.6567164179104478
5579,2252,28.0,28.0,0,1,0.35,0.04,0.04,0.05,0.14,0.49,0.40298507462686567
3702,2252,4.0,4.0,1,0,0.39,-0.15,1.58,0.18,1.6,1.99,0.04477611940298507
5409,2252,49.0,49.0,0,0,-0.61,-0.18,-0.52,0.31,-0.4,-1.01,0.7164179104477612
4483,2252,45.0,45.0,0,0,-0.33,0.31,0.21,-0.71,-0.18,-0.51,0.6567164179104478
3470,2252,4.0,4.0,1,0,-0.38,0.77,0.71,0.88,2.37,1.99,0.04477611940298507
809,2252,28.0,28.0,0,1,0.53,-0.15,0.0,0.1,-0.04,0.49,0.40298507462686567
962,2252,23.0,23.0,0,1,0.0,-0.35,0.25,0.85,0.74,0.74,0.3283582089552239
377,2252,67.0,67.0,0,0,-1.64,-0.58,-1.27,0.47,-1.37,-3.01,0.9850746268656716
5619,2252,23.0,23.0,0,1,0.14,-0.24,0.85,-0.01,0.6,0.74,0.3283582089552239
4015,2252,53.0,53.0,0,0,0.12,1.18,-2.88,0.32,-1.38,-1.26,0.7761194029850746
1112,2252,41.0,41.0,0,0,-0.25,0.63,-0.2,-0.44,-0.01,-0.26,0.5970149253731343
158,2252,39.0,39.0,0,0,0.39,-0.48,-0.01,0.09,-0.4,-0.01,0.5671641791044776
1359,2252,53.0,53.0,0,0,-0.69,-0.14,-0.6,0.18,-0.57,-1.26,0.7761194029850746
1037,2252,3.0,3.0,1,0,0.8,0.12,0.66,0.67,1.44,2.24,0.029850746268656716
4643,2252,59.0,59.0,0,0,-0.5,-0.74,-0.19,-0.08,-1.01,-1.51,0.8656716417910447
2230,2252,47.0,47.0,0,0,0.59,0.65,-0.97,-1.03,-1.35,-0.76,0.6865671641791045
3970,2252,62.0,62.0,0,0,-1.19,0.09,-0.48,-0.43,-0.82,-2.01,0.9104477611940298
3532,2252,49.0,49.0,0,0,-1.33,0.37,0.03,-0.08,0.32,-1.01,0.7164179104477612
1614,2252,64.0,64.0,0,0,-2.45,0.56,-0.2,-0.17,0.19,-2.26,0.9402985074626866
9040,2252,53.0,53.0,0,0,0.41,0.15,-1.38,-0.44,-1.67,-1.26,0.7761194029850746
686,2252,13.0,13.0,0,1,0.74,-0.06,0.72,-0.15,0.5,1.24,0.1791044776119403
9517,2243,43.0,43.0,0,0,1.11,-0.11,-0.89,0.43,-0.56,0.55,0.6268656716417911
5548,2243,51.0,51.0,0,0,0.11,0.75,0.15,-0.97,-0.06,0.05,0.746268656716418
3322,2243,51.0,51.0,0,0,-0.3,0.1,-0.3,0.55,0.35,0.05,0.746268656716418
388,2243,63.0,63.0,0,0,0.68,-0.8,-0.61,0.03,-1.38,-0.7,0.9253731343283582
5285,2243,18.0,18.0,0,1,-1.83,0.36,1.63,1.4,3.39,1.55,0.2537313432835821
4383,2243,47.0,47.0,0,0,0.3,-0.11,-0.68,0.79,0.0,0.3,0.6865671641791045
774,2243,6.0,6.0,1,0,0.82,-0.18,0.62,1.05,1.48,2.3,0.07462686567164178
6798,2243,6.0,6.0,1,0,-0.32,0.29,0.82,1.52,2.62,2.3,0.07462686567164178
4638,2243,10.0,10.0,1,0,0.78,-0.36,1.13,0.5,1.28,2.05,0.13432835820895522
1222,2243,43.0,43.0,0,0,0.75,0.17,0.17,-0.53,-0.19,0.55,0.6268656716417911
712,2243,65.0,65.0,0,0,-1.13,-1.1,1.17,0.11,0.18,-0.95,0.9552238805970149
68,2243,31.0,31.0,0,0,0.92,0.8,-0.18,-0.5,0.13,1.05,0.44776119402985076
208,2243,31.0,31.0,0,0,-0.46,0.62,0.08,0.81,1.51,1.05,0.44776119402985076
1121,2243,38.0,38.0,0,0,0.74,-0.79,0.53,0.31,0.06,0.8,0.5522388059701493
856,2243,6.0,6.0,1,0,1.49,-0.46,1.39,-0.13,0.81,2.3,0.07462686567164178
1097,2243,3.0,3.0,1,0,-0.3,0.21,1.96,0.68,2.85,2.55,0.029850746268656716
9131,2243,18.0,18.0,0,1,2.35,-0.21,-0.94,0.35,-0.8,1.55,0.2537313432835821
1264,2243,26.0,26.0,0,1,0.27,1.08,-0.08,0.04,1.04,1.3,0.373134328358209
7004,2243,18.0,18.0,0,1,0.62,-0.01,0.23,0.72,0.93,1.55,0.2537313432835821
278,2243,1.0,1.0,1,0,2.26,-0.02,0.91,-0.1,0.79,3.05,0.0
3452,2243,43.0,43.0,0,0,0.63,-0.2,0.65,-0.53,-0.08,0.55,0.6268656716417911
123,2243,68.0,68.0,0,0,-0.84,0.11,-0.5,-1.22,-1.61,-2.45,1.0
74,2243,51.0,51.0,0,0,0.47,-0.47,0.41,-0.36,-0.42,0.05,0.746268656716418
5076,2243,38.0,38.0,0,0,0.01,0.35,0.87,-0.42,0.79,0.8,0.5522388059701493
808,2243,31.0,31.0,0,0,0.69,-0.59,0.95,0.0,0.36,1.05,0.44776119402985076
5408,2243,31.0,31.0,0,0,0.33,0.04,0.93,-0.26,0.72,1.05,0.44776119402985076
3856,2243,10.0,10.0,1,0,1.25,-0.12,0.41,0.52,0.8,2.05,0.13432835820895522
508,2243,18.0,18.0,0,1,-0.26,0.32,0.88,0.61,1.81,1.55,0.2537313432835821
110,2243,51.0,51.0,0,0,-0.65,0.01,0.19,0.5,0.7,0.05,0.746268656716418
3598,2243,18.0,18.0,0,1,0.64,-0.05,0.65,0.31,0.91,1.55,0.2537313432835821
5797,2243,59.0,59.0,0,0,-1.0,1.08,0.37,-0.9,0.55,-0.45,0.8656716417910447
243,2243,18.0,18.0,0,1,0.9,0.6,-0.03,0.08,0.65,1.55,0.2537313432835821
4848,2243,56.0,56.0,0,0,-0.48,-0.14,0.19,0.22,0.28,-0.2,0.8208955223880597
77,2243,63.0,63.0,0,0,0.54,0.01,-0.41,-0.83,-1.24,-0.7,0.9253731343283582
1734,2243,47.0,47.0,0,0,0.19,0.6,-0.69,0.21,0.11,0.3,0.6865671641791045
1778,2243,51.0,51.0,0,0,-0.47,-0.14,0.17,0.49,0.52,0.05,0.746268656716418
601,2243,26.0,26.0,0,1,0.79,0.03,0.38,0.09,0.51,1.3,0.373134328358209
676,2243,18.0,18.0,0,1,-0.04,-0.25,0.52,1.32,1.59,1.55,0.2537313432835821
1637,2243,56.0,56.0,0,0,-0.86,-0.36,0.37,0.65,0.66,-0.2,0.8208955223880597
4781,2243,26.0,26.0,0,1,1.21,-0.03,0.07,0.04,0.09,1.3,0.373134328358209
3670,2243,14.0,14.0,0,1,1.46,-0.26,0.0,0.59,0.34,1.8,0.19402985074626866
2571,2243,59.0,59.0,0,0,0.73,0.37,-1.11,-0.44,-1.18,-0.45,0.8656716417910447
3688,2243,47.0,47.0,0,0,0.29,0.65,-0.29,-0.35,0.01,0.3,0.6865671641791045
1042,2243,31.0,31.0,0,0,-0.19,-0.12,1.12,0.25,1.24,1.05,0.44776119402985076
72,2243,3.0,3.0,1,0,0.95,0.07,0.65,0.88,1.6,2.55,0.029850746268656716
6825,2243,38.0,38.0,0,0,-0.24,-0.08,0.02,1.1,1.04,0.8,0.5522388059701493
3740,2243,66.0,66.0,0,0,-1.45,-0.41,0.7,-0.05,0.25,-1.2,0.9701492537313433
4047,2243,31.0,31.0,0,0,-0.12,0.25,0.46,0.45,1.17,1.05,0.44776119402985076
809,2243,10.0,10.0,1,0,0.46,0.82,0.04,0.72,1.59,2.05,0.13432835820895522
4591,2243,3.0,3.0,1,0,0.38,0.61,1.01,0.55,2.17,2.55,0.029850746268656716
5506,2243,59.0,59.0,0,0,-0.84,0.1,0.24,0.05,0.39,-0.45,0.8656716417910447
1613,2243,14.0,14.0,0,1,1.09,-0.23,0.11,0.83,0.71,1.8,0.19402985074626866
6086,2243,38.0,38.0,0,0,-0.13,0.22,0.27,0.45,0.94,0.8,0.5522388059701493
462,2243,10.0,10.0,1,0,1.18,-0.44,0.95,0.36,0.88,2.05,0.13432835820895522
392,2243,31.0,31.0,0,0,1.01,0.76,-0.39,-0.33,0.04,1.05,0.44776119402985076
1185,2243,47.0,47.0,0,0,-0.45,0.28,0.32,0.15,0.75,0.3,0.6865671641791045
3532,2243,14.0,14.0,0,1,1.11,-0.04,0.23,0.5,0.69,1.8,0.19402985074626866
1614,2243,6.0,6.0,1,0,-0.4,0.54,1.47,0.68,2.7,2.3,0.07462686567164178
4989,2255,5.0,5.0,1,0,1.44,0.14,0.6,1.44,2.17,3.61,0.05405405405405406
1758,2255,65.0,65.0,0,0,0.27,-0.78,-0.19,0.31,-0.66,-0.39,0.8648648648648649
4383,2255,3.0,3.0,1,0,1.94,0.93,0.37,0.86,2.17,4.11,0.02702702702702703
774,2255,65.0,65.0,0,0,-1.02,0.14,0.55,-0.07,0.63,-0.39,0.8648648648648649
1651,2255,25.0,25.0,0,1,2.44,-0.2,-0.62,-0.01,-0.83,1.61,0.32432432432432434
6798,2255,5.0,5.0,1,0,1.34,1.25,0.24,0.78,2.27,3.61,0.05405405405405406
1222,2255,12.0,12.0,0,1,2.01,0.83,0.4,-0.38,0.85,2.86,0.14864864864864866
3596,2255,12.0,12.0,0,1,0.45,0.25,1.52,0.64,2.41,2.86,0.14864864864864866
780,2255,21.0,21.0,0,1,-0.22,0.79,0.81,0.72,2.33,2.11,0.2702702702702703
713,2255,37.0,37.0,0,0,-0.29,-0.11,0.97,0.53,1.39,1.11,0.4864864864864865
5704,2255,61.0,61.0,0,0,-0.5,-0.11,0.37,0.35,0.61,0.11,0.8108108108108109
208,2255,65.0,65.0,0,0,-1.69,0.67,-0.45,1.08,1.3,-0.39,0.8648648648648649
856,2255,75.0,75.0,0,0,0.61,-1.83,-0.46,0.04,-2.25,-1.64,1.0
1097,2255,37.0,37.0,0,0,-1.12,0.11,0.55,1.57,2.23,1.11,0.4864864864864865
9131,2255,25.0,25.0,0,1,1.2,0.96,-0.16,-0.4,0.4,1.61,0.32432432432432434
3448,2255,7.0,7.0,1,0,1.69,-0.3,0.52,1.45,1.67,3.36,0.08108108108108109
3950,2255,43.0,43.0,0,0,0.72,0.74,0.32,-0.92,0.13,0.86,0.5675675675675675
5574,2255,12.0,12.0,0,1,2.48,-0.1,-0.33,0.81,0.38,2.86,0.14864864864864866
4304,2255,54.0,54.0,0,0,-0.84,0.47,1.02,-0.29,1.2,0.36,0.7162162162162162
123,2255,25.0,25.0,0,1,-0.28,0.28,1.27,0.34,1.88,1.61,0.32432432432432434
5882,2255,61.0,61.0,0,0,-0.46,-0.01,0.85,-0.27,0.57,0.11,0.8108108108108109
1483,2255,54.0,54.0,0,0,-1.48,0.5,1.23,0.1,1.84,0.36,0.7162162162162162
5076,2255,7.0,7.0,1,0,2.26,0.84,0.67,-0.41,1.1,3.36,0.08108108108108109
5408,2255,48.0,48.0,0,0,0.93,0.46,-0.83,0.05,-0.32,0.61,0.6351351351351351
957,2255,43.0,43.0,0,0,0.4,0.15,-0.4,0.71,0.46,0.86,0.5675675675675675
5860,2255,37.0,37.0,0,0,0.7,0.33,0.75,-0.67,0.41,1.11,0.4864864864864865
576,2255,25.0,25.0,0,1,-0.31,0.87,0.18,0.87,1.91,1.61,0.32432432432432434
1173,2255,37.0,37.0,0,0,0.26,0.66,0.86,-0.67,0.85,1.11,0.4864864864864865
1680,2255,1.0,1.0,1,0,1.3,0.44,1.75,1.86,4.05,5.36,0.0
110,2255,68.0,68.0,0,0,-2.44,0.72,0.77,0.31,1.8,-0.64,0.9054054054054054
153,2255,30.0,30.0,0,1,-0.1,0.27,1.17,0.02,1.45,1.36,0.3918918918918919
196,2255,72.0,72.0,0,0,0.12,0.94,-0.65,-1.55,-1.26,-1.14,0.9594594594594594
1067,2255,24.0,24.0,0,1,1.09,0.69,-0.6,0.68,0.77,1.86,0.3108108108108108
569,2255,4.0,4.0,1,0,1.6,0.24,0.83,1.19,2.25,3.86,0.04054054054054054
5467,2255,2.0,2.0,1,0,0.9,1.83,1.32,0.55,3.7,4.61,0.013513513513513514
4848,2255,18.0,18.0,0,1,0.18,0.53,1.06,0.58,2.17,2.36,0.22972972972972974
5771,2255,68.0,68.0,0,0,0.01,-0.33,-0.17,-0.15,-0.65,-0.64,0.9054054054054054
4513,2255,61.0,61.0,0,0,-0.08,0.52,0.15,-0.48,0.19,0.11,0.8108108108108109
3857,2255,43.0,43.0,0,0,0.31,0.71,0.44,-0.6,0.55,0.86,0.5675675675675675
1077,2255,54.0,54.0,0,0,-1.79,0.36,1.38,0.42,2.15,0.36,0.7162162162162162
601,2255,43.0,43.0,0,0,0.51,0.99,0.18,-0.81,0.35,0.86,0.5675675675675675
1293,2255,30.0,30.0,0,1,0.65,-0.64,0.64,0.72,0.71,1.36,0.3918918918918919
455,2255,43.0,43.0,0,0,0.7,0.04,0.02,0.1,0.16,0.86,0.5675675675675675
4781,2255,75.0,75.0,0,0,-0.19,-1.17,-1.66,1.38,-1.46,-1.64,1.0
1367,2255,21.0,21.0,0,1,0.1,0.73,0.5,0.78,2.01,2.11,0.2702702702702703
3670,2255,12.0,12.0,0,1,1.84,-0.03,0.74,0.31,1.02,2.86,0.14864864864864866
257,2255,7.0,7.0,1,0,-0.05,1.05,1.47,0.89,3.41,3.36,0.08108108108108109
3792,2255,68.0,68.0,0,0,-0.28,-0.21,0.05,-0.21,-0.37,-0.64,0.9054054054054054
1042,2255,30.0,30.0,0,1,-0.47,0.33,1.06,0.44,1.83,1.36,0.3918918918918919
72,2255,30.0,30.0,0,1,1.12,-0.46,0.62,0.07,0.24,1.36,0.3918918918918919
308,2255,18.0,18.0,0,1,0.87,1.34,0.25,-0.1,1.49,2.36,0.22972972972972974
5579,2255,30.0,30.0,0,1,0.3,1.13,-0.41,0.34,1.06,1.36,0.3918918918918919
3702,2255,30.0,30.0,0,1,0.61,-0.05,0.96,-0.16,0.74,1.36,0.3918918918918919
5409,2255,12.0,12.0,0,1,1.39,0.37,0.58,0.51,1.47,2.86,0.14864864864864866
3470,2255,17.0,17.0,0,1,-0.63,1.18,0.85,1.21,3.24,2.61,0.21621621621621623
809,2255,37.0,37.0,0,0,0.13,0.19,0.93,-0.15,0.98,1.11,0.4864864864864865
5619,2255,10.0,10.0,1,0,1.09,0.26,0.88,0.89,2.02,3.11,0.12162162162162163
4015,2255,64.0,64.0,0,0,0.56,-1.19,0.12,0.37,-0.7,-0.14,0.8513513513513513
158,2255,54.0,54.0,0,0,-0.03,-0.25,-0.24,0.88,0.39,0.36,0.7162162162162162
1359,2255,72.0,72.0,0,0,-0.36,0.56,-0.69,-0.66,-0.79,-1.14,0.9594594594594594
1037,2255,48.0,48.0,0,0,0.48,-0.16,-0.15,0.43,0.12,0.61,0.6351351351351351
412,2255,30.0,30.0,0,1,1.24,-0.23,0.46,-0.12,0.12,1.36,0.3918918918918919
2230,2255,10.0,10.0,1,0,1.19,0.1,1.06,0.76,1.92,3.11,0.12162162162162163
5553,2255,25.0,25.0,0,1,0.89,0.34,0.19,0.19,0.72,1.61,0.32432432432432434
3970,2255,54.0,54.0,0,0,0.25,0.03,0.15,-0.07,0.11,0.36,0.7162162162162162
392,2255,37.0,37.0,0,0,-0.03,-0.7,1.47,0.37,1.14,1.11,0.4864864864864865
1614,2255,54.0,54.0,0,0,-1.25,1.4,0.0,0.21,1.61,0.36,0.7162162162162162
1350,2255,48.0,48.0,0,0,0.04,-0.31,1.06,-0.18,0.57,0.61,0.6351351351351351
824,2272,72.0,72.0,0,0,-0.21,0.08,-0.64,-1.19,-1.75,-1.96,0.9594594594594594
16,2272,46.0,46.0,0,0,0.35,0.45,-0.2,-0.31,-0.06,0.29,0.6081081081081081
5548,2272,21.0,21.0,0,1,0.28,0.04,0.76,-0.03,0.77,1.04,0.2702702702702703
1712,2272,21.0,21.0,0,1,1.68,-0.63,0.31,-0.32,-0.64,1.04,0.2702702702702703
1049,2272,15.0,15.0,0,1,1.07,0.7,0.05,-0.27,0.48,1.54,0.1891891891891892
1758,2272,59.0,59.0,0,0,-0.51,0.17,0.19,-0.05,0.3,-0.21,0.7837837837837838
2283,2272,21.0,21.0,0,1,2.16,0.13,-1.09,-0.15,-1.11,1.04,0.2702702702702703
774,2272,4.0,4.0,1,0,-0.17,0.44,1.51,0.51,2.46,2.29,0.04054054054054054
3596,2272,30.0,30.0,0,1,-0.55,0.15,0.82,0.37,1.34,0.79,0.3918918918918919
68,2272,11.0,11.0,0,1,0.17,0.79,0.38,0.45,1.62,1.79,0.13513513513513514
5704,2272,70.0,70.0,0,0,0.19,-0.12,-1.26,-0.26,-1.65,-1.46,0.9324324324324325
208,2272,11.0,11.0,0,1,0.09,-0.09,0.93,0.85,1.7,1.79,0.13513513513513514
1793,2272,39.0,39.0,0,0,1.12,-0.05,-0.43,-0.1,-0.58,0.54,0.5135135135135135
5532,2272,30.0,30.0,0,1,0.2,0.3,-0.13,0.42,0.59,0.79,0.3918918918918919
856,2272,4.0,4.0,1,0,1.69,-0.63,1.13,0.1,0.6,2.29,0.04054054054054054
4645,2272,21.0,21.0,0,1,-0.09,0.32,0.33,0.48,1.13,1.04,0.2702702702702703
3950,2272,4.0,4.0,1,0,0.43,0.46,0.78,0.62,1.86,2.29,0.04054054054054054
5574,2272,3.0,3.0,1,0,1.78,-0.01,0.34,0.69,1.01,2.79,0.02702702702702703
646,2272,71.0,71.0,0,0,0.21,-0.66,-0.79,-0.46,-1.91,-1.71,0.9459459459459459
123,2272,46.0,46.0,0,0,-1.43,-0.09,1.06,0.75,1.72,0.29,0.6081081081081081
808,2272,30.0,30.0,0,1,0.26,0.45,0.21,-0.12,0.53,0.79,0.3918918918918919
5408,2272,46.0,46.0,0,0,-0.06,0.18,0.18,-0.01,0.36,0.29,0.6081081081081081
5504,2272,21.0,21.0,0,1,0.86,-0.26,-0.19,0.64,0.18,1.04,0.2702702702702703
3856,2272,30.0,30.0,0,1,0.71,0.83,-1.53,0.78,0.08,0.79,0.3918918918918919
1173,2272,4.0,4.0,1,0,1.71,-0.63,1.06,0.15,0.58,2.29,0.04054054054054054
508,2272,61.0,61.0,0,0,0.26,-0.34,-0.61,0.23,-0.72,-0.46,0.8108108108108109
5025,2272,39.0,39.0,0,0,0.51,0.13,0.03,-0.13,0.03,0.54,0.5135135135135135
196,2272,63.0,63.0,0,0,-1.19,0.09,-0.18,0.57,0.48,-0.71,0.8378378378378378
3598,2272,30.0,30.0,0,1,-0.83,0.09,0.87,0.66,1.62,0.79,0.3918918918918919
5797,2272,30.0,30.0,0,1,0.75,0.36,0.32,-0.63,0.05,0.79,0.3918918918918919
3317,2272,18.0,18.0,0,1,-0.28,-0.03,1.35,0.25,1.57,1.29,0.22972972972972974
1422,2272,61.0,61.0,0,0,-0.36,-0.72,0.2,0.42,-0.1,-0.46,0.8108108108108109
5578,2272,52.0,52.0,0,0,0.8,-0.55,-0.15,-0.06,-0.76,0.04,0.6891891891891891
569,2272,4.0,4.0,1,0,0.02,0.28,1.24,0.75,2.27,2.29,0.04054054054054054
4848,2272,4.0,4.0,1,0,0.95,0.34,0.56,0.44,1.35,2.29,0.04054054054054054
446,2272,21.0,21.0,0,1,1.35,-0.1,0.13,-0.34,-0.31,1.04,0.2702702702702703
3857,2272,18.0,18.0,0,1,-0.41,0.15,0.93,0.63,1.71,1.29,0.22972972972972974
77,2272,30.0,30.0,0,1,0.18,0.13,1.72,-1.23,0.61,0.79,0.3918918918918919
745,2272,30.0,30.0,0,1,-0.77,0.12,1.35,0.09,1.56,0.79,0.3918918918918919
1734,2272,46.0,46.0,0,0,-0.05,0.04,0.54,-0.23,0.35,0.29,0.6081081081081081
8973,2272,72.0,72.0,0,0,-0.34,-0.21,-0.58,-0.82,-1.62,-1.96,0.9594594594594594
9143,2272,67.0,67.0,0,0,0.52,0.84,-1.78,-0.79,-1.73,-1.21,0.8918918918918919
479,2272,39.0,39.0,0,0,-0.09,0.77,-0.04,-0.1,0.63,0.54,0.5135135135135135
3792,2272,52.0,52.0,0,0,0.95,0.9,-1.6,-0.21,-0.91,0.04,0.6891891891891891
9568,2272,15.0,15.0,0,1,1.92,-0.15,-0.74,0.52,-0.38,1.54,0.1891891891891892
707,2272,21.0,21.0,0,1,0.54,0.01,0.44,0.06,0.51,1.04,0.2702702702702703
6825,2272,67.0,67.0,0,0,-0.18,-0.39,-1.41,0.77,-1.03,-1.21,0.8918918918918919
801,2272,63.0,63.0,0,0,0.52,-0.15,-0.14,-0.94,-1.23,-0.71,0.8378378378378378
3702,2272,2.0,2.0,1,0,1.32,-0.02,1.19,0.55,1.72,3.04,0.013513513513513514
167,2272,46.0,46.0,0,0,-1.01,-0.56,1.79,0.07,1.3,0.29,0.6081081081081081
4047,2272,10.0,10.0,1,0,0.36,0.85,0.7,0.13,1.68,2.04,0.12162162162162163
4483,2272,39.0,39.0,0,0,-1.52,-0.01,1.78,0.29,2.06,0.54,0.5135135135135135
1112,2272,67.0,67.0,0,0,0.21,0.04,-0.93,-0.52,-1.42,-1.21,0.8918918918918919
4267,2272,75.0,75.0,0,0,-1.12,0.06,-1.17,-0.73,-1.84,-2.96,1.0
4643,2272,52.0,52.0,0,0,-1.06,-0.34,0.8,0.65,1.1,0.04,0.6891891891891891
2230,2272,39.0,39.0,0,0,-0.11,-0.4,0.41,0.65,0.66,0.54,0.5135135135135135
6086,2272,39.0,39.0,0,0,-0.73,-0.35,2.18,-0.55,1.27,0.54,0.5135135135135135
3970,2272,1.0,1.0,1,0,1.18,0.28,2.53,-0.2,2.61,3.79,0.0
462,2272,18.0,18.0,0,1,0.94,0.54,-0.1,-0.08,0.36,1.29,0.22972972972972974
392,2272,52.0,52.0,0,0,-0.37,0.12,1.04,-0.74,0.42,0.04,0.6891891891891891
1185,2272,30.0,30.0,0,1,-1.61,0.01,2.27,0.13,2.41,0.79,0.3918918918918919
7082,2272,11.0,11.0,0,1,0.45,-0.1,1.27,0.16,1.34,1.79,0.13513513513513514
3532,2272,63.0,63.0,0,0,0.46,-0.02,-1.39,0.24,-1.17,-0.71,0.8378378378378378
512,2258,55.0,55.0,0,0,-0.83,0.32,0.42,-0.03,0.71,-0.12,0.7605633802816901
5548,2258,18.0,18.0,0,1,0.07,0.94,0.63,-0.01,1.55,1.63,0.23943661971830985
3322,2258,28.0,28.0,0,1,-0.6,0.39,0.51,0.82,1.73,1.13,0.38028169014084506
1225,2258,24.0,24.0,0,1,-0.79,0.56,0.73,0.87,2.17,1.38,0.323943661971831
3599,2258,18.0,18.0,0,1,-0.02,0.07,1.2,0.37,1.65,1.63,0.23943661971830985
713,2258,69.0,69.0,0,0,-1.48,0.14,-1.04,0.51,-0.39,-1.87,0.9577464788732394
68,2258,28.0,28.0,0,1,-0.18,0.16,0.56,0.59,1.3,1.13,0.38028169014084506
208,2258,60.0,60.0,0,0,-0.91,-0.12,0.43,0.22,0.53,-0.37,0.8309859154929577
1121,2258,62.0,62.0,0,0,-0.37,-0.26,-0.08,0.08,-0.25,-0.62,0.8591549295774648
856,2258,12.0,12.0,0,1,0.91,0.43,1.22,-0.19,1.46,2.38,0.15492957746478872
769,2258,65.0,65.0,0,0,-0.43,-1.17,0.21,0.52,-0.44,-0.87,0.9014084507042254
1352,2258,5.0,5.0,1,0,0.74,0.67,1.83,-0.11,2.39,3.13,0.056338028169014086
3577,2258,55.0,55.0,0,0,0.24,-0.32,0.4,-0.44,-0.37,-0.12,0.7605633802816901
928,2258,67.0,67.0,0,0,-0.82,-0.26,0.49,-0.54,-0.3,-1.12,0.9295774647887324
3950,2258,3.0,3.0,1,0,0.12,0.39,2.88,-0.02,3.25,3.38,0.028169014084507043
3452,2258,8.0,8.0,1,0,1.77,-0.5,1.93,-0.58,0.85,2.63,0.09859154929577464
74,2258,69.0,69.0,0,0,0.2,-1.27,-0.47,-0.33,-2.07,-1.87,0.9577464788732394
100,2258,65.0,65.0,0,0,0.23,0.63,-0.79,-0.94,-1.11,-0.87,0.9014084507042254
5408,2258,72.0,72.0,0,0,-1.37,-0.42,-0.74,0.41,-0.76,-2.12,1.0
5504,2258,35.0,35.0,0,0,0.26,0.09,0.04,0.49,0.62,0.88,0.4788732394366197
3856,2258,62.0,62.0,0,0,-0.12,-0.26,-0.46,0.21,-0.51,-0.62,0.8591549295774648
1173,2258,12.0,12.0,0,1,0.45,-0.05,1.74,0.24,1.93,2.38,0.15492957746478872
5797,2258,50.0,50.0,0,0,-0.26,0.04,0.2,0.15,0.38,0.13,0.6901408450704225
243,2258,17.0,17.0,0,1,2.14,-0.09,0.07,-0.24,-0.27,1.88,0.22535211267605634
5467,2258,1.0,1.0,1,0,1.56,0.37,1.39,0.3,2.07,3.63,0.0
1568,2258,28.0,28.0,0,1,-0.71,-0.34,1.43,0.75,1.84,1.13,0.38028169014084506
4848,2258,5.0,5.0,1,0,-0.3,0.7,1.57,1.16,3.43,3.13,0.056338028169014086
1030,2258,44.0,44.0,0,0,0.52,1.0,-0.86,-0.29,-0.14,0.38,0.6056338028169014
1265,2258,5.0,5.0,1,0,1.97,0.49,0.34,0.33,1.16,3.13,0.056338028169014086
3857,2258,8.0,8.0,1,0,2.04,0.04,0.1,0.45,0.59,2.63,0.09859154929577464
745,2258,67.0,67.0,0,0,-1.01,-1.2,1.16,-0.07,-0.11,-1.12,0.9295774647887324
2552,2258,35.0,35.0,0,0,0.14,0.16,0.02,0.55,0.73,0.88,0.4788732394366197
1778,2258,18.0,18.0,0,1,0.46,-0.01,0.41,0.76,1.17,1.63,0.23943661971830985
8973,2258,35.0,35.0,0,0,0.45,0.32,0.35,-0.24,0.43,0.88,0.4788732394366197
9143,2258,24.0,24.0,0,1,0.47,0.59,-0.22,0.54,0.91,1.38,0.323943661971831
3688,2258,55.0,55.0,0,0,0.44,0.33,-1.11,0.21,-0.57,-0.12,0.7605633802816901
707,2258,55.0,55.0,0,0,-0.04,0.08,-0.02,-0.15,-0.08,-0.12,0.7605633802816901
1750,2258,60.0,60.0,0,0,0.01,0.54,-0.25,-0.68,-0.38,-0.37,0.8309859154929577
3740,2258,44.0,44.0,0,0,0.44,0.33,-0.06,-0.34,-0.07,0.38,0.6056338028169014
1254,2258,24.0,24.0,0,1,0.54,-0.37,0.68,0.52,0.83,1.38,0.323943661971831
4047,2258,72.0,72.0,0,0,-0.34,-0.17,-0.36,-1.25,-1.78,-2.12,1.0
809,2258,24.0,24.0,0,1,0.31,0.48,0.73,-0.15,1.07,1.38,0.323943661971831
335,2258,41.0,41.0,0,0,1.89,-0.33,-0.62,-0.31,-1.26,0.63,0.5633802816901409
6090,2258,18.0,18.0,0,1,1.1,0.17,-0.35,0.71,0.53,1.63,0.23943661971830985
5619,2258,14.0,14.0,0,1,0.97,-0.44,1.51,0.09,1.16,2.13,0.18309859154929578
5506,2258,35.0,35.0,0,0,0.42,0.15,0.19,0.11,0.45,0.88,0.4788732394366197
4267,2258,50.0,50.0,0,0,1.13,-0.24,-0.23,-0.53,-1.0,0.13,0.6901408450704225
1037,2258,14.0,14.0,0,1,1.53,0.21,-0.27,0.66,0.6,2.13,0.18309859154929578
1613,2258,44.0,44.0,0,0,-1.07,-0.1,0.64,0.91,1.45,0.38,0.6056338028169014
4643,2258,35.0,35.0,0,0,-0.55,0.36,0.48,0.58,1.42,0.88,0.4788732394366197
412,2258,35.0,35.0,0,0,0.02,-0.08,0.83,0.11,0.86,0.88,0.4788732394366197
3295,2258,55.0,55.0,0,0,0.58,0.0,0.64,-1.35,-0.7,-0.12,0.7605633802816901
1157,2258,50.0,50.0,0,0,1.04,-0.13,-0.28,-0.5,-0.91,0.13,0.6901408450704225
392,2258,18.0,18.0,0,1,-0.16,0.22,0.84,0.73,1.79,1.63,0.23943661971830985
1185,2258,44.0,44.0,0,0,-0.15,0.2,0.45,-0.12,0.52,0.38,0.6056338028169014
3532,2258,41.0,41.0,0,0,-0.75,0.89,0.09,0.39,1.37,0.63,0.5633802816901409
686,2258,3.0,3.0,1,0,1.1,-0.13,1.41,0.99,2.27,3.38,0.028169014084507043
4708,2258,44.0,44.0,0,0,1.35,-0.38,-0.45,-0.14,-0.97,0.38,0.6056338028169014
5548,2247,57.0,57.0,0,0,-0.52,0.73,0.17,-0.74,0.17,-0.36,0.8
5502,2247,68.0,68.0,0,0,0.96,-0.63,-0.26,-1.68,-2.57,-1.61,0.9571428571428572
5956,2247,13.0,13.0,0,1,0.71,1.21,-0.14,0.36,1.43,2.14,0.17142857142857143
774,2247,18.0,18.0,0,1,-0.05,0.26,0.98,0.45,1.7,1.64,0.24285714285714285
1651,2247,11.0,11.0,0,1,0.44,0.41,1.24,0.3,1.95,2.39,0.14285714285714285
6798,2247,52.0,52.0,0,0,0.51,0.07,-0.55,-0.15,-0.62,-0.11,0.7285714285714285
3596,2247,63.0,63.0,0,0,-0.86,-0.58,0.9,-0.31,0.0,-0.86,0.8857142857142857
3599,2247,61.0,61.0,0,0,-0.8,0.05,-0.24,0.39,0.2,-0.61,0.8571428571428571
3454,2247,17.0,17.0,0,1,0.93,0.83,0.24,-0.1,0.96,1.89,0.22857142857142856
712,2247,40.0,40.0,0,0,0.61,-0.34,-0.27,0.39,-0.22,0.39,0.5571428571428572
5704,2247,49.0,49.0,0,0,0.23,-0.85,2.29,-1.53,-0.09,0.14,0.6857142857142857
208,2247,31.0,31.0,0,0,1.03,0.06,-0.57,0.37,-0.14,0.89,0.42857142857142855
3449,2247,36.0,36.0,0,0,-0.5,0.8,0.17,0.18,1.15,0.64,0.5
856,2247,36.0,36.0,0,0,0.01,-0.24,0.5,0.38,0.64,0.64,0.5
1352,2247,31.0,31.0,0,0,0.98,0.52,0.02,-0.62,-0.08,0.89,0.42857142857142855
1264,2247,40.0,40.0,0,0,-0.1,0.66,1.38,-1.55,0.49,0.39,0.5571428571428572
3448,2247,13.0,13.0,0,1,0.82,0.05,0.29,0.99,1.32,2.14,0.17142857142857143
5574,2247,1.0,1.0,1,0,1.57,-0.11,1.58,0.61,2.07,3.64,0.0
646,2247,36.0,36.0,0,0,0.08,0.49,0.34,-0.27,0.56,0.64,0.5
1483,2247,3.0,3.0,1,0,0.52,0.36,1.35,0.92,2.63,3.14,0.02857142857142857
74,2247,31.0,31.0,0,0,1.14,0.72,-0.75,-0.22,-0.25,0.89,0.42857142857142855
2127,2247,26.0,26.0,0,1,-0.11,-0.16,1.25,0.16,1.25,1.14,0.35714285714285715
808,2247,13.0,13.0,0,1,0.17,0.22,1.27,0.49,1.98,2.14,0.17142857142857143
5408,2247,18.0,18.0,0,1,0.51,0.45,0.86,-0.17,1.13,1.64,0.24285714285714285
5860,2247,5.0,5.0,1,0,0.8,0.68,1.12,0.29,2.1,2.89,0.05714285714285714
5504,2247,63.0,63.0,0,0,1.24,-0.94,-1.6,0.44,-2.1,-0.86,0.8857142857142857
1173,2247,52.0,52.0,0,0,0.64,-0.37,-0.49,0.11,-0.75,-0.11,0.7285714285714285
508,2247,40.0,40.0,0,0,1.5,0.16,-0.59,-0.68,-1.1,0.39,0.5571428571428572
110,2247,24.0,24.0,0,1,-1.43,0.66,1.38,0.78,2.82,1.39,0.32857142857142857
153,2247,5.0,5.0,1,0,0.83,0.7,1.6,-0.24,2.06,2.89,0.05714285714285714
5025,2247,52.0,52.0,0,0,-0.93,-0.26,0.52,0.57,0.82,-0.11,0.7285714285714285
3598,2247,40.0,40.0,0,0,-0.74,-0.5,0.88,0.76,1.13,0.39,0.5571428571428572
5797,2247,36.0,36.0,0,0,0.63,0.48,-0.04,-0.43,0.01,0.64,0.5
569,2247,2.0,2.0,1,0,0.58,0.69,1.47,0.9,3.06,3.64,0.014285714285714285
710,2247,57.0,57.0,0,0,-0.42,0.27,-0.85,0.65,0.06,-0.36,0.8
5467,2247,3.0,3.0,1,0,0.12,0.23,1.77,1.03,3.02,3.14,0.02857142857142857
4513,2247,8.0,8.0,1,0,0.84,0.56,1.14,0.09,1.8,2.64,0.1
3857,2247,49.0,49.0,0,0,0.08,1.1,-0.44,-0.6,0.06,0.14,0.6857142857142857
745,2247,65.0,65.0,0,0,-1.21,0.0,-0.18,0.04,-0.14,-1.36,0.9142857142857143
2552,2247,8.0,8.0,1,0,1.57,-0.25,0.14,1.19,1.08,2.64,0.1
318,2247,13.0,13.0,0,1,-0.72,0.81,1.79,0.26,2.87,2.14,0.17142857142857143
1077,2247,18.0,18.0,0,1,-0.34,0.36,0.3,1.33,1.99,1.64,0.24285714285714285
676,2247,68.0,68.0,0,0,-1.49,0.04,0.47,-0.63,-0.12,-1.61,0.9571428571428572
1367,2247,40.0,40.0,0,0,0.28,1.41,-1.22,-0.08,0.12,0.39,0.5571428571428572
257,2247,26.0,26.0,0,1,1.1,0.47,0.02,-0.45,0.04,1.14,0.35714285714285715
3351,2247,5.0,5.0,1,0,1.38,-0.05,0.97,0.59,1.51,2.89,0.05714285714285714
1042,2247,65.0,65.0,0,0,-1.48,-0.45,-0.16,0.74,0.13,-1.36,0.9142857142857143
308,2247,65.0,65.0,0,0,-1.01,-0.46,-0.09,0.2,-0.35,-1.36,0.9142857142857143
707,2247,57.0,57.0,0,0,-0.67,-0.64,0.82,0.14,0.32,-0.36,0.8
5579,2247,26.0,26.0,0,1,0.84,0.02,0.58,-0.3,0.31,1.14,0.35714285714285715
6825,2247,40.0,40.0,0,0,0.64,-0.74,-0.19,0.69,-0.24,0.39,0.5571428571428572
167,2247,31.0,31.0,0,0,0.36,0.14,1.32,-0.92,0.53,0.89,0.42857142857142855
4483,2247,18.0,18.0,0,1,-0.59,0.81,0.98,0.44,2.24,1.64,0.24285714285714285
809,2247,18.0,18.0,0,1,-0.13,-1.02,2.28,0.51,1.77,1.64,0.24285714285714285
377,2247,24.0,24.0,0,1,-0.55,0.43,1.44,0.06,1.94,1.39,0.32857142857142857
5619,2247,18.0,18.0,0,1,1.6,0.57,-0.82,0.3,0.04,1.64,0.24285714285714285
4015,2247,49.0,49.0,0,0,2.07,-0.96,-0.59,-0.37,-1.92,0.14,0.6857142857142857
1112,2247,52.0,52.0,0,0,0.14,0.25,0.02,-0.52,-0.25,-0.11,0.7285714285714285
78,2247,31.0,31.0,0,0,-0.1,-0.6,1.22,0.36,0.99,0.89,0.42857142857142855
5506,2247,68.0,68.0,0,0,-1.02,0.3,-0.37,-0.52,-0.59,-1.61,0.9571428571428572
4643,2247,40.0,40.0,0,0,0.24,0.35,0.25,-0.44,0.16,0.39,0.5571428571428572
412,2247,40.0,40.0,0,0,-0.35,1.28,0.26,-0.79,0.74,0.39,0.5571428571428572
2230,2247,8.0,8.0,1,0,-0.08,-0.12,1.74,1.11,2.73,2.64,0.1
3970,2247,52.0,52.0,0,0,0.68,0.06,-0.14,-0.7,-0.79,-0.11,0.7285714285714285
462,2247,71.0,71.0,0,0,0.86,-1.06,-1.34,-2.06,-4.46,-3.61,1.0
392,2247,11.0,11.0,0,1,0.7,0.38,1.03,0.28,1.7,2.39,0.14285714285714285
3532,2247,40.0,40.0,0,0,-0.04,1.04,-1.06,0.45,0.44,0.39,0.5571428571428572
9040,2247,61.0,61.0,0,0,0.68,-0.36,-0.68,-0.24,-1.29,-0.61,0.8571428571428571
5548,2245,71.0,71.0,0,0,-0.07,0.46,-0.43,1.56,1.59,1.52,0.8333333333333334
5951,2245,46.0,46.0,0,0,-1.45,0.51,3.19,-0.73,2.96,1.52,0.5357142857142857
1758,2245,22.0,22.0,0,1,0.39,-0.35,-0.78,1.26,0.13,0.52,0.25
1225,2245,39.0,39.0,0,0,-1.61,0.28,1.31,0.55,2.13,0.52,0.4523809523809524
6798,2245,16.0,16.0,0,1,-1.68,-0.67,1.3,2.57,3.19,1.52,0.17857142857142858
1222,2245,6.0,6.0,1,0,-0.62,1.37,-2.05,0.82,0.14,-0.48,0.05952380952380952
712,2245,78.0,78.0,0,0,-1.75,0.78,0.23,0.26,1.26,-0.48,0.9166666666666666
713,2245,85.0,85.0,0,0,0.45,-1.07,2.15,0.99,2.07,2.52,1.0
1646,2245,55.0,55.0,0,0,-0.63,-0.32,2.04,-0.56,1.15,0.52,0.6428571428571429
8971,2245,78.0,78.0,0,0,-0.51,-1.8,0.04,0.79,-0.97,-1.48,0.9166666666666666
205,2245,2.0,2.0,1,0,1.65,-0.6,-0.13,0.6,-0.13,1.52,0.011904761904761904
1793,2245,10.0,10.0,1,0,3.98,0.11,-1.53,-0.04,-1.46,2.52,0.10714285714285714
5532,2245,73.0,73.0,0,0,-1.77,0.82,-0.16,0.62,1.29,-0.48,0.8571428571428571
1121,2245,10.0,10.0,1,0,3.22,0.79,-0.57,0.07,0.29,3.52,0.10714285714285714
856,2245,55.0,55.0,0,0,0.15,0.5,0.11,0.75,1.36,1.52,0.6428571428571429
1097,2245,78.0,78.0,0,0,0.29,-0.86,-0.31,0.4,-0.77,-0.48,0.9166666666666666
9131,2245,46.0,46.0,0,0,-1.4,0.05,0.93,0.95,1.92,0.52,0.5357142857142857
9131,2245,0.0,46.0,0,0,-1.69,-0.94,0.55,-0.39,-0.79,-2.48,0.5357142857142857
9025,2245,10.0,10.0,1,0,0.48,-0.22,-1.29,-0.45,-1.96,-1.48,0.10714285714285714
7004,2245,46.0,46.0,0,0,-1.73,2.32,1.55,1.39,5.25,3.52,0.5357142857142857
3448,2245,8.0,8.0,1,0,1.34,-0.01,0.04,2.14,2.18,3.52,0.08333333333333333
3950,2245,0.0,34.0,0,0,-2.78,-2.11,-1.94,0.35,-3.7,-6.48,0.39285714285714285
3950,2245,34.0,34.0,0,0,0.9,0.32,3.66,-1.36,2.62,3.52,0.39285714285714285
646,2245,46.0,46.0,0,0,-0.46,0.69,1.81,0.48,2.98,2.52,0.5357142857142857
74,2245,46.0,46.0,0,0,0.26,0.74,-0.05,0.56,1.26,1.52,0.5357142857142857
2127,2245,22.0,22.0,0,1,-0.07,0.16,0.09,1.34,1.59,1.52,0.25
3550,2245,60.0,60.0,0,0,1.28,-0.09,-1.55,-1.12,-2.76,-1.48,0.7023809523809523
5408,2245,60.0,60.0,0,0,1.42,-0.49,-0.81,1.41,0.1,1.52,0.7023809523809523
957,2245,39.0,39.0,0,0,1.21,1.07,1.17,-0.93,1.31,2.52,0.4523809523809524
5504,2245,66.0,66.0,0,0,-0.99,-0.89,0.38,-0.97,-1.49,-2.48,0.7738095238095238
3856,2245,30.0,30.0,0,1,3.17,0.88,-0.98,0.44,0.35,3.52,0.34523809523809523
508,2245,60.0,60.0,0,0,0.68,1.5,1.55,-0.21,2.84,3.52,0.7023809523809523
110,2245,8.0,8.0,1,0,-0.46,0.19,-1.39,1.19,-0.02,-0.48,0.08333333333333333
5025,2245,55.0,55.0,0,0,3.63,0.02,1.06,0.82,1.89,5.52,0.6428571428571429
3598,2245,73.0,73.0,0,0,1.73,-0.98,1.34,-0.57,-0.21,1.52,0.8571428571428571
5797,2245,66.0,66.0,0,0,3.6,-2.02,-0.27,0.2,-2.08,1.52,0.7738095238095238
243,2245,30.0,30.0,0,1,-0.74,-0.52,3.8,-0.02,3.26,2.52,0.34523809523809523
1422,2245,16.0,16.0,0,1,1.49,2.28,1.89,-1.13,3.03,4.52,0.17857142857142858
5578,2245,34.0,34.0,0,0,1.18,-0.78,1.02,0.1,0.34,1.52,0.39285714285714285
710,2245,46.0,46.0,0,0,-0.81,1.96,1.36,1.0,4.33,3.52,0.5357142857142857
5467,2245,30.0,30.0,0,1,-1.49,-0.53,2.46,1.07,3.01,1.52,0.34523809523809523
4848,2245,55.0,55.0,0,0,0.52,-0.58,0.49,0.08,0.0,0.52,0.6428571428571429
1030,2245,69.0,69.0,0,0,0.18,0.9,-0.86,0.3,0.34,0.52,0.8095238095238095
446,2245,2.0,2.0,1,0,3.28,-0.24,2.23,1.25,3.24,6.52,0.011904761904761904
4513,2245,22.0,22.0,0,1,0.58,0.33,1.6,2.01,3.94,4.52,0.25
745,2245,34.0,34.0,0,0,-0.48,2.52,1.12,0.36,4.0,3.52,0.39285714285714285
1734,2245,34.0,34.0,0,0,1.42,0.03,-0.36,-0.57,-0.9,0.52,0.39285714285714285
6648,2245,69.0,69.0,0,0,2.31,0.29,-0.04,-0.03,0.21,2.52,0.8095238095238095
1637,2245,39.0,39.0,0,0,1.74,1.41,-0.28,0.64,1.78,3.52,0.4523809523809524
9143,2245,55.0,55.0,0,0,-0.04,0.1,-0.2,-0.35,-0.44,-0.48,0.6428571428571429
1367,2245,64.0,64.0,0,0,-2.14,1.05,-1.03,0.64,0.66,-1.48,0.75
257,2245,39.0,39.0,0,0,-2.33,0.55,0.78,0.52,1.85,-0.48,0.4523809523809524
3688,2245,46.0,46.0,0,0,-0.11,1.38,0.42,0.83,2.63,2.52,0.5357142857142857
1042,2245,10.0,10.0,1,0,0.69,0.49,-0.43,2.77,2.83,3.52,0.10714285714285714
3740,2245,82.0,82.0,0,0,-0.57,1.98,0.83,-0.72,2.09,1.52,0.9642857142857143
1254,2245,78.0,78.0,0,0,-1.08,-1.15,1.24,1.51,1.6,0.52,0.9166666666666666
5409,2245,22.0,22.0,0,1,-1.42,0.05,0.42,1.47,1.94,0.52,0.25
962,2245,10.0,10.0,1,0,2.32,-0.2,2.16,1.25,3.2,5.52,0.10714285714285714
335,2245,22.0,22.0,0,1,3.35,1.05,0.36,-3.25,-1.83,1.52,0.25
377,2245,30.0,30.0,0,1,1.72,-0.34,0.23,-0.1,-0.2,1.52,0.34523809523809523
1499,2245,39.0,39.0,0,0,-1.17,1.02,-0.95,0.62,0.69,-0.48,0.4523809523809524
1112,2245,1.0,1.0,1,0,4.43,1.0,2.07,1.01,4.09,8.52,0.0
4591,2245,34.0,34.0,0,0,-1.05,-0.61,1.55,0.63,1.57,0.52,0.39285714285714285
1613,2245,71.0,71.0,0,0,0.63,0.01,-0.27,1.15,0.89,1.52,0.8333333333333334
2230,2245,10.0,10.0,1,0,1.39,0.75,0.39,0.99,2.13,3.52,0.10714285714285714
215,2245,82.0,82.0,0,0,0.6,-0.65,-0.73,0.31,-1.08,-0.48,0.9642857142857143
392,2245,39.0,39.0,0,0,0.29,-0.28,-0.23,0.73,0.23,0.52,0.4523809523809524
7082,2245,82.0,82.0,0,0,-0.72,-2.27,1.79,-0.28,-0.76,-1.48,0.9642857142857143
9040,2245,16.0,16.0,0,1,1.32,0.03,0.94,-0.78,0.2,1.52,0.17857142857142858
686,2245,5.0,5.0,1,0,1.05,0.59,0.2,-0.31,0.47,1.52,0.047619047619047616
512,2240,74.0,74.0,0,0,-1.17,-0.62,-0.31,-0.65,-1.58,-2.75,0.9864864864864865
388,2240,38.0,38.0,0,0,-1.31,0.48,0.61,0.97,2.06,0.75,0.5
1758,2240,63.0,63.0,0,0,0.27,-0.98,-0.21,0.67,-0.53,-0.25,0.8378378378378378
4383,2240,42.0,42.0,0,0,-0.3,1.04,-0.35,0.11,0.8,0.5,0.5540540540540541
774,2240,4.0,4.0,1,0,0.15,0.56,1.6,0.44,2.6,2.75,0.04054054054054054
1225,2240,8.0,8.0,1,0,1.75,0.38,-0.8,0.66,0.25,2.0,0.0945945945945946
1651,2240,13.0,13.0,0,1,1.07,0.28,-0.27,0.66,0.68,1.75,0.16216216216216217
4638,2240,4.0,4.0,1,0,1.15,0.46,0.69,0.45,1.6,2.75,0.04054054054054054
3454,2240,51.0,51.0,0,0,-0.03,-0.31,0.33,0.26,0.27,0.25,0.6756756756756757
712,2240,30.0,30.0,0,1,0.25,0.34,1.06,-0.65,0.75,1.0,0.3918918918918919
780,2240,42.0,42.0,0,0,-0.8,-0.08,1.31,0.07,1.3,0.5,0.5540540540540541
5704,2240,24.0,24.0,0,1,0.56,0.02,0.23,0.44,0.69,1.25,0.3108108108108108
205,2240,30.0,30.0,0,1,0.71,-0.03,-0.26,0.57,0.29,1.0,0.3918918918918919
208,2240,56.0,56.0,0,0,-0.43,0.42,-0.23,0.23,0.43,0.0,0.7432432432432432
3449,2240,13.0,13.0,0,1,0.88,-0.34,1.24,-0.02,0.87,1.75,0.16216216216216217
1097,2240,51.0,51.0,0,0,-1.2,1.18,-0.23,0.5,1.45,0.25,0.6756756756756757
1352,2240,42.0,42.0,0,0,0.35,0.28,-0.33,0.2,0.15,0.5,0.5540540540540541
4645,2240,56.0,56.0,0,0,0.4,-0.62,1.51,-1.29,-0.4,0.0,0.7432432432432432
3577,2240,17.0,17.0,0,1,1.5,1.31,-0.2,-1.1,0.0,1.5,0.21621621621621623
928,2240,42.0,42.0,0,0,0.31,0.27,0.7,-0.79,0.18,0.5,0.5540540540540541
3448,2240,69.0,69.0,0,0,-0.5,-0.5,-0.72,0.97,-0.25,-0.75,0.918918918918919
646,2240,30.0,30.0,0,1,1.31,0.17,-0.14,-0.34,-0.31,1.0,0.3918918918918919
123,2240,66.0,66.0,0,0,-0.46,-0.43,-0.04,0.43,-0.04,-0.5,0.8783783783783784
540,2240,42.0,42.0,0,0,0.4,0.58,-0.39,-0.09,0.1,0.5,0.5540540540540541
2127,2240,56.0,56.0,0,0,-0.64,0.28,0.49,-0.13,0.64,0.0,0.7432432432432432
301,2240,56.0,56.0,0,0,0.96,-0.71,-0.03,-0.23,-0.97,0.0,0.7432432432432432
808,2240,17.0,17.0,0,1,0.85,-0.66,1.16,0.15,0.65,1.5,0.21621621621621623
328,2240,24.0,24.0,0,1,0.3,0.12,0.23,0.6,0.95,1.25,0.3108108108108108
5860,2240,17.0,17.0,0,1,-0.22,-0.36,1.48,0.59,1.72,1.5,0.21621621621621623
576,2240,17.0,17.0,0,1,0.7,-0.2,0.86,0.14,0.79,1.5,0.21621621621621623
619,2240,30.0,30.0,0,1,0.49,0.2,0.43,-0.12,0.51,1.0,0.3918918918918919
153,2240,56.0,56.0,0,0,-0.63,0.79,0.49,-0.65,0.63,0.0,0.7432432432432432
5025,2240,30.0,30.0,0,1,0.16,-0.24,0.36,0.72,0.84,1.0,0.3918918918918919
1067,2240,51.0,51.0,0,0,-1.26,0.02,1.0,0.49,1.51,0.25,0.6756756756756757
243,2240,17.0,17.0,0,1,0.58,0.57,0.03,0.32,0.92,1.5,0.21621621621621623
4831,2240,51.0,51.0,0,0,-1.69,-0.1,1.41,0.63,1.94,0.25,0.6756756756756757
710,2240,8.0,8.0,1,0,1.48,0.41,-0.41,0.52,0.52,2.0,0.0945945945945946
4848,2240,24.0,24.0,0,1,1.41,-0.6,-0.82,1.26,-0.16,1.25,0.3108108108108108
1030,2240,42.0,42.0,0,0,1.25,-0.2,-1.28,0.72,-0.75,0.5,0.5540540540540541
77,2240,42.0,42.0,0,0,1.08,0.63,-1.07,-0.14,-0.58,0.5,0.5540540540540541
2552,2240,2.0,2.0,1,0,0.94,0.74,0.99,0.33,2.06,3.0,0.013513513513513514
318,2240,6.0,6.0,1,0,1.19,0.44,0.64,-0.03,1.06,2.25,0.06756756756756757
1293,2240,69.0,69.0,0,0,-0.66,0.08,-0.29,0.11,-0.09,-0.75,0.918918918918919
1411,2240,42.0,42.0,0,0,1.21,0.07,0.25,-1.03,-0.71,0.5,0.5540540540540541
1637,2240,38.0,38.0,0,0,-0.01,0.35,-0.31,0.72,0.75,0.75,0.5
3670,2240,56.0,56.0,0,0,-0.54,0.81,0.86,-1.14,0.53,0.0,0.7432432432432432
3351,2240,24.0,24.0,0,1,0.37,0.26,0.76,-0.15,0.88,1.25,0.3108108108108108
3792,2240,73.0,73.0,0,0,0.63,-1.24,0.36,-1.01,-1.89,-1.25,0.972972972972973
186,2240,42.0,42.0,0,0,-1.85,-0.4,2.3,0.45,2.35,0.5,0.5540540540540541
707,2240,17.0,17.0,0,1,0.31,-0.27,0.33,1.13,1.19,1.5,0.21621621621621623
5579,2240,24.0,24.0,0,1,0.64,-0.02,0.84,-0.2,0.61,1.25,0.3108108108108108
5,2240,56.0,56.0,0,0,-0.69,-0.35,0.63,0.41,0.69,0.0,0.7432432432432432
3702,2240,1.0,1.0,1,0,0.75,0.27,1.49,0.48,2.24,3.0,0.0
5409,2240,24.0,24.0,0,1,0.52,-0.18,-0.02,0.92,0.73,1.25,0.3108108108108108
4047,2240,8.0,8.0,1,0,0.98,0.51,0.36,0.15,1.02,2.0,0.0945945945945946
4483,2240,17.0,17.0,0,1,-0.18,0.44,0.02,1.22,1.68,1.5,0.21621621621621623
3470,2240,8.0,8.0,1,0,-0.51,0.18,1.09,1.24,2.51,2.0,0.0945945945945946
377,2240,6.0,6.0,1,0,1.62,-0.04,0.38,0.28,0.63,2.25,0.06756756756756757
5619,2240,30.0,30.0,0,1,0.23,0.46,0.07,0.24,0.77,1.0,0.3918918918918919
4015,2240,30.0,30.0,0,1,-0.33,0.1,0.66,0.58,1.33,1.0,0.3918918918918919
4591,2240,30.0,30.0,0,1,0.02,0.34,0.23,0.41,0.98,1.0,0.3918918918918919
158,2240,2.0,2.0,1,0,-0.5,0.71,1.73,1.05,3.5,3.0,0.013513513513513514
5506,2240,66.0,66.0,0,0,-0.24,1.0,-0.81,-0.46,-0.27,-0.5,0.8783783783783784
3378,2240,75.0,75.0,0,0,-0.78,-0.23,-1.3,-0.93,-2.47,-3.25,1.0
412,2240,38.0,38.0,0,0,-0.62,0.5,0.59,0.28,1.37,0.75,0.5
3970,2240,72.0,72.0,0,0,-0.25,-0.76,0.03,-0.02,-0.75,-1.0,0.9594594594594594
462,2240,69.0,69.0,0,0,-0.11,-0.35,0.68,-0.98,-0.65,-0.75,0.918918918918919
392,2240,63.0,63.0,0,0,-1.37,-0.28,1.35,0.04,1.11,-0.25,0.8378378378378378
1614,2240,66.0,66.0,0,0,-1.55,0.47,0.53,0.05,1.04,-0.5,0.8783783783783784
686,2240,13.0,13.0,0,1,-0.12,0.79,0.31,0.77,1.87,1.75,0.16216216216216217
16,2242,66.0,66.0,0,0,-0.5,0.72,-0.45,-0.66,-0.39,-0.89,0.8783783783783784
512,2242,31.0,31.0,0,0,1.01,0.22,-0.69,0.32,-0.15,0.86,0.40540540540540543
1748,2242,60.0,60.0,0,0,0.62,0.69,-1.79,0.09,-1.01,-0.39,0.7972972972972973
4989,2242,44.0,44.0,0,0,-0.54,1.42,-0.05,-0.48,0.9,0.36,0.581081081081081
693,2242,37.0,37.0,0,0,1.65,0.35,-1.18,-0.22,-1.05,0.61,0.4864864864864865
1758,2242,18.0,18.0,0,1,0.95,0.09,-0.54,0.86,0.41,1.36,0.22972972972972974
2283,2242,11.0,11.0,0,1,0.83,-0.21,0.76,0.48,1.02,1.86,0.13513513513513514
4383,2242,7.0,7.0,1,0,1.46,0.33,0.03,0.54,0.9,2.36,0.08108108108108109
774,2242,31.0,31.0,0,0,-0.48,0.2,1.14,0.0,1.34,0.86,0.40540540540540543
1225,2242,44.0,44.0,0,0,0.36,0.77,-1.17,0.39,0.0,0.36,0.581081081081081
1651,2242,51.0,51.0,0,0,0.92,-0.88,0.32,-0.25,-0.81,0.11,0.6756756756756757
4638,2242,37.0,37.0,0,0,0.32,-0.47,0.66,0.09,0.29,0.61,0.4864864864864865
1222,2242,26.0,26.0,0,1,2.31,0.24,-1.08,-0.35,-1.2,1.11,0.33783783783783783
3599,2242,55.0,55.0,0,0,0.04,-0.09,0.68,-0.77,-0.18,-0.14,0.7297297297297297
3454,2242,4.0,4.0,1,0,1.26,0.67,0.65,0.53,1.85,3.11,0.04054054054054054
712,2242,9.0,9.0,1,0,1.91,0.41,0.01,-0.23,0.2,2.11,0.10810810810810811
713,2242,75.0,75.0,0,0,-0.9,0.09,-2.34,0.76,-1.5,-2.39,1.0
3777,2242,69.0,69.0,0,0,-0.66,-0.35,-0.72,0.59,-0.48,-1.14,0.918918918918919
205,2242,64.0,64.0,0,0,-1.14,-0.33,0.26,0.56,0.5,-0.64,0.8513513513513513
3449,2242,69.0,69.0,0,0,-0.29,0.52,-0.69,-0.69,-0.85,-1.14,0.918918918918919
856,2242,26.0,26.0,0,1,1.55,0.44,-1.0,0.13,-0.44,1.11,0.33783783783783783
1097,2242,55.0,55.0,0,0,-0.29,-0.41,-0.54,1.1,0.15,-0.14,0.7297297297297297
9131,2242,15.0,15.0,0,1,2.64,0.21,-0.08,-1.16,-1.03,1.61,0.1891891891891892
1352,2242,69.0,69.0,0,0,-0.88,0.12,-0.09,-0.29,-0.26,-1.14,0.918918918918919
9025,2242,72.0,72.0,0,0,-1.08,0.4,-1.29,0.57,-0.32,-1.39,0.9594594594594594
3950,2242,60.0,60.0,0,0,-1.26,-0.03,1.78,-0.88,0.87,-0.39,0.7972972972972973
3452,2242,60.0,60.0,0,0,0.87,-0.13,-0.1,-1.03,-1.26,-0.39,0.7972972972972973
540,2242,37.0,37.0,0,0,1.3,-0.53,-0.26,0.1,-0.69,0.61,0.4864864864864865
301,2242,26.0,26.0,0,1,0.86,-0.69,0.88,0.05,0.24,1.11,0.33783783783783783
808,2242,44.0,44.0,0,0,0.46,0.33,-0.49,0.05,-0.1,0.36,0.581081081081081
5504,2242,44.0,44.0,0,0,-0.13,-0.64,1.08,0.04,0.48,0.36,0.581081081081081
619,2242,18.0,18.0,0,1,0.54,0.2,1.19,-0.57,0.82,1.36,0.22972972972972974
1173,2242,55.0,55.0,0,0,-0.68,-0.64,0.8,0.37,0.53,-0.14,0.7297297297297297
110,2242,37.0,37.0,0,0,-1.51,-0.49,1.84,0.77,2.12,0.61,0.4864864864864865
153,2242,1.0,1.0,1,0,1.09,0.79,1.51,0.46,2.77,3.86,0.0
5025,2242,60.0,60.0,0,0,0.41,0.13,-0.35,-0.58,-0.8,-0.39,0.7972972972972973
243,2242,18.0,18.0,0,1,0.82,-0.79,0.97,0.36,0.54,1.36,0.22972972972972974
3317,2242,18.0,18.0,0,1,0.63,0.27,0.15,0.31,0.73,1.36,0.22972972972972974
4831,2242,31.0,31.0,0,0,1.0,-0.01,0.16,-0.29,-0.14,0.86,0.40540540540540543
1422,2242,26.0,26.0,0,1,-0.16,0.08,0.9,0.29,1.27,1.11,0.33783783783783783
5467,2242,11.0,11.0,0,1,-0.16,0.87,0.74,0.41,2.02,1.86,0.13513513513513514
4848,2242,11.0,11.0,0,1,0.48,0.06,0.85,0.47,1.38,1.86,0.13513513513513514
2552,2242,2.0,2.0,1,0,0.7,0.96,0.78,1.42,3.16,3.86,0.013513513513513514
1077,2242,55.0,55.0,0,0,0.1,-0.56,-0.41,0.74,-0.24,-0.14,0.7297297297297297
601,2242,15.0,15.0,0,1,-0.83,0.77,2.34,-0.67,2.44,1.61,0.1891891891891892
676,2242,18.0,18.0,0,1,-0.51,-0.03,1.42,0.48,1.87,1.36,0.22972972972972974
1293,2242,7.0,7.0,1,0,0.49,-0.24,1.61,0.49,1.87,2.36,0.08108108108108109
1411,2242,18.0,18.0,0,1,0.77,1.32,-1.02,0.29,0.59,1.36,0.22972972972972974
1637,2242,31.0,31.0,0,0,0.24,0.56,-0.12,0.18,0.62,0.86,0.40540540540540543
4781,2242,9.0,9.0,1,0,0.24,0.56,0.84,0.47,1.87,2.11,0.10810810810810811
257,2242,5.0,5.0,1,0,1.88,-0.43,0.74,0.66,0.97,2.86,0.05405405405405406
2571,2242,51.0,51.0,0,0,0.06,0.12,0.12,-0.19,0.04,0.11,0.6756756756756757
3792,2242,74.0,74.0,0,0,-1.28,-0.01,-0.73,0.37,-0.37,-1.64,0.9864864864864865
707,2242,26.0,26.0,0,1,0.87,-0.86,0.81,0.29,0.24,1.11,0.33783783783783783
5,2242,55.0,55.0,0,0,-0.57,-0.57,0.91,0.09,0.43,-0.14,0.7297297297297297
801,2242,37.0,37.0,0,0,0.34,0.18,0.64,-0.56,0.27,0.61,0.4864864864864865
4047,2242,75.0,75.0,0,0,-0.44,-0.47,-0.6,-0.89,-1.96,-2.39,1.0
4483,2242,18.0,18.0,0,1,0.01,0.08,0.51,0.76,1.35,1.36,0.22972972972972974
5619,2242,44.0,44.0,0,0,-0.81,-0.37,0.83,0.7,1.16,0.36,0.581081081081081
4015,2242,37.0,37.0,0,0,-0.46,0.47,0.01,0.6,1.07,0.61,0.4864864864864865
1112,2242,44.0,44.0,0,0,0.24,0.04,-0.18,0.27,0.12,0.36,0.581081081081081
4591,2242,37.0,37.0,0,0,-0.64,0.72,0.51,0.02,1.25,0.61,0.4864864864864865
78,2242,31.0,31.0,0,0,0.89,-0.1,0.28,-0.21,-0.03,0.86,0.40540540540540543
5506,2242,66.0,66.0,0,0,-0.58,0.69,-0.38,-0.62,-0.31,-0.89,0.8783783783783784
1359,2242,6.0,6.0,1,0,1.89,0.33,0.55,-0.16,0.72,2.61,0.06756756756756757
3970,2242,3.0,3.0,1,0,0.72,0.66,2.53,-0.55,2.64,3.36,0.02702702702702703
392,2242,51.0,51.0,0,0,-0.18,-0.54,0.51,0.33,0.29,0.11,0.6756756756756757
3532,2242,31.0,31.0,0,0,0.11,1.58,-0.58,-0.25,0.75,0.86,0.40540540540540543
1614,2242,51.0,51.0,0,0,-0.68,-0.25,0.61,0.43,0.79,0.11,0.6756756756756757
9040,2242,44.0,44.0,0,0,0.78,0.4,-0.02,-0.79,-0.42,0.36,0.581081081081081
16,2261,20.0,20.0,0,1,0.97,1.3,0.59,-1.08,0.81,1.78,0.2602739726027397
5502,2261,72.0,72.0,0,0,0.14,0.68,-0.67,-1.87,-1.86,-1.72,0.9726027397260274
1712,2261,66.0,66.0,0,0,-0.41,0.29,0.17,-0.77,-0.31,-0.72,0.8904109589041096
1049,2261,50.0,50.0,0,0,-0.11,0.61,0.24,-0.45,0.39,0.28,0.6712328767123288
2283,2261,30.0,30.0,0,1,0.14,1.15,0.57,-0.58,1.14,1.28,0.3972602739726027
4383,2261,30.0,30.0,0,1,-0.57,0.52,0.23,1.1,1.85,1.28,0.3972602739726027
1651,2261,3.0,3.0,1,0,1.49,-0.08,0.65,1.22,1.79,3.28,0.0273972602739726
3596,2261,8.0,8.0,1,0,0.36,1.84,0.78,-0.45,2.17,2.53,0.0958904109589041
3599,2261,64.0,64.0,0,0,-0.24,0.13,0.28,-0.64,-0.23,-0.47,0.863013698630137
3454,2261,30.0,30.0,0,1,0.96,0.35,0.53,-0.56,0.33,1.28,0.3972602739726027
68,2261,40.0,40.0,0,0,-1.0,-0.56,2.15,0.19,1.78,0.78,0.5342465753424658
5704,2261,4.0,4.0,1,0,1.81,-0.19,0.56,0.85,1.22,3.03,0.0410958904109589
205,2261,11.0,11.0,0,1,1.63,-0.05,0.37,0.33,0.65,2.28,0.136986301369863
3449,2261,8.0,8.0,1,0,1.07,0.91,0.17,0.38,1.46,2.53,0.0958904109589041
5532,2261,15.0,15.0,0,1,1.15,-0.12,-0.23,1.24,0.88,2.03,0.1917808219178082
1121,2261,15.0,15.0,0,1,0.98,0.5,-0.43,0.99,1.05,2.03,0.1917808219178082
4645,2261,40.0,40.0,0,0,-0.31,1.02,0.36,-0.28,1.09,0.78,0.5342465753424658
3577,2261,64.0,64.0,0,0,-0.15,0.79,-1.11,0.0,-0.32,-0.47,0.863013698630137
3448,2261,6.0,6.0,1,0,-0.04,0.01,1.58,1.23,2.83,2.78,0.0684931506849315
5574,2261,44.0,44.0,0,0,0.36,-1.09,-0.05,1.31,0.17,0.53,0.589041095890411
278,2261,44.0,44.0,0,0,0.3,0.52,-0.58,0.29,0.23,0.53,0.589041095890411
3452,2261,4.0,4.0,1,0,1.19,0.54,0.65,0.65,1.84,3.03,0.0410958904109589
3375,2261,44.0,44.0,0,0,-1.13,0.72,0.3,0.65,1.67,0.53,0.589041095890411
540,2261,50.0,50.0,0,0,0.17,1.02,-0.46,-0.45,0.11,0.28,0.6712328767123288
808,2261,20.0,20.0,0,1,0.42,0.41,1.29,-0.33,1.37,1.78,0.2602739726027397
3550,2261,26.0,26.0,0,1,1.21,0.49,0.5,-0.67,0.32,1.53,0.3424657534246575
5408,2261,30.0,30.0,0,1,0.86,0.53,0.72,-0.84,0.42,1.28,0.3972602739726027
5504,2261,35.0,35.0,0,0,0.6,-0.95,0.38,1.0,0.43,1.03,0.4657534246575342
153,2261,58.0,58.0,0,0,-0.52,-0.21,-0.05,0.57,0.3,-0.22,0.7808219178082192
5797,2261,35.0,35.0,0,0,0.43,-0.7,1.18,0.12,0.6,1.03,0.4657534246575342
3317,2261,11.0,11.0,0,1,0.61,1.3,0.72,-0.35,1.67,2.28,0.136986301369863
1422,2261,15.0,15.0,0,1,-0.15,0.51,1.24,0.43,2.18,2.03,0.1917808219178082
5467,2261,2.0,2.0,1,0,2.42,0.29,0.71,0.62,1.62,4.03,0.0136986301369863
1030,2261,68.0,68.0,0,0,-0.41,-0.33,0.11,-0.34,-0.56,-0.97,0.9178082191780822
446,2261,1.0,1.0,1,0,2.57,0.69,1.35,0.41,2.46,5.03,0.0
3857,2261,66.0,66.0,0,0,-0.12,1.4,-2.35,0.35,-0.6,-0.72,0.8904109589041096
77,2261,15.0,15.0,0,1,0.2,0.8,1.46,-0.43,1.83,2.03,0.1917808219178082
2552,2261,26.0,26.0,0,1,0.2,1.0,0.25,0.09,1.33,1.53,0.3424657534246575
318,2261,20.0,20.0,0,1,-0.53,0.81,1.13,0.37,2.32,1.78,0.2602739726027397
1734,2261,11.0,11.0,0,1,0.58,0.81,0.59,0.29,1.7,2.28,0.136986301369863
1411,2261,35.0,35.0,0,0,0.4,0.2,0.87,-0.43,0.63,1.03,0.4657534246575342
8973,2261,56.0,56.0,0,0,-0.12,-1.79,1.45,0.49,0.15,0.03,0.7534246575342466
1367,2261,26.0,26.0,0,1,0.22,1.02,0.12,0.18,1.32,1.53,0.3424657534246575
257,2261,15.0,15.0,0,1,0.86,1.12,0.53,-0.48,1.17,2.03,0.1917808219178082
2571,2261,50.0,50.0,0,0,-1.22,0.02,1.41,0.07,1.5,0.28,0.6712328767123288
3688,2261,44.0,44.0,0,0,0.47,0.32,-0.1,-0.16,0.06,0.53,0.589041095890411
308,2261,30.0,30.0,0,1,-0.23,0.0,1.1,0.41,1.51,1.28,0.3972602739726027
707,2261,20.0,20.0,0,1,1.16,-0.06,0.22,0.46,0.62,1.78,0.2602739726027397
1254,2261,58.0,58.0,0,0,0.64,-0.15,-2.2,1.49,-0.86,-0.22,0.7808219178082192
167,2261,58.0,58.0,0,0,-0.18,-0.11,-0.13,0.21,-0.04,-0.22,0.7808219178082192
962,2261,6.0,6.0,1,0,1.29,-0.83,0.97,1.34,1.49,2.78,0.0684931506849315
4591,2261,56.0,56.0,0,0,1.34,-0.26,-0.87,-0.18,-1.31,0.03,0.7534246575342466
5506,2261,58.0,58.0,0,0,0.71,-0.38,-0.46,-0.09,-0.93,-0.22,0.7808219178082192
4587,2261,58.0,58.0,0,0,-0.86,0.05,-0.33,0.93,0.64,-0.22,0.7808219178082192
4267,2261,50.0,50.0,0,0,0.17,0.56,0.19,-0.64,0.11,0.28,0.6712328767123288
1037,2261,40.0,40.0,0,0,0.95,-0.14,0.55,-0.58,-0.17,0.78,0.5342465753424658
4643,2261,26.0,26.0,0,1,0.75,-0.12,0.81,0.09,0.78,1.53,0.3424657534246575
2230,2261,68.0,68.0,0,0,-1.22,-0.16,0.13,0.27,0.25,-0.97,0.9178082191780822
3970,2261,71.0,71.0,0,0,-0.19,0.73,-0.84,-0.91,-1.03,-1.22,0.958904109589041
1366,2261,74.0,74.0,0,0,-1.94,-0.17,-0.57,0.7,-0.03,-1.97,1.0
3532,2261,40.0,40.0,0,0,-0.79,-0.55,1.38,0.73,1.57,0.78,0.5342465753424658
686,2261,20.0,20.0,0,1,-1.31,0.67,1.65,0.78,3.09,1.78,0.2602739726027397
3322,2238,62.0,62.0,0,0,0.01,-0.7,-0.4,0.18,-0.92,-0.91,0.8970588235294118
388,2238,35.0,35.0,0,0,-1.06,0.07,0.69,0.89,1.65,0.59,0.5
6062,2238,49.0,49.0,0,0,1.16,-0.14,-0.98,0.05,-1.07,0.09,0.7058823529411765
4383,2238,62.0,62.0,0,0,-0.96,0.41,-0.18,-0.17,0.05,-0.91,0.8970588235294118
1651,2238,43.0,43.0,0,0,0.2,0.24,-0.12,0.02,0.14,0.34,0.6176470588235294
4638,2238,5.0,5.0,1,0,0.73,1.25,-0.15,0.77,1.87,2.59,0.058823529411764705
1222,2238,13.0,13.0,0,1,0.66,0.5,-0.09,0.53,0.93,1.59,0.17647058823529413
3596,2238,35.0,35.0,0,0,-0.31,-0.83,1.93,-0.2,0.9,0.59,0.5
5704,2238,67.0,67.0,0,0,0.88,-0.94,-1.06,-0.28,-2.29,-1.41,0.9705882352941176
208,2238,21.0,21.0,0,1,0.13,0.51,0.03,0.42,0.96,1.09,0.29411764705882354
5532,2238,21.0,21.0,0,1,-1.17,-0.14,0.91,1.5,2.26,1.09,0.29411764705882354
856,2238,35.0,35.0,0,0,0.16,0.18,-0.14,0.4,0.43,0.59,0.5
1264,2238,21.0,21.0,0,1,-0.59,0.63,0.52,0.54,1.69,1.09,0.29411764705882354
9025,2238,13.0,13.0,0,1,0.79,-0.23,1.14,-0.11,0.81,1.59,0.17647058823529413
928,2238,43.0,43.0,0,0,-0.15,0.56,0.5,-0.55,0.5,0.34,0.6176470588235294
3950,2238,17.0,17.0,0,1,1.34,-0.45,0.78,-0.33,0.0,1.34,0.23529411764705882
5574,2238,13.0,13.0,0,1,0.34,0.14,0.01,1.1,1.26,1.59,0.17647058823529413
278,2238,65.0,65.0,0,0,0.04,0.14,-1.97,0.63,-1.2,-1.16,0.9411764705882353
1196,2238,17.0,17.0,0,1,1.54,-0.4,0.65,-0.45,-0.2,1.34,0.23529411764705882
3452,2238,55.0,55.0,0,0,0.78,0.01,-0.83,-0.11,-0.93,-0.16,0.7941176470588235
4304,2238,29.0,29.0,0,1,0.74,-0.65,0.25,0.5,0.1,0.84,0.4117647058823529
646,2238,43.0,43.0,0,0,0.6,-0.03,0.34,-0.56,-0.25,0.34,0.6176470588235294
123,2238,13.0,13.0,0,1,0.57,0.13,0.46,0.44,1.02,1.59,0.17647058823529413
540,2238,69.0,69.0,0,0,0.28,-0.08,-1.17,-0.68,-1.94,-1.66,1.0
1483,2238,17.0,17.0,0,1,0.62,-0.4,0.97,0.15,0.73,1.34,0.23529411764705882
808,2238,35.0,35.0,0,0,1.71,-0.59,0.24,-0.76,-1.12,0.59,0.5
3550,2238,21.0,21.0,0,1,0.34,0.1,-0.16,0.82,0.75,1.09,0.29411764705882354
5408,2238,29.0,29.0,0,1,1.19,-0.23,0.16,-0.28,-0.35,0.84,0.4117647058823529
957,2238,57.0,57.0,0,0,0.81,-0.34,-0.91,0.03,-1.22,-0.41,0.8235294117647058
5860,2238,21.0,21.0,0,1,-1.12,0.74,1.04,0.43,2.21,1.09,0.29411764705882354
576,2238,2.0,2.0,1,0,0.75,0.32,1.93,0.59,2.84,3.59,0.014705882352941176
5504,2238,11.0,11.0,0,1,1.12,-0.32,1.87,-0.83,0.72,1.84,0.14705882352941177
619,2238,21.0,21.0,0,1,-0.47,0.06,1.1,0.41,1.57,1.09,0.29411764705882354
1173,2238,59.0,59.0,0,0,-0.63,-0.26,0.59,-0.36,-0.03,-0.66,0.8529411764705882
1680,2238,17.0,17.0,0,1,-0.13,0.19,1.13,0.15,1.47,1.34,0.23529411764705882
5797,2238,55.0,55.0,0,0,-0.09,0.99,-1.03,-0.03,-0.07,-0.16,0.7941176470588235
3317,2238,6.0,6.0,1,0,0.35,0.07,1.32,0.61,2.0,2.34,0.07352941176470588
4848,2238,49.0,49.0,0,0,-0.8,-0.47,0.73,0.63,0.89,0.09,0.7058823529411765
5771,2238,6.0,6.0,1,0,3.18,-1.12,0.22,0.06,-0.84,2.34,0.07352941176470588
4513,2238,49.0,49.0,0,0,0.13,0.68,-0.55,-0.17,-0.04,0.09,0.7058823529411765
745,2238,35.0,35.0,0,0,1.51,0.52,-0.34,-1.1,-0.92,0.59,0.5
2552,2238,49.0,49.0,0,0,-0.44,-0.86,0.72,0.68,0.53,0.09,0.7058823529411765
318,2238,6.0,6.0,1,0,0.7,1.28,0.8,-0.44,1.64,2.34,0.07352941176470588
1077,2238,67.0,67.0,0,0,0.07,-0.03,-2.28,0.83,-1.48,-1.41,0.9705882352941176
1293,2238,9.0,9.0,1,0,0.95,0.43,1.11,-0.38,1.15,2.09,0.11764705882352941
1411,2238,1.0,1.0,1,0,1.21,0.27,2.13,0.23,2.63,3.84,0.0
4781,2238,4.0,4.0,1,0,0.52,1.66,0.46,0.19,2.32,2.84,0.04411764705882353
1367,2238,3.0,3.0,1,0,1.32,1.13,0.26,0.63,2.02,3.34,0.029411764705882353
2571,2238,43.0,43.0,0,0,0.38,0.18,-0.74,0.52,-0.04,0.34,0.6176470588235294
3792,2238,35.0,35.0,0,0,0.3,-0.45,0.44,0.3,0.29,0.59,0.5
186,2238,49.0,49.0,0,0,-0.75,1.01,-0.09,-0.07,0.84,0.09,0.7058823529411765
3702,2238,29.0,29.0,0,1,-0.8,0.9,-0.18,0.93,1.65,0.84,0.4117647058823529
5409,2238,49.0,49.0,0,0,0.38,-0.53,-0.29,0.54,-0.28,0.09,0.7058823529411765
4047,2238,43.0,43.0,0,0,0.17,-0.34,0.36,0.15,0.17,0.34,0.6176470588235294
4483,2238,29.0,29.0,0,1,0.42,-0.48,1.13,-0.23,0.42,0.84,0.4117647058823529
3470,2238,11.0,11.0,0,1,0.25,0.03,0.76,0.8,1.59,1.84,0.14705882352941177
1112,2238,62.0,62.0,0,0,0.01,0.36,0.06,-1.33,-0.92,-0.91,0.8970588235294118
1359,2238,29.0,29.0,0,1,0.37,-0.37,0.5,0.34,0.47,0.84,0.4117647058823529
1613,2238,29.0,29.0,0,1,0.51,-0.4,0.9,-0.17,0.34,0.84,0.4117647058823529
4643,2238,21.0,21.0,0,1,1.35,-0.34,-0.25,0.33,-0.26,1.09,0.29411764705882354
392,2238,57.0,57.0,0,0,-1.19,1.0,-0.74,0.52,0.78,-0.41,0.8235294117647058
3532,2238,59.0,59.0,0,0,-1.04,-0.3,1.43,-0.75,0.38,-0.66,0.8529411764705882
1614,2238,43.0,43.0,0,0,-1.75,0.8,1.03,0.26,2.09,0.34,0.6176470588235294
9040,2238,21.0,21.0,0,1,0.17,-0.23,0.91,0.24,0.92,1.09,0.29411764705882354
686,2238,9.0,9.0,1,0,0.57,-0.02,1.15,0.39,1.52,2.09,0.11764705882352941
512,2263,53.0,53.0,0,0,-0.24,0.24,0.26,-0.28,0.22,-0.01,0.7428571428571429
1748,2263,69.0,69.0,0,0,-0.99,0.21,-0.11,-0.61,-0.52,-1.51,0.9714285714285714
5548,2263,71.0,71.0,0,0,-1.53,-0.01,-0.14,-0.08,-0.23,-1.76,1.0
1712,2263,24.0,24.0,0,1,1.21,-0.71,0.51,0.23,0.03,1.24,0.32857142857142857
1049,2263,10.0,10.0,1,0,0.15,0.55,0.62,0.42,1.59,1.74,0.12857142857142856
1758,2263,33.0,33.0,0,0,-0.75,0.44,1.02,0.27,1.74,0.99,0.45714285714285713
1222,2263,53.0,53.0,0,0,0.59,0.3,-1.25,0.35,-0.6,-0.01,0.7428571428571429
3454,2263,24.0,24.0,0,1,1.26,0.5,-0.09,-0.43,-0.02,1.24,0.32857142857142857
68,2263,24.0,24.0,0,1,1.23,0.19,-0.13,-0.05,0.01,1.24,0.32857142857142857
5704,2263,44.0,44.0,0,0,0.23,0.47,-0.36,0.14,0.25,0.49,0.6142857142857143
208,2263,10.0,10.0,1,0,0.85,0.2,0.53,0.16,0.89,1.74,0.12857142857142856
5532,2263,68.0,68.0,0,0,-0.11,-0.47,0.12,-0.54,-0.9,-1.01,0.9571428571428572
856,2263,53.0,53.0,0,0,0.33,0.6,-1.75,0.81,-0.35,-0.01,0.7428571428571429
4645,2263,17.0,17.0,0,1,0.8,0.1,0.32,0.26,0.69,1.49,0.22857142857142856
7004,2263,17.0,17.0,0,1,2.07,-0.45,-0.69,0.56,-0.58,1.49,0.22857142857142856
928,2263,53.0,53.0,0,0,0.86,-0.89,0.08,-0.06,-0.88,-0.01,0.7428571428571429
3950,2263,7.0,7.0,1,0,1.09,0.35,1.08,-0.54,0.9,1.99,0.08571428571428572
1196,2263,47.0,47.0,0,0,0.51,0.15,0.07,-0.49,-0.27,0.24,0.6571428571428571
3452,2263,10.0,10.0,1,0,0.71,0.0,0.61,0.42,1.03,1.74,0.12857142857142856
540,2263,47.0,47.0,0,0,0.23,0.04,-0.43,0.4,0.01,0.24,0.6571428571428571
1483,2263,40.0,40.0,0,0,-0.18,0.29,0.78,-0.15,0.91,0.74,0.5571428571428572
74,2263,47.0,47.0,0,0,1.04,0.17,-0.18,-0.8,-0.81,0.24,0.6571428571428571
5408,2263,10.0,10.0,1,0,1.44,-0.41,0.4,0.3,0.29,1.74,0.12857142857142856
576,2263,4.0,4.0,1,0,1.73,0.39,1.01,-0.14,1.26,2.99,0.04285714285714286
619,2263,24.0,24.0,0,1,0.77,0.18,-0.07,0.35,0.47,1.24,0.32857142857142857
1173,2263,17.0,17.0,0,1,1.47,0.42,-0.74,0.34,0.02,1.49,0.22857142857142856
110,2263,24.0,24.0,0,1,1.5,0.64,-1.06,0.16,-0.26,1.24,0.32857142857142857
153,2263,40.0,40.0,0,0,-0.97,0.14,1.62,-0.05,1.71,0.74,0.5571428571428572
5797,2263,33.0,33.0,0,0,0.59,0.01,0.05,0.33,0.39,0.99,0.45714285714285713
3317,2263,7.0,7.0,1,0,0.13,0.26,1.51,0.08,1.86,1.99,0.08571428571428572
5467,2263,1.0,1.0,1,0,0.78,1.16,1.09,0.2,2.46,3.24,0.0
4848,2263,10.0,10.0,1,0,0.92,-0.36,1.06,0.11,0.81,1.74,0.12857142857142856
745,2263,63.0,63.0,0,0,0.13,-0.23,-0.59,0.18,-0.64,-0.51,0.8857142857142857
2552,2263,60.0,60.0,0,0,-0.01,-0.61,-0.15,0.51,-0.25,-0.26,0.8428571428571429
318,2263,10.0,10.0,1,0,1.16,0.7,0.25,-0.38,0.57,1.74,0.12857142857142856
1077,2263,40.0,40.0,0,0,-0.39,0.1,0.53,0.51,1.13,0.74,0.5571428571428572
601,2263,53.0,53.0,0,0,0.1,0.34,0.49,-0.94,-0.12,-0.01,0.7428571428571429
676,2263,24.0,24.0,0,1,-0.17,-0.13,0.86,0.67,1.41,1.24,0.32857142857142857
455,2263,17.0,17.0,0,1,1.05,-0.39,0.69,0.13,0.43,1.49,0.22857142857142856
257,2263,33.0,33.0,0,0,1.45,0.31,-0.79,0.03,-0.46,0.99,0.45714285714285713
2571,2263,33.0,33.0,0,0,0.2,-0.66,0.81,0.64,0.79,0.99,0.45714285714285713
479,2263,24.0,24.0,0,1,-0.02,0.95,0.26,0.05,1.26,1.24,0.32857142857142857
3792,2263,24.0,24.0,0,1,0.17,1.24,-0.31,0.14,1.07,1.24,0.32857142857142857
1042,2263,53.0,53.0,0,0,0.06,0.8,-0.09,-0.78,-0.07,-0.01,0.7428571428571429
5579,2263,2.0,2.0,1,0,1.83,0.8,0.42,0.18,1.4,3.24,0.014285714285714285
801,2263,53.0,53.0,0,0,0.24,-0.26,-0.13,0.14,-0.25,-0.01,0.7428571428571429
4321,2263,44.0,44.0,0,0,-0.88,0.64,0.43,0.3,1.37,0.49,0.6142857142857143
1254,2263,47.0,47.0,0,0,-0.67,0.15,-0.04,0.8,0.91,0.24,0.6571428571428571
167,2263,69.0,69.0,0,0,-0.66,-0.1,-0.67,-0.08,-0.85,-1.51,0.9714285714285714
4483,2263,33.0,33.0,0,0,1.03,-0.21,-0.18,0.35,-0.04,0.99,0.45714285714285713
809,2263,5.0,5.0,1,0,0.48,0.25,1.49,0.52,2.26,2.74,0.05714285714285714
4015,2263,67.0,67.0,0,0,-0.63,0.14,-0.4,0.14,-0.13,-0.76,0.9428571428571428
78,2263,60.0,60.0,0,0,-0.21,-0.2,-0.38,0.53,-0.05,-0.26,0.8428571428571429
5506,2263,63.0,63.0,0,0,-0.08,-0.51,0.33,-0.26,-0.43,-0.51,0.8857142857142857
1359,2263,2.0,2.0,1,0,2.06,0.08,1.2,-0.1,1.18,3.24,0.014285714285714285
1613,2263,24.0,24.0,0,1,1.69,-0.2,-1.12,0.87,-0.45,1.24,0.32857142857142857
4643,2263,17.0,17.0,0,1,0.09,-0.37,1.19,0.58,1.4,1.49,0.22857142857142856
3970,2263,6.0,6.0,1,0,1.76,-0.54,1.26,-0.24,0.48,2.24,0.07142857142857142
392,2263,10.0,10.0,1,0,-0.09,0.93,0.81,0.09,1.83,1.74,0.12857142857142856
1366,2263,44.0,44.0,0,0,0.01,0.14,0.09,0.25,0.48,0.49,0.6142857142857143
512,2236,0.0,67.0,0,0,0.84,-0.12,-0.51,-1.25,-1.87,-1.04,0.9041095890410958
5548,2236,0.0,22.0,0,1,1.15,-1.54,-0.81,-0.34,-2.69,-1.54,0.2876712328767123
1222,2236,0.0,74.0,0,0,-0.2,0.29,0.81,-1.43,-0.33,-0.54,1.0
3596,2236,0.0,14.0,0,1,-1.27,-0.54,0.13,0.13,-0.27,-1.54,0.1780821917808219
3454,2236,24.0,14.0,0,1,0.98,0.44,0.35,-0.68,0.12,1.1,0.1780821917808219
780,2236,3.0,3.0,1,0,-0.43,0.15,2.16,1.21,3.53,3.1,0.0273972602739726
68,2236,0.0,49.0,0,0,-0.48,0.53,-0.44,-0.64,-0.56,-1.04,0.6575342465753424
205,2236,62.0,30.0,0,1,1.3,-0.09,-1.49,-0.37,-1.95,-0.65,0.3972602739726027
208,2236,58.0,61.0,0,0,1.21,0.76,-1.82,-0.56,-1.61,-0.4,0.821917808219178
5532,2236,24.0,20.0,0,1,0.77,-0.71,0.6,0.44,0.33,1.1,0.2602739726027397
856,2236,0.0,67.0,0,0,-1.74,0.1,-0.95,-1.44,-2.29,-4.04,0.9041095890410958
1097,2236,0.0,41.0,0,0,-1.43,0.4,-0.13,0.12,0.39,-1.04,0.547945205479452
1352,2236,0.0,30.0,0,1,-1.28,-0.44,0.26,-0.07,-0.25,-1.54,0.3972602739726027
4645,2236,30.0,47.0,0,0,0.56,0.78,-0.19,-0.3,0.29,0.85,0.6301369863013698
1264,2236,30.0,30.0,0,1,-0.22,-0.03,0.76,0.34,1.07,0.85,0.3972602739726027
3448,2236,9.0,9.0,1,0,-0.01,0.27,0.45,1.65,2.36,2.35,0.1095890410958904
3950,2236,30.0,69.0,0,0,-0.36,0.22,0.96,0.03,1.21,0.85,0.9315068493150684
3452,2236,6.0,6.0,1,0,1.23,0.61,0.7,0.05,1.37,2.6,0.0684931506849315
2127,2236,0.0,8.0,1,0,0.18,-1.57,-1.9,0.25,-3.22,-3.04,0.0958904109589041
808,2236,30.0,69.0,0,0,0.0,0.55,0.27,0.03,0.85,0.85,0.9315068493150684
5408,2236,30.0,30.0,0,1,0.93,-0.02,0.28,-0.34,-0.08,0.85,0.3972602739726027
957,2236,0.0,20.0,0,1,0.03,-0.18,-2.05,-1.35,-3.57,-3.54,0.2602739726027397
5860,2236,13.0,4.0,1,0,0.45,0.13,0.6,0.67,1.4,1.85,0.0410958904109589
153,2236,11.0,14.0,0,1,0.94,1.19,0.11,-0.14,1.16,2.1,0.1780821917808219
5025,2236,58.0,1.0,1,0,0.16,-1.28,0.45,0.26,-0.56,-0.4,0.0
1067,2236,58.0,22.0,0,1,-0.44,-0.01,-0.82,0.87,0.04,-0.4,0.2876712328767123
3317,2236,0.0,41.0,0,0,-2.11,-0.53,0.63,0.97,1.07,-1.04,0.547945205479452
5467,2236,0.0,4.0,1,0,0.6,-0.75,-2.53,0.14,-3.14,-2.54,0.0410958904109589
4848,2236,16.0,41.0,0,0,-0.68,0.3,0.62,1.37,2.28,1.6,0.547945205479452
446,2236,69.0,41.0,0,0,0.24,0.38,-0.42,-1.6,-1.64,-1.4,0.547945205479452
4513,2236,0.0,4.0,1,0,-2.56,-0.31,-1.14,1.47,0.02,-2.54,0.0410958904109589
745,2236,62.0,47.0,0,0,0.22,-0.82,-0.27,0.22,-0.87,-0.65,0.6301369863013698
318,2236,20.0,61.0,0,0,0.66,-0.25,0.9,0.03,0.68,1.35,0.821917808219178
1734,2236,0.0,8.0,1,0,0.11,-0.46,-0.98,0.29,-1.15,-1.04,0.0958904109589041
1411,2236,0.0,49.0,0,0,-1.94,-0.8,-0.69,-3.12,-4.6,-6.54,0.6575342465753424
4781,2236,39.0,22.0,0,1,-0.16,0.07,0.47,0.22,0.76,0.6,0.2876712328767123
1367,2236,53.0,14.0,0,1,0.16,0.19,-0.97,0.47,-0.31,-0.15,0.1780821917808219
1042,2236,0.0,22.0,0,1,-3.33,1.09,0.63,0.07,1.79,-1.54,0.2876712328767123
72,2236,39.0,2.0,1,0,-1.2,-0.04,1.35,0.5,1.8,0.6,0.0136986301369863
186,2236,0.0,56.0,0,0,-1.51,-0.06,-1.26,-0.21,-1.53,-3.04,0.7534246575342466
707,2236,20.0,41.0,0,0,1.15,0.13,0.4,-0.33,0.2,1.35,0.547945205479452
5409,2236,72.0,61.0,0,0,0.98,-1.09,-1.11,-0.93,-3.13,-2.15,0.821917808219178
809,2236,0.0,22.0,0,1,-0.06,-2.01,-2.48,0.51,-3.98,-4.04,0.2876712328767123
4015,2236,6.0,6.0,1,0,1.1,0.31,1.1,0.09,1.5,2.6,0.0684931506849315
4643,2236,39.0,56.0,0,0,-0.24,-0.31,0.86,0.3,0.84,0.6,0.7534246575342466
2230,2236,16.0,56.0,0,0,0.75,-0.02,-0.37,1.24,0.85,1.6,0.7534246575342466
392,2236,66.0,12.0,0,1,-0.78,0.25,-0.34,-0.02,-0.12,-0.9,0.1506849315068493
3532,2236,0.0,14.0,0,1,-0.96,-1.05,-1.98,-1.55,-4.58,-5.54,0.1780821917808219
9040,2236,4.0,4.0,1,0,1.69,0.07,0.88,0.2,1.16,2.85,0.0410958904109589
16,2233,54.0,54.0,0,0,1.82,0.58,-2.26,-0.51,-2.19,-0.37,0.8688524590163934
512,2233,34.0,34.0,0,0,-0.35,1.02,-0.15,-0.89,-0.02,-0.37,0.5409836065573771
1748,2233,10.0,10.0,1,0,-0.58,-0.45,1.89,-0.37,1.07,0.49,0.14754098360655737
5951,2233,60.0,60.0,0,0,-0.13,-0.37,-0.71,-1.15,-2.23,-2.37,0.9672131147540983
3322,2233,10.0,10.0,1,0,0.66,-1.01,1.08,1.25,1.33,1.99,0.14754098360655737
9584,2233,34.0,34.0,0,0,0.21,-0.47,-1.91,0.37,-2.01,-1.79,0.5409836065573771
1651,2233,45.0,45.0,0,0,-0.75,-0.76,-0.03,-0.83,-1.62,-2.37,0.7213114754098361
1222,2233,1.0,1.0,1,0,1.53,0.78,0.02,0.81,1.61,3.13,0.0
3599,2233,21.0,21.0,0,1,0.12,-0.1,0.23,-0.27,-0.14,-0.01,0.32786885245901637
3454,2233,10.0,10.0,1,0,-0.17,0.44,2.78,0.58,3.8,3.63,0.14754098360655737
3777,2233,3.0,3.0,1,0,-1.18,0.21,2.83,0.35,3.39,2.21,0.03278688524590164
1646,2233,34.0,34.0,0,0,0.72,0.62,0.02,-0.15,0.48,1.21,0.5409836065573771
5704,2233,10.0,10.0,1,0,0.62,-0.16,-0.15,0.31,0.01,0.63,0.14754098360655737
1793,2233,41.0,41.0,0,0,-0.58,0.62,1.74,0.71,3.07,2.49,0.6557377049180327
1121,2233,57.0,57.0,0,0,-1.16,-0.36,0.05,0.45,0.15,-1.01,0.9180327868852459
1352,2233,45.0,45.0,0,0,1.14,0.65,0.09,-0.38,0.35,1.49,0.7213114754098361
9025,2233,10.0,10.0,1,0,1.31,-0.78,0.41,0.77,0.4,1.71,0.14754098360655737
3577,2233,41.0,41.0,0,0,-0.52,0.15,0.1,-0.1,0.15,-0.37,0.6557377049180327
928,2233,21.0,21.0,0,1,0.94,-0.05,0.09,0.72,0.76,1.71,0.32786885245901637
3448,2233,4.0,4.0,1,0,1.34,-0.25,1.16,0.88,1.79,3.13,0.04918032786885246
5574,2233,41.0,41.0,0,0,-2.16,0.44,0.58,0.84,1.86,-0.29,0.6557377049180327
3452,2233,45.0,45.0,0,0,0.61,-0.32,0.41,0.0,0.09,0.71,0.7213114754098361
3375,2233,57.0,57.0,0,0,0.61,-0.2,-0.45,0.53,-0.12,0.49,0.9180327868852459
74,2233,51.0,51.0,0,0,1.24,-0.59,-0.7,-0.75,-2.03,-0.79,0.819672131147541
100,2233,45.0,45.0,0,0,-0.77,0.31,-0.33,-0.58,-0.6,-1.37,0.7213114754098361
2127,2233,57.0,57.0,0,0,-1.09,-0.25,1.67,-0.35,1.08,-0.01,0.9180327868852459
957,2233,54.0,54.0,0,0,0.5,0.41,-1.22,0.51,-0.29,0.21,0.8688524590163934
5504,2233,34.0,34.0,0,0,0.15,0.34,-0.56,1.05,0.84,0.99,0.5409836065573771
1680,2233,4.0,4.0,1,0,0.18,0.45,0.36,-0.28,0.53,0.71,0.04918032786885246
153,2233,7.0,7.0,1,0,-1.46,0.45,2.63,0.02,3.1,1.63,0.09836065573770492
5025,2233,29.0,29.0,0,1,0.46,0.08,-0.23,-0.11,-0.25,0.21,0.45901639344262296
196,2233,45.0,45.0,0,0,-1.45,0.9,1.27,-0.01,2.16,0.71,0.7213114754098361
1067,2233,10.0,10.0,1,0,1.48,-0.01,4.18,0.05,4.22,5.71,0.14754098360655737
5467,2233,7.0,7.0,1,0,0.31,0.39,1.31,0.12,1.83,2.13,0.09836065573770492
446,2233,21.0,21.0,0,1,0.1,0.08,2.01,0.29,2.38,2.49,0.32786885245901637
3857,2233,18.0,18.0,0,1,1.78,0.43,-1.65,0.58,-0.65,1.13,0.2786885245901639
745,2233,54.0,54.0,0,0,1.14,-0.09,0.45,0.48,0.84,1.99,0.8688524590163934
1734,2233,21.0,21.0,0,1,1.4,0.21,0.55,-0.17,0.59,1.99,0.32786885245901637
8973,2233,29.0,29.0,0,1,-0.31,2.91,0.52,0.59,4.02,3.71,0.45901639344262296
1367,2233,7.0,7.0,1,0,0.46,0.15,-0.67,0.18,-0.33,0.13,0.09836065573770492
1042,2233,2.0,2.0,1,0,3.96,-0.18,-0.84,0.19,-0.83,3.13,0.01639344262295082
707,2233,4.0,4.0,1,0,1.52,1.7,0.07,-0.09,1.69,3.21,0.04918032786885246
5579,2233,29.0,29.0,0,1,1.09,-0.2,-0.11,0.93,0.62,1.71,0.45901639344262296
1750,2233,29.0,29.0,0,1,3.0,0.2,0.08,-0.15,0.13,3.13,0.45901639344262296
4591,2233,62.0,62.0,0,0,0.03,-0.48,-1.36,-0.7,-2.54,-2.51,1.0
4587,2233,21.0,21.0,0,1,-0.94,0.22,0.36,0.56,1.15,0.21,0.32786885245901637
1359,2233,29.0,29.0,0,1,1.6,1.57,-0.34,-0.2,1.03,2.63,0.45901639344262296
392,2233,34.0,34.0,0,0,-0.89,0.88,0.78,0.21,1.88,0.99,0.5409836065573771
1185,2233,10.0,10.0,1,0,-0.43,1.4,1.6,0.42,3.42,2.99,0.14754098360655737
7082,2233,21.0,21.0,0,1,-0.81,0.15,1.55,-0.41,1.29,0.49,0.32786885245901637
3532,2233,21.0,21.0,0,1,0.62,0.53,0.76,0.3,1.59,2.21,0.32786885245901637
1748,2234,27.0,27.0,0,1,0.43,0.45,0.39,-0.08,0.75,1.18,0.3561643835616438
5548,2234,32.0,32.0,0,0,1.92,0.47,-1.23,-0.37,-1.12,0.8,0.4246575342465753
3322,2234,5.0,5.0,1,0,1.62,1.07,0.46,0.37,1.9,3.51,0.0547945205479452
1712,2234,67.0,67.0,0,0,-0.5,0.31,-0.68,-0.67,-1.03,-1.53,0.9041095890410958
1758,2234,27.0,27.0,0,1,-0.22,-0.26,1.01,-0.02,0.73,0.51,0.3561643835616438
774,2234,19.0,19.0,0,1,-0.51,0.63,1.22,-0.2,1.65,1.13,0.2465753424657534
1225,2234,32.0,32.0,0,0,0.29,-0.54,0.11,0.93,0.51,0.8,0.4246575342465753
6798,2234,41.0,41.0,0,0,-1.34,-0.5,0.6,0.75,0.85,-0.49,0.547945205479452
1222,2234,19.0,19.0,0,1,0.23,0.47,1.64,-0.16,1.95,2.18,0.2465753424657534
3596,2234,45.0,45.0,0,0,0.89,-0.23,0.15,-0.64,-0.71,0.18,0.6027397260273972
3599,2234,53.0,53.0,0,0,-0.1,-0.1,0.36,-0.31,-0.05,-0.15,0.7123287671232876
68,2234,19.0,19.0,0,1,-0.39,0.41,0.74,0.42,1.57,1.18,0.2465753424657534
1646,2234,17.0,17.0,0,1,0.71,1.27,0.46,-1.31,0.42,1.13,0.2191780821917808
208,2234,5.0,5.0,1,0,1.25,0.53,1.54,0.85,2.92,4.18,0.0547945205479452
3449,2234,32.0,32.0,0,0,1.04,0.53,-1.4,0.02,-0.86,0.18,0.4246575342465753
1793,2234,17.0,17.0,0,1,2.12,0.01,0.09,-0.04,0.06,2.18,0.2191780821917808
5532,2234,11.0,11.0,0,1,2.4,0.42,-0.54,0.52,0.4,2.8,0.136986301369863
1121,2234,53.0,53.0,0,0,1.25,-0.38,-0.55,-0.14,-1.07,0.18,0.7123287671232876
856,2234,49.0,49.0,0,0,1.06,-1.1,-1.26,1.1,-1.26,-0.2,0.6575342465753424
4645,2234,69.0,69.0,0,0,-2.16,0.45,-1.42,0.32,-0.66,-2.82,0.9315068493150684
1264,2234,27.0,27.0,0,1,-0.71,0.93,0.97,0.32,2.22,1.51,0.3561643835616438
9025,2234,24.0,24.0,0,1,-0.38,-0.64,1.89,0.98,2.23,1.85,0.3150684931506849
3950,2234,32.0,32.0,0,0,1.22,-0.09,0.29,0.1,0.3,1.51,0.4246575342465753
540,2234,32.0,32.0,0,0,0.71,0.81,-0.88,-0.46,-0.53,0.18,0.4246575342465753
3550,2234,45.0,45.0,0,0,-1.13,-0.24,1.08,0.14,0.98,-0.15,0.6027397260273972
5408,2234,2.0,2.0,1,0,1.63,0.28,0.19,0.37,0.84,2.47,0.0136986301369863
619,2234,19.0,19.0,0,1,0.51,1.19,-0.48,-0.04,0.67,1.18,0.2465753424657534
3856,2234,53.0,53.0,0,0,0.66,0.03,-1.03,-0.48,-1.48,-0.82,0.7123287671232876
1680,2234,1.0,1.0,1,0,0.37,0.06,0.89,0.81,1.77,2.14,0.0
5025,2234,41.0,41.0,0,0,-0.07,0.74,-0.09,0.22,0.87,0.8,0.547945205479452
196,2234,11.0,11.0,0,1,0.21,0.41,1.52,0.04,1.97,2.18,0.136986301369863
3598,2234,32.0,32.0,0,0,-0.66,-0.21,1.24,0.48,1.51,0.85,0.4246575342465753
1067,2234,2.0,2.0,1,0,0.62,0.7,1.66,0.54,2.89,3.51,0.0136986301369863
5797,2234,45.0,45.0,0,0,-0.56,-0.82,0.22,0.3,-0.31,-0.87,0.6027397260273972
710,2234,49.0,49.0,0,0,-0.72,0.39,0.57,0.61,1.57,0.85,0.6575342465753424
1030,2234,11.0,11.0,0,1,1.1,0.38,0.42,0.57,1.37,2.47,0.136986301369863
446,2234,7.0,7.0,1,0,0.94,0.25,0.3,0.31,0.86,1.8,0.0821917808219178
4513,2234,41.0,41.0,0,0,0.43,0.43,-0.53,0.85,0.75,1.18,0.547945205479452
77,2234,53.0,53.0,0,0,1.07,-0.37,-0.22,-0.68,-1.27,-0.2,0.7123287671232876
1778,2234,67.0,67.0,0,0,-2.01,0.32,-0.44,-0.06,-0.19,-2.2,0.9041095890410958
676,2234,24.0,24.0,0,1,-1.16,1.43,0.16,0.7,2.29,1.13,0.3150684931506849
1411,2234,69.0,69.0,0,0,0.87,-0.76,-0.48,-0.46,-1.69,-0.82,0.9315068493150684
1637,2234,53.0,53.0,0,0,0.45,0.41,-0.81,0.13,-0.27,0.18,0.7123287671232876
9143,2234,61.0,61.0,0,0,0.0,-0.13,-0.07,-0.28,-0.48,-0.49,0.821917808219178
2571,2234,7.0,7.0,1,0,-0.39,-0.15,3.14,-0.13,2.86,2.47,0.0821917808219178
3351,2234,27.0,27.0,0,1,-1.19,0.16,0.86,0.3,1.32,0.14,0.3561643835616438
3688,2234,11.0,11.0,0,1,0.64,0.12,1.12,-0.7,0.54,1.18,0.136986301369863
1042,2234,7.0,7.0,1,0,-1.09,0.36,1.16,1.04,2.56,1.47,0.0821917808219178
707,2234,74.0,74.0,0,0,-2.56,-0.63,-1.17,-0.5,-2.31,-4.86,1.0
3702,2234,61.0,61.0,0,0,-0.59,0.56,-1.0,0.2,-0.23,-0.82,0.821917808219178
1254,2234,64.0,64.0,0,0,-0.66,-0.54,0.36,-0.03,-0.21,-0.86,0.863013698630137
167,2234,53.0,53.0,0,0,0.5,-0.44,-0.66,0.07,-1.03,-0.53,0.7123287671232876
6090,2234,64.0,64.0,0,0,0.09,-0.89,-0.73,0.0,-1.62,-1.53,0.863013698630137
4015,2234,32.0,32.0,0,0,0.28,0.19,0.43,-0.09,0.52,0.8,0.4246575342465753
4587,2234,7.0,7.0,1,0,0.04,0.1,0.92,1.07,2.09,2.13,0.0821917808219178
1359,2234,69.0,69.0,0,0,-1.56,-0.42,0.1,0.69,0.37,-1.2,0.9315068493150684
1037,2234,49.0,49.0,0,0,0.92,-0.54,-0.62,0.08,-1.07,-0.15,0.6575342465753424
3378,2234,2.0,2.0,1,0,1.28,1.17,0.61,0.78,2.56,3.85,0.0136986301369863
2230,2234,24.0,24.0,0,1,0.63,0.33,0.13,0.05,0.51,1.14,0.3150684931506849
7082,2234,49.0,49.0,0,0,0.74,0.8,-0.57,-0.79,-0.56,0.18,0.6575342465753424
9040,2234,11.0,11.0,0,1,3.44,-0.65,0.84,-0.82,-0.64,2.8,0.136986301369863
4708,2234,73.0,73.0,0,0,-0.35,0.02,-1.95,-1.91,-3.85,-4.2,0.9863013698630136
6062,2235,60.0,60.0,0,0,-0.26,-0.38,-0.21,0.65,0.06,-0.19,0.7108433734939759
1049,2235,6.0,6.0,1,0,1.95,0.72,-0.89,0.28,0.1,2.06,0.060240963855421686
1225,2235,13.0,13.0,0,1,1.59,0.57,-0.3,-0.05,0.22,1.81,0.14457831325301204
4638,2235,51.0,51.0,0,0,-0.9,-0.01,0.99,0.23,1.21,0.31,0.6024096385542169
3454,2235,44.0,44.0,0,0,-0.67,-0.45,1.7,-0.03,1.23,0.56,0.5180722891566265
713,2235,44.0,44.0,0,0,-0.48,-0.23,1.56,-0.3,1.04,0.56,0.5180722891566265
1646,2235,30.0,30.0,0,1,0.39,1.73,-0.07,-0.99,0.67,1.06,0.3493975903614458
208,2235,26.0,26.0,0,1,0.67,-0.11,0.71,0.04,0.64,1.31,0.30120481927710846
3449,2235,26.0,26.0,0,1,-1.19,0.47,1.49,0.54,2.5,1.31,0.30120481927710846
1793,2235,17.0,17.0,0,1,1.16,-0.07,0.73,-0.26,0.4,1.56,0.1927710843373494
769,2235,26.0,26.0,0,1,-0.25,0.0,0.48,1.08,1.55,1.31,0.30120481927710846
1264,2235,44.0,44.0,0,0,1.13,-0.1,0.01,-0.49,-0.58,0.56,0.5180722891566265
9025,2235,13.0,13.0,0,1,-1.08,0.56,1.64,0.69,2.89,1.81,0.14457831325301204
3577,2235,68.0,68.0,0,0,0.37,0.06,-1.16,-0.21,-1.31,-0.94,0.8072289156626506
928,2235,51.0,51.0,0,0,0.67,-0.31,-0.09,0.04,-0.36,0.31,0.6024096385542169
3452,2235,17.0,17.0,0,1,1.31,-0.73,0.7,0.27,0.25,1.56,0.1927710843373494
3375,2235,71.0,71.0,0,0,-1.3,-0.53,0.55,0.85,0.86,-0.44,0.8433734939759037
1483,2235,37.0,37.0,0,0,-0.26,-0.3,0.77,0.6,1.07,0.81,0.43373493975903615
808,2235,71.0,71.0,0,0,-0.28,-0.47,0.49,-0.19,-0.16,-0.44,0.8433734939759037
3550,2235,3.0,3.0,1,0,0.6,-0.02,0.97,0.75,1.71,2.31,0.024096385542168676
5408,2235,3.0,3.0,1,0,0.59,0.23,0.79,0.7,1.72,2.31,0.024096385542168676
5860,2235,78.0,78.0,0,0,-0.3,-0.13,-0.41,-0.27,-0.8,-1.1,0.927710843373494
1680,2235,17.0,17.0,0,1,0.74,0.74,-0.43,0.51,0.82,1.56,0.1927710843373494
5025,2235,26.0,26.0,0,1,0.17,-0.03,0.54,0.63,1.14,1.31,0.30120481927710846
196,2235,30.0,30.0,0,1,1.6,-0.44,-0.12,0.02,-0.54,1.06,0.3493975903614458
3598,2235,78.0,78.0,0,0,-0.77,-0.47,0.27,-0.14,-0.34,-1.1,0.927710843373494
5797,2235,78.0,78.0,0,0,-0.77,-0.36,0.41,-0.39,-0.34,-1.1,0.927710843373494
243,2235,6.0,6.0,1,0,1.15,-0.07,0.74,0.24,0.91,2.06,0.060240963855421686
3317,2235,17.0,17.0,0,1,2.21,-0.24,-0.65,0.23,-0.66,1.56,0.1927710843373494
5578,2235,78.0,78.0,0,0,-0.53,-0.43,0.81,-0.94,-0.57,-1.1,0.927710843373494
710,2235,83.0,83.0,0,0,-0.9,0.08,-0.41,-0.21,-0.54,-1.44,0.9879518072289156
4848,2235,6.0,6.0,1,0,1.17,0.28,0.32,0.28,0.88,2.06,0.060240963855421686
1030,2235,44.0,44.0,0,0,0.27,-0.25,0.41,0.13,0.29,0.56,0.5180722891566265
446,2235,1.0,1.0,1,0,2.57,-0.15,1.23,1.16,2.24,4.81,0.0
77,2235,44.0,44.0,0,0,-2.04,0.06,1.83,0.71,2.6,0.56,0.5180722891566265
2552,2235,84.0,84.0,0,0,-0.33,-0.1,-0.7,-0.64,-1.44,-1.77,1.0
318,2235,64.0,64.0,0,0,0.18,1.59,-0.2,-2.01,-0.62,-0.44,0.7590361445783133
1077,2235,51.0,51.0,0,0,-0.87,-0.55,0.42,1.3,1.17,0.31,0.6024096385542169
601,2235,51.0,51.0,0,0,0.76,-0.01,0.88,-1.32,-0.45,0.31,0.6024096385542169
676,2235,76.0,76.0,0,0,-2.31,1.27,0.13,0.14,1.54,-0.77,0.9036144578313253
1637,2235,78.0,78.0,0,0,-0.16,-0.27,-0.79,0.12,-0.94,-1.1,0.927710843373494
4781,2235,51.0,51.0,0,0,0.24,0.31,-0.18,-0.07,0.07,0.31,0.6024096385542169
8973,2235,6.0,6.0,1,0,1.36,0.42,0.51,-0.24,0.7,2.06,0.060240963855421686
9143,2235,60.0,60.0,0,0,-0.05,0.24,-0.34,-0.04,-0.14,-0.19,0.7108433734939759
1367,2235,70.0,70.0,0,0,-0.36,-0.09,-1.05,0.05,-1.08,-1.44,0.8313253012048193
257,2235,3.0,3.0,1,0,1.57,0.12,0.47,0.14,0.74,2.31,0.024096385542168676
3351,2235,37.0,37.0,0,0,0.1,0.48,0.1,0.13,0.71,0.81,0.43373493975903615
479,2235,71.0,71.0,0,0,0.68,0.23,-0.83,-0.52,-1.11,-0.44,0.8433734939759037
3792,2235,68.0,68.0,0,0,-0.01,-0.33,-0.01,-0.59,-0.93,-0.94,0.8072289156626506
72,2235,30.0,30.0,0,1,-0.42,0.15,0.82,0.51,1.48,1.06,0.3493975903614458
707,2235,17.0,17.0,0,1,0.57,0.24,0.67,0.07,0.98,1.56,0.1927710843373494
5409,2235,17.0,17.0,0,1,0.14,0.42,0.79,0.21,1.41,1.56,0.1927710843373494
4483,2235,13.0,13.0,0,1,0.91,0.63,0.85,-0.58,0.89,1.81,0.14457831325301204
962,2235,17.0,17.0,0,1,1.19,-0.06,0.13,0.3,0.37,1.56,0.1927710843373494
377,2235,6.0,6.0,1,0,0.58,0.9,0.44,0.14,1.48,2.06,0.060240963855421686
6090,2235,67.0,67.0,0,0,-0.1,-0.48,0.36,-0.47,-0.59,-0.69,0.7951807228915663
5619,2235,17.0,17.0,0,1,1.95,0.11,-0.36,-0.14,-0.39,1.56,0.1927710843373494
11,2235,17.0,17.0,0,1,1.82,-0.09,0.14,-0.31,-0.26,1.56,0.1927710843373494
4015,2235,51.0,51.0,0,0,0.09,0.15,-0.28,0.35,0.22,0.31,0.6024096385542169
1112,2235,37.0,37.0,0,0,0.38,-0.32,0.89,-0.15,0.42,0.81,0.43373493975903615
78,2235,37.0,37.0,0,0,0.22,0.44,0.48,-0.34,0.58,0.81,0.43373493975903615
5506,2235,30.0,30.0,0,1,-0.06,0.62,0.35,0.15,1.12,1.06,0.3493975903614458
1037,2235,2.0,2.0,1,0,1.39,-0.16,1.12,0.21,1.16,2.56,0.012048192771084338
4643,2235,6.0,6.0,1,0,0.05,0.81,0.38,0.81,2.01,2.06,0.060240963855421686
6086,2235,71.0,71.0,0,0,0.13,-0.61,-0.25,0.29,-0.57,-0.44,0.8433734939759037
3970,2235,30.0,30.0,0,1,1.63,0.04,-0.95,0.33,-0.58,1.06,0.3493975903614458
3532,2235,71.0,71.0,0,0,-1.15,0.05,0.16,0.51,0.71,-0.44,0.8433734939759037
1614,2235,13.0,13.0,0,1,-0.12,0.61,0.41,0.91,1.93,1.81,0.14457831325301204
9040,2235,6.0,6.0,1,0,0.52,0.55,0.67,0.31,1.54,2.06,0.060240963855421686
686,2235,64.0,64.0,0,0,-0.43,0.47,-0.49,0.02,-0.01,-0.44,0.7590361445783133
1748,2254,51.0,51.0,0,0,-0.16,0.13,0.18,-0.19,0.12,-0.04,0.6944444444444444
5548,2254,73.0,73.0,0,0,0.11,0.01,-1.81,0.4,-1.41,-1.29,1.0
5951,2254,69.0,69.0,0,0,-0.15,-0.29,-0.99,0.39,-0.89,-1.04,0.9444444444444444
3322,2254,35.0,35.0,0,0,0.1,-0.07,0.13,0.29,0.35,0.46,0.4722222222222222
5502,2254,43.0,43.0,0,0,0.94,0.26,-0.77,-0.23,-0.74,0.21,0.5833333333333334
6062,2254,9.0,9.0,1,0,1.09,0.68,-0.14,0.32,0.87,1.96,0.1111111111111111
4638,2254,29.0,29.0,0,1,-0.2,0.38,1.25,-0.71,0.91,0.71,0.3888888888888889
3596,2254,61.0,61.0,0,0,-1.03,0.48,-0.29,0.3,0.49,-0.54,0.8333333333333334
712,2254,25.0,25.0,0,1,0.04,-0.3,0.68,0.53,0.92,0.96,0.3333333333333333
713,2254,2.0,2.0,1,0,1.5,0.25,0.41,0.79,1.46,2.96,0.013888888888888888
1646,2254,29.0,29.0,0,1,0.76,0.48,0.03,-0.56,-0.05,0.71,0.3888888888888889
205,2254,35.0,35.0,0,0,-0.77,-0.6,0.62,1.2,1.23,0.46,0.4722222222222222
208,2254,14.0,14.0,0,1,0.49,0.69,-0.1,0.63,1.22,1.71,0.18055555555555555
856,2254,51.0,51.0,0,0,-0.68,0.34,1.02,-0.72,0.63,-0.04,0.6944444444444444
9025,2254,51.0,51.0,0,0,-0.04,-0.79,0.55,0.23,-0.01,-0.04,0.6944444444444444
3577,2254,51.0,51.0,0,0,0.0,0.64,-0.88,0.2,-0.04,-0.04,0.6944444444444444
928,2254,14.0,14.0,0,1,1.32,-0.22,1.06,-0.45,0.39,1.71,0.18055555555555555
3950,2254,51.0,51.0,0,0,-0.04,-0.08,0.75,-0.68,-0.01,-0.04,0.6944444444444444
3452,2254,29.0,29.0,0,1,-0.32,0.01,1.31,-0.29,1.03,0.71,0.3888888888888889
3375,2254,14.0,14.0,0,1,-0.27,0.35,1.77,-0.15,1.98,1.71,0.18055555555555555
74,2254,69.0,69.0,0,0,-0.06,0.73,-1.33,-0.38,-0.99,-1.04,0.9444444444444444
1173,2254,2.0,2.0,1,0,0.83,0.02,2.55,-0.44,2.13,2.96,0.013888888888888888
508,2254,25.0,25.0,0,1,0.69,1.03,-1.27,0.5,0.27,0.96,0.3333333333333333
97,2254,29.0,29.0,0,1,1.12,-0.53,-0.36,0.48,-0.41,0.71,0.3888888888888889
196,2254,43.0,43.0,0,0,0.5,0.18,-1.04,0.56,-0.3,0.21,0.5833333333333334
3598,2254,51.0,51.0,0,0,-1.05,-0.49,1.25,0.24,1.01,-0.04,0.6944444444444444
5797,2254,25.0,25.0,0,1,1.44,0.54,-0.52,-0.5,-0.48,0.96,0.3333333333333333
243,2254,22.0,22.0,0,1,0.28,0.58,0.47,-0.13,0.92,1.21,0.2916666666666667
3317,2254,20.0,20.0,0,1,0.98,0.29,-0.52,0.71,0.48,1.46,0.2638888888888889
5578,2254,73.0,73.0,0,0,-0.55,-0.09,-0.65,0.0,-0.74,-1.29,1.0
709,2254,4.0,4.0,1,0,1.52,-0.11,0.9,0.4,1.19,2.71,0.041666666666666664
1568,2254,35.0,35.0,0,0,0.31,0.18,-0.14,0.11,0.14,0.46,0.4722222222222222
4848,2254,4.0,4.0,1,0,0.39,0.9,0.92,0.5,2.32,2.71,0.041666666666666664
1734,2254,14.0,14.0,0,1,1.32,0.19,0.21,0.0,0.39,1.71,0.18055555555555555
676,2254,22.0,22.0,0,1,-0.8,0.06,1.2,0.75,2.01,1.21,0.2916666666666667
8973,2254,43.0,43.0,0,0,-0.13,-0.37,0.24,0.48,0.34,0.21,0.5833333333333334
9143,2254,51.0,51.0,0,0,-0.39,0.41,-0.2,0.13,0.34,-0.04,0.6944444444444444
3688,2254,66.0,66.0,0,0,-0.01,-0.11,-0.92,0.26,-0.78,-0.79,0.9027777777777778
479,2254,9.0,9.0,1,0,1.23,0.31,0.89,-0.47,0.73,1.96,0.1111111111111111
3792,2254,1.0,1.0,1,0,1.48,0.3,0.83,0.84,1.98,3.46,0.0
186,2254,73.0,73.0,0,0,-0.51,-0.51,-0.17,-0.1,-0.78,-1.29,1.0
1674,2254,4.0,4.0,1,0,0.77,1.2,0.15,0.58,1.94,2.71,0.041666666666666664
3740,2254,58.0,58.0,0,0,-1.87,0.85,0.5,0.22,1.57,-0.29,0.7916666666666666
4483,2254,35.0,35.0,0,0,-0.78,-0.12,1.04,0.32,1.24,0.46,0.4722222222222222
335,2254,66.0,66.0,0,0,0.63,-0.42,-1.01,0.01,-1.42,-0.79,0.9027777777777778
5619,2254,8.0,8.0,1,0,-0.04,0.21,1.27,0.77,2.25,2.21,0.09722222222222222
9564,2254,35.0,35.0,0,0,0.07,-0.51,0.26,0.65,0.39,0.46,0.4722222222222222
1359,2254,61.0,61.0,0,0,-0.84,0.62,0.15,-0.47,0.3,-0.54,0.8333333333333334
4643,2254,25.0,25.0,0,1,0.09,-0.56,0.62,0.81,0.87,0.96,0.3333333333333333
6086,2254,35.0,35.0,0,0,0.03,0.33,0.37,-0.27,0.43,0.46,0.4722222222222222
1185,2254,20.0,20.0,0,1,1.95,-0.23,0.96,-1.23,-0.5,1.46,0.2638888888888889
3532,2254,7.0,7.0,1,0,0.76,0.17,1.47,0.05,1.7,2.46,0.08333333333333333
